[2026-10-08 04:13:54 UTC] START rloo-1.5b-s0
[2026-10-08 04:13:54 UTC] environment: {
  "time": "2026-10-08 04:13:53 UTC",
  "hostname": "default",
  "python": "3.11.17",
  "command": "train_rl.py --method rloo --seed 0 --max_steps 600 --lr 5e-5",
  "sagemaker_training_job": "",
  "sagemaker_training_job_arn": "",
  "sagemaker_instance_type": "",
  "aws_region": "ap-southeast-2",
  "ec2": {},
  "sagemaker_notebook": {
    "AppType": "JupyterLab",
    "DomainId": "d-jgoytzkgqlbl",
    "SpaceName": "RL-56-PJT",
    "UserProfileName": "Aditya-Verma-2-student-uts-edu-au-9d9",
    "ExecutionRoleArn": "arn:aws:iam::443142193439:role/43008-RL-Spr26-sagemaker-execution-role",
    "ResourceArn": "arn:aws:sagemaker:ap-southeast-2:443142193439:app/d-jgoytzkgqlbl/RL-56-PJT/JupyterLab/default",
    "ResourceName": "default",
    "AppImageVersion": "",
    "ResourceArnCaseSensitive": "arn:aws:sagemaker:ap-southeast-2:443142193439:app/d-jgoytzkgqlbl/RL-56-PJT/JupyterLab/default",
    "IpAddressType": "ipv4"
  },
  "torch": "2.8.0+cu128",
  "gpu": "Tesla T4"
}
[2026-10-08 04:13:54 UTC] nvidia-smi:
Thu Oct  8 04:13:53 2026       
+-----------------------------------------------------------------------------------------+
| NVIDIA-SMI 595.91.07              Driver Version: 595.91.07      CUDA Version: 13.2     |
+-----------------------------------------+------------------------+----------------------+
| GPU  Name                 Persistence-M | Bus-Id          Disp.A | Volatile Uncorr. ECC |
| Fan  Temp   Perf          Pwr:Usage/Cap |           Memory-Usage | GPU-Util  Compute M. |
|                                         |                        |               MIG M. |
|=========================================+========================+======================|
|   0  Tesla T4                       On  |   00000000:00:1E.0 Off |                    0 |
| N/A   35C    P0             34W /   70W |       3MiB /  15360MiB |      0%      Default |
|                                         |                        |                  N/A |
+-----------------------------------------+------------------------+----------------------+

+-----------------------------------------------------------------------------------------+
| Processes:                                                                              |
|  GPU   GI   CI              PID   Type   Process name                        GPU Memory |
|        ID   ID                                                               Usage      |
|=========================================================================================|
|  No running processes found                                                             |
+-----------------------------------------------------------------------------------------+

[2026-10-08 04:13:54 UTC] settings: {"model": "Qwen/Qwen2.5-Coder-1.5B-Instruct", "lora_rank": 16, "lr": 5e-05, "seed": 0, "max_steps": 600, "save_steps": 100, "load_4bit": 0, "output_dir": null, "wandb_project": "text2sql-rl", "notify_every": 50, "method": "rloo", "beta": 0.04, "num_generations": 4, "temperature": 0.8, "prompts_per_step": 4, "only_mixed": 1, "use_vllm": 0, "init_adapter": null}
[2026-10-08 04:14:06 UTC] training started at step 0, max_steps=600
[2026-10-08 04:14:46 UTC] step 1/600 | 39.7 s/step | loss=0, reward=0.55, rewards/execution_reward/mean=0.55, rewards/valid_sql_reward/mean=0.875, kl=0, entropy=0.1559, frac_reward_zero_std=0.5, completions/mean_length=36.94, grad_norm=7.299, learning_rate=0
[2026-10-08 04:15:38 UTC] step 2/600 | 46.0 s/step | loss=0, reward=0.2, rewards/execution_reward/mean=0.2, rewards/valid_sql_reward/mean=0.5, kl=0, entropy=0.1712, frac_reward_zero_std=0, completions/mean_length=44.81, grad_norm=10.57, learning_rate=2.778e-06
[2026-10-08 04:16:34 UTC] step 3/600 | 49.2 s/step | loss=-0.0028, reward=0.6627, rewards/execution_reward/mean=0.6625, rewards/valid_sql_reward/mean=0.75, kl=-0.0001553, entropy=0.2025, frac_reward_zero_std=0, completions/mean_length=32.5, grad_norm=11.59, learning_rate=5.556e-06
[2026-10-08 04:17:14 UTC] step 4/600 | 47.1 s/step | loss=-0.0004, reward=0.5939, rewards/execution_reward/mean=0.5938, rewards/valid_sql_reward/mean=0.6875, kl=-9.053e-05, entropy=0.1318, frac_reward_zero_std=0, completions/mean_length=34.62, grad_norm=10.1, learning_rate=8.333e-06
[2026-10-08 04:17:56 UTC] step 5/600 | 46.0 s/step | loss=-0.0037, reward=0.8067, rewards/execution_reward/mean=0.8062, rewards/valid_sql_reward/mean=0.9375, kl=-0.0002974, entropy=0.1795, frac_reward_zero_std=0, completions/mean_length=36.5, grad_norm=10.78, learning_rate=1.111e-05
[2026-10-08 04:18:56 UTC] step 6/600 | 48.4 s/step | loss=0.0027, reward=0.4048, rewards/execution_reward/mean=0.4062, rewards/valid_sql_reward/mean=0.6875, kl=0.0006936, entropy=0.1387, frac_reward_zero_std=0, completions/mean_length=53.25, grad_norm=17.73, learning_rate=1.389e-05
[2026-10-08 04:19:32 UTC] step 7/600 | 46.6 s/step | loss=0.0003, reward=0.936, rewards/execution_reward/mean=0.9375, rewards/valid_sql_reward/mean=1, kl=0.001325, entropy=0.1388, frac_reward_zero_std=0, completions/mean_length=28.44, grad_norm=5.541, learning_rate=1.667e-05
[2026-10-08 04:20:10 UTC] step 8/600 | 45.5 s/step | loss=0.0016, reward=0.476, rewards/execution_reward/mean=0.475, rewards/valid_sql_reward/mean=0.75, kl=-0.0004809, entropy=0.1461, frac_reward_zero_std=0, completions/mean_length=53.31, grad_norm=10.15, learning_rate=1.944e-05
[2026-10-08 04:20:42 UTC] step 9/600 | 44.0 s/step | loss=0.0021, reward=0.1212, rewards/execution_reward/mean=0.125, rewards/valid_sql_reward/mean=0.375, kl=0.002183, entropy=0.1617, frac_reward_zero_std=0, completions/mean_length=43.12, grad_norm=21.25, learning_rate=2.222e-05
[2026-10-08 04:21:32 UTC] step 10/600 | 44.6 s/step | loss=-0.0009, reward=0.3784, rewards/execution_reward/mean=0.3875, rewards/valid_sql_reward/mean=0.5, kl=0.004668, entropy=0.1308, frac_reward_zero_std=0, completions/mean_length=48.81, grad_norm=15.42, learning_rate=2.5e-05
[2026-10-08 04:22:24 UTC] step 11/600 | 45.3 s/step | loss=0.0038, reward=0.4674, rewards/execution_reward/mean=0.4875, rewards/valid_sql_reward/mean=0.875, kl=0.01613, entropy=0.1219, frac_reward_zero_std=0, completions/mean_length=31.19, grad_norm=12.76, learning_rate=2.778e-05
[2026-10-08 04:23:18 UTC] step 12/600 | 46.0 s/step | loss=0.0025, reward=0.6736, rewards/execution_reward/mean=0.7312, rewards/valid_sql_reward/mean=0.8125, kl=0.03763, entropy=0.1997, frac_reward_zero_std=0, completions/mean_length=38.31, grad_norm=11.79, learning_rate=3.056e-05
[2026-10-08 04:24:18 UTC] step 13/600 | 47.1 s/step | loss=-0.0043, reward=0.4193, rewards/execution_reward/mean=0.475, rewards/valid_sql_reward/mean=0.75, kl=0.02826, entropy=0.1518, frac_reward_zero_std=0, completions/mean_length=49.25, grad_norm=13.13, learning_rate=3.333e-05
[2026-10-08 04:24:52 UTC] step 14/600 | 46.2 s/step | loss=0.0061, reward=0.4787, rewards/execution_reward/mean=0.5875, rewards/valid_sql_reward/mean=0.625, kl=0.06342, entropy=0.1957, frac_reward_zero_std=0, completions/mean_length=42.88, grad_norm=14.9, learning_rate=3.611e-05
[2026-10-08 04:25:16 UTC] step 15/600 | 44.6 s/step | loss=-0.001, reward=0.5941, rewards/execution_reward/mean=0.6687, rewards/valid_sql_reward/mean=0.8125, kl=0.04329, entropy=0.1534, frac_reward_zero_std=0, completions/mean_length=43.12, grad_norm=15.01, learning_rate=3.889e-05
[2026-10-08 04:25:52 UTC] step 16/600 | 44.1 s/step | loss=-0.0014, reward=0.6127, rewards/execution_reward/mean=0.6562, rewards/valid_sql_reward/mean=0.6875, kl=0.02738, entropy=0.1869, frac_reward_zero_std=0, completions/mean_length=39.75, grad_norm=14.57, learning_rate=4.167e-05
[2026-10-08 04:26:48 UTC] step 17/600 | 44.8 s/step | loss=0.0005, reward=0.2725, rewards/execution_reward/mean=0.3375, rewards/valid_sql_reward/mean=0.625, kl=0.04061, entropy=0.1734, frac_reward_zero_std=0, completions/mean_length=40, grad_norm=5.093, learning_rate=4.444e-05
[2026-10-08 04:27:42 UTC] step 18/600 | 45.3 s/step | loss=0.0015, reward=0.2104, rewards/execution_reward/mean=0.275, rewards/valid_sql_reward/mean=0.625, kl=0.02817, entropy=0.1275, frac_reward_zero_std=0, completions/mean_length=57.31, grad_norm=12.02, learning_rate=4.722e-05
[2026-10-08 04:28:30 UTC] step 19/600 | 45.5 s/step | loss=0.0024, reward=0.4878, rewards/execution_reward/mean=0.5312, rewards/valid_sql_reward/mean=0.6875, kl=0.02538, entropy=0.1755, frac_reward_zero_std=0, completions/mean_length=42.75, grad_norm=8.655, learning_rate=5e-05
[2026-10-08 04:28:52 UTC] step 20/600 | 44.3 s/step | loss=-0.0061, reward=0.6818, rewards/execution_reward/mean=0.7437, rewards/valid_sql_reward/mean=0.9375, kl=0.04717, entropy=0.1796, frac_reward_zero_std=0, completions/mean_length=32.81, grad_norm=nan, learning_rate=4.991e-05
[2026-10-08 04:29:41 UTC] step 21/600 | 44.5 s/step | loss=-0.0004, reward=0.5508, rewards/execution_reward/mean=0.6, rewards/valid_sql_reward/mean=0.75, kl=0.03645, entropy=0.175, frac_reward_zero_std=0, completions/mean_length=33.75, grad_norm=7.362, learning_rate=4.983e-05
[2026-10-08 04:30:35 UTC] step 22/600 | 44.9 s/step | loss=-0.0017, reward=0.6038, rewards/execution_reward/mean=0.6812, rewards/valid_sql_reward/mean=0.9375, kl=0.04215, entropy=0.1446, frac_reward_zero_std=0, completions/mean_length=45.94, grad_norm=8.665, learning_rate=4.974e-05
[2026-10-08 04:31:27 UTC] step 23/600 | 45.3 s/step | loss=-0.0023, reward=0.276, rewards/execution_reward/mean=0.3562, rewards/valid_sql_reward/mean=0.8125, kl=0.04678, entropy=0.1425, frac_reward_zero_std=0, completions/mean_length=42.88, grad_norm=5.287, learning_rate=4.966e-05
[2026-10-08 04:32:15 UTC] step 24/600 | 45.4 s/step | loss=-0.0006, reward=0.7822, rewards/execution_reward/mean=0.8625, rewards/valid_sql_reward/mean=0.875, kl=0.06986, entropy=0.1287, frac_reward_zero_std=0, completions/mean_length=28.75, grad_norm=7.186, learning_rate=4.957e-05
[2026-10-08 04:33:12 UTC] step 25/600 | 45.9 s/step | loss=0, reward=0.5938, rewards/execution_reward/mean=0.6562, rewards/valid_sql_reward/mean=0.6875, kl=0.0491, entropy=0.1739, frac_reward_zero_std=0, completions/mean_length=31.81, grad_norm=12.39, learning_rate=4.948e-05
[2026-10-08 04:34:00 UTC] step 26/600 | 45.9 s/step | loss=0.0106, reward=0.4926, rewards/execution_reward/mean=0.5375, rewards/valid_sql_reward/mean=0.75, kl=0.02955, entropy=0.223, frac_reward_zero_std=0, completions/mean_length=38, grad_norm=19.67, learning_rate=4.94e-05
[2026-10-08 04:34:25 UTC] step 27/600 | 45.2 s/step | loss=0.0052, reward=0.2672, rewards/execution_reward/mean=0.3375, rewards/valid_sql_reward/mean=0.625, kl=0.03957, entropy=0.158, frac_reward_zero_std=0, completions/mean_length=44.44, grad_norm=13.97, learning_rate=4.931e-05
[2026-10-08 04:35:11 UTC] step 28/600 | 45.2 s/step | loss=0.0004, reward=0.51, rewards/execution_reward/mean=0.6125, rewards/valid_sql_reward/mean=0.875, kl=0.0865, entropy=0.208, frac_reward_zero_std=0, completions/mean_length=29.62, grad_norm=10.31, learning_rate=4.923e-05
[2026-10-08 04:35:36 UTC] step 29/600 | 44.5 s/step | loss=-0.0008, reward=0.4678, rewards/execution_reward/mean=0.5375, rewards/valid_sql_reward/mean=0.75, kl=0.04523, entropy=0.1683, frac_reward_zero_std=0, completions/mean_length=38.5, grad_norm=13.45, learning_rate=4.914e-05
[2026-10-08 04:35:59 UTC] step 30/600 | 43.8 s/step | loss=0.001, reward=0.5289, rewards/execution_reward/mean=0.6, rewards/valid_sql_reward/mean=0.75, kl=0.05044, entropy=0.1869, frac_reward_zero_std=0, completions/mean_length=35.25, grad_norm=18.57, learning_rate=4.905e-05
[2026-10-08 04:36:24 UTC] step 31/600 | 43.2 s/step | loss=0.0027, reward=0.2512, rewards/execution_reward/mean=0.3375, rewards/valid_sql_reward/mean=0.625, kl=0.07091, entropy=0.2116, frac_reward_zero_std=0, completions/mean_length=30.44, grad_norm=12.85, learning_rate=4.897e-05
[2026-10-08 04:37:12 UTC] step 32/600 | 43.3 s/step | loss=0.0019, reward=0.5342, rewards/execution_reward/mean=0.6187, rewards/valid_sql_reward/mean=0.9375, kl=0.05445, entropy=0.1567, frac_reward_zero_std=0, completions/mean_length=38.81, grad_norm=17.25, learning_rate=4.888e-05
[2026-10-08 04:38:00 UTC] step 33/600 | 43.4 s/step | loss=0.0007, reward=0.8223, rewards/execution_reward/mean=0.8625, rewards/valid_sql_reward/mean=0.875, kl=0.04195, entropy=0.1124, frac_reward_zero_std=0, completions/mean_length=23.94, grad_norm=7.285, learning_rate=4.88e-05
[2026-10-08 04:38:26 UTC] step 34/600 | 42.9 s/step | loss=0.0035, reward=0.7845, rewards/execution_reward/mean=0.9312, rewards/valid_sql_reward/mean=0.9375, kl=0.09317, entropy=0.1524, frac_reward_zero_std=0, completions/mean_length=39.38, grad_norm=8.285, learning_rate=4.871e-05
[2026-10-08 04:39:10 UTC] step 35/600 | 43.0 s/step | loss=-0.0077, reward=0.6258, rewards/execution_reward/mean=0.725, rewards/valid_sql_reward/mean=0.75, kl=0.0496, entropy=0.1484, frac_reward_zero_std=0, completions/mean_length=50, grad_norm=13.89, learning_rate=4.863e-05
[2026-10-08 04:39:51 UTC] step 36/600 | 42.9 s/step | loss=0.0015, reward=0.6279, rewards/execution_reward/mean=0.7375, rewards/valid_sql_reward/mean=0.875, kl=0.08702, entropy=0.1121, frac_reward_zero_std=0, completions/mean_length=31.5, grad_norm=11.3, learning_rate=4.854e-05
[2026-10-08 04:40:13 UTC] step 37/600 | 42.3 s/step | loss=-0.0042, reward=0.5305, rewards/execution_reward/mean=0.6187, rewards/valid_sql_reward/mean=0.9375, kl=0.06852, entropy=0.1517, frac_reward_zero_std=0, completions/mean_length=32.19, grad_norm=9.499, learning_rate=4.845e-05
[2026-10-08 04:41:10 UTC] step 38/600 | 42.7 s/step | loss=-0.0008, reward=0.7269, rewards/execution_reward/mean=0.8062, rewards/valid_sql_reward/mean=0.9375, kl=0.05101, entropy=0.1022, frac_reward_zero_std=0, completions/mean_length=38.88, grad_norm=6.427, learning_rate=4.837e-05
[2026-10-08 04:42:07 UTC] step 39/600 | 43.1 s/step | loss=-0.0008, reward=0.6671, rewards/execution_reward/mean=0.725, rewards/valid_sql_reward/mean=0.75, kl=0.04267, entropy=0.16, frac_reward_zero_std=0, completions/mean_length=33.94, grad_norm=0.9863, learning_rate=4.828e-05
[2026-10-08 04:42:48 UTC] step 40/600 | 43.1 s/step | loss=0.0005, reward=0.605, rewards/execution_reward/mean=0.6688, rewards/valid_sql_reward/mean=0.8125, kl=0.04644, entropy=0.1247, frac_reward_zero_std=0, completions/mean_length=34.31, grad_norm=14.45, learning_rate=4.82e-05
[2026-10-08 04:43:40 UTC] step 41/600 | 43.3 s/step | loss=-0.002, reward=0.8746, rewards/execution_reward/mean=0.9375, rewards/valid_sql_reward/mean=1, kl=0.04748, entropy=0.1134, frac_reward_zero_std=0, completions/mean_length=33.12, grad_norm=8.813, learning_rate=4.811e-05
[2026-10-08 04:44:33 UTC] step 42/600 | 43.5 s/step | loss=0.0009, reward=0.558, rewards/execution_reward/mean=0.675, rewards/valid_sql_reward/mean=0.875, kl=0.0868, entropy=0.1063, frac_reward_zero_std=0, completions/mean_length=33.69, grad_norm=4.355, learning_rate=4.802e-05
[2026-10-08 04:45:25 UTC] step 43/600 | 43.7 s/step | loss=-0.0012, reward=0.5954, rewards/execution_reward/mean=0.6687, rewards/valid_sql_reward/mean=0.8125, kl=0.04078, entropy=0.1293, frac_reward_zero_std=0, completions/mean_length=45, grad_norm=7.281, learning_rate=4.794e-05
[2026-10-08 04:45:50 UTC] step 44/600 | 43.3 s/step | loss=-0.003, reward=0.4785, rewards/execution_reward/mean=0.55, rewards/valid_sql_reward/mean=0.875, kl=0.05488, entropy=0.1136, frac_reward_zero_std=0, completions/mean_length=32.56, grad_norm=8.059, learning_rate=4.785e-05
[2026-10-08 04:46:37 UTC] step 45/600 | 43.4 s/step | loss=0.0064, reward=0.3812, rewards/execution_reward/mean=0.4812, rewards/valid_sql_reward/mean=0.8125, kl=0.07594, entropy=0.146, frac_reward_zero_std=0, completions/mean_length=32.94, grad_norm=12.39, learning_rate=4.777e-05
[2026-10-08 04:47:03 UTC] step 46/600 | 43.0 s/step | loss=-0.0007, reward=0.6489, rewards/execution_reward/mean=0.7312, rewards/valid_sql_reward/mean=0.8125, kl=0.06865, entropy=0.1044, frac_reward_zero_std=0, completions/mean_length=30, grad_norm=8.3, learning_rate=4.768e-05
[2026-10-08 04:47:26 UTC] step 47/600 | 42.6 s/step | loss=-0.0067, reward=0.729, rewards/execution_reward/mean=0.8625, rewards/valid_sql_reward/mean=0.875, kl=0.1002, entropy=0.1321, frac_reward_zero_std=0, completions/mean_length=33.31, grad_norm=15.5, learning_rate=4.759e-05
[2026-10-08 04:48:13 UTC] step 48/600 | 42.6 s/step | loss=0.003, reward=0.811, rewards/execution_reward/mean=0.875, rewards/valid_sql_reward/mean=1, kl=0.04118, entropy=0.07528, frac_reward_zero_std=0, completions/mean_length=38.88, grad_norm=6.947, learning_rate=4.751e-05
[2026-10-08 04:48:44 UTC] step 49/600 | 42.4 s/step | loss=-0.0051, reward=0.8715, rewards/execution_reward/mean=0.9312, rewards/valid_sql_reward/mean=0.9375, kl=0.05461, entropy=0.1024, frac_reward_zero_std=0, completions/mean_length=27.38, grad_norm=5.633, learning_rate=4.742e-05
[2026-10-08 04:49:37 UTC] step 50/600 | 42.6 s/step | loss=-0.0012, reward=0.5858, rewards/execution_reward/mean=0.6562, rewards/valid_sql_reward/mean=0.6875, kl=0.07641, entropy=0.1533, frac_reward_zero_std=0, completions/mean_length=23.06, grad_norm=4.973, learning_rate=4.734e-05
[2026-10-08 04:50:09 UTC] step 51/600 | 42.4 s/step | loss=-0.0004, reward=0.7628, rewards/execution_reward/mean=0.8125, rewards/valid_sql_reward/mean=1, kl=0.04635, entropy=0.1121, frac_reward_zero_std=0, completions/mean_length=26.81, grad_norm=3.52, learning_rate=4.725e-05
[2026-10-08 04:51:00 UTC] step 52/600 | 42.6 s/step | loss=0.0016, reward=0.5666, rewards/execution_reward/mean=0.6688, rewards/valid_sql_reward/mean=0.8125, kl=0.134, entropy=0.1587, frac_reward_zero_std=0, completions/mean_length=19.06, grad_norm=6.152, learning_rate=4.716e-05
[2026-10-08 04:51:55 UTC] step 53/600 | 42.8 s/step | loss=0.003, reward=0.6985, rewards/execution_reward/mean=0.75, rewards/valid_sql_reward/mean=1, kl=0.04429, entropy=0.1154, frac_reward_zero_std=0, completions/mean_length=29.06, grad_norm=5.877, learning_rate=4.708e-05
[2026-10-08 04:52:43 UTC] step 54/600 | 42.9 s/step | loss=-0.0001, reward=0.6353, rewards/execution_reward/mean=0.75, rewards/valid_sql_reward/mean=1, kl=0.08556, entropy=0.09234, frac_reward_zero_std=0, completions/mean_length=33.5, grad_norm=0.5997, learning_rate=4.699e-05
[2026-10-08 04:53:34 UTC] step 55/600 | 43.1 s/step | loss=-0.0022, reward=0.2373, rewards/execution_reward/mean=0.325, rewards/valid_sql_reward/mean=0.5, kl=0.04347, entropy=0.1363, frac_reward_zero_std=0, completions/mean_length=50.44, grad_norm=11.44, learning_rate=4.691e-05
[2026-10-08 04:54:18 UTC] step 56/600 | 43.1 s/step | loss=0.0001, reward=0.4897, rewards/execution_reward/mean=0.55, rewards/valid_sql_reward/mean=0.875, kl=0.03315, entropy=0.1244, frac_reward_zero_std=0, completions/mean_length=45.5, grad_norm=10.58, learning_rate=4.682e-05
[2026-10-08 04:55:03 UTC] step 57/600 | 43.1 s/step | loss=0.0022, reward=0.5262, rewards/execution_reward/mean=0.6125, rewards/valid_sql_reward/mean=0.875, kl=0.07685, entropy=0.1073, frac_reward_zero_std=0, completions/mean_length=28.06, grad_norm=9.056, learning_rate=4.674e-05
[2026-10-08 04:55:38 UTC] step 58/600 | 43.0 s/step | loss=-0.0006, reward=0.6723, rewards/execution_reward/mean=0.7937, rewards/valid_sql_reward/mean=0.8125, kl=0.123, entropy=0.1318, frac_reward_zero_std=0, completions/mean_length=24.69, grad_norm=5.873, learning_rate=4.665e-05
[2026-10-08 04:56:16 UTC] step 59/600 | 42.9 s/step | loss=0.0022, reward=0.3726, rewards/execution_reward/mean=0.475, rewards/valid_sql_reward/mean=0.75, kl=0.06299, entropy=0.1019, frac_reward_zero_std=0, completions/mean_length=40.62, grad_norm=8.648, learning_rate=4.656e-05
[2026-10-08 04:56:57 UTC] step 60/600 | 42.8 s/step | loss=-0.0012, reward=0.2099, rewards/execution_reward/mean=0.2687, rewards/valid_sql_reward/mean=0.5625, kl=0.07094, entropy=0.1285, frac_reward_zero_std=0, completions/mean_length=20.75, grad_norm=6.185, learning_rate=4.648e-05
[2026-10-08 04:57:14 UTC] step 61/600 | 42.4 s/step | loss=-0.0019, reward=0.6043, rewards/execution_reward/mean=0.7313, rewards/valid_sql_reward/mean=0.8125, kl=0.1116, entropy=0.1474, frac_reward_zero_std=0, completions/mean_length=28.44, grad_norm=9.116, learning_rate=4.639e-05
[2026-10-08 04:58:03 UTC] step 62/600 | 42.5 s/step | loss=0.0042, reward=0.758, rewards/execution_reward/mean=0.875, rewards/valid_sql_reward/mean=1, kl=0.0907, entropy=0.1381, frac_reward_zero_std=0, completions/mean_length=32.25, grad_norm=7.567, learning_rate=4.631e-05
[2026-10-08 04:58:52 UTC] step 63/600 | 42.6 s/step | loss=0.003, reward=0.806, rewards/execution_reward/mean=0.8625, rewards/valid_sql_reward/mean=0.875, kl=0.03446, entropy=0.08045, frac_reward_zero_std=0, completions/mean_length=41, grad_norm=5.669, learning_rate=4.622e-05
[2026-10-08 04:59:51 UTC] step 64/600 | 42.9 s/step | loss=0.0063, reward=0.4443, rewards/execution_reward/mean=0.525, rewards/valid_sql_reward/mean=0.625, kl=0.05447, entropy=0.1848, frac_reward_zero_std=0, completions/mean_length=37.06, grad_norm=14.34, learning_rate=4.613e-05
[2026-10-08 05:00:43 UTC] step 65/600 | 43.0 s/step | loss=-0.0016, reward=0.5541, rewards/execution_reward/mean=0.675, rewards/valid_sql_reward/mean=0.875, kl=0.08131, entropy=0.1376, frac_reward_zero_std=0, completions/mean_length=37.19, grad_norm=6.258, learning_rate=4.605e-05
[2026-10-08 05:01:15 UTC] step 66/600 | 42.9 s/step | loss=-0.0017, reward=0.5083, rewards/execution_reward/mean=0.5562, rewards/valid_sql_reward/mean=0.9375, kl=0.03704, entropy=0.1255, frac_reward_zero_std=0, completions/mean_length=32.38, grad_norm=13.55, learning_rate=4.596e-05
[2026-10-08 05:02:02 UTC] step 67/600 | 42.9 s/step | loss=-0.0023, reward=0.868, rewards/execution_reward/mean=0.9375, rewards/valid_sql_reward/mean=1, kl=0.07055, entropy=0.1014, frac_reward_zero_std=0, completions/mean_length=24.62, grad_norm=3.607, learning_rate=4.588e-05
[2026-10-08 05:02:27 UTC] step 68/600 | 42.7 s/step | loss=-0.0019, reward=0.5004, rewards/execution_reward/mean=0.5562, rewards/valid_sql_reward/mean=0.9375, kl=0.03694, entropy=0.1053, frac_reward_zero_std=0, completions/mean_length=37.81, grad_norm=5.612, learning_rate=4.579e-05
[2026-10-08 05:02:53 UTC] step 69/600 | 42.4 s/step | loss=-0.0002, reward=0.4118, rewards/execution_reward/mean=0.5437, rewards/valid_sql_reward/mean=0.8125, kl=0.09922, entropy=0.1698, frac_reward_zero_std=0, completions/mean_length=33.25, grad_norm=15.14, learning_rate=4.57e-05
[2026-10-08 05:03:33 UTC] step 70/600 | 42.4 s/step | loss=0.0065, reward=0.6872, rewards/execution_reward/mean=0.725, rewards/valid_sql_reward/mean=0.75, kl=0.02567, entropy=0.1483, frac_reward_zero_std=0, completions/mean_length=36.81, grad_norm=14.7, learning_rate=4.562e-05
[2026-10-08 05:04:16 UTC] step 71/600 | 42.4 s/step | loss=-0.0003, reward=0.2723, rewards/execution_reward/mean=0.4, rewards/valid_sql_reward/mean=0.625, kl=0.07294, entropy=0.1761, frac_reward_zero_std=0, completions/mean_length=43.75, grad_norm=14.93, learning_rate=4.553e-05
[2026-10-08 05:04:56 UTC] step 72/600 | 42.4 s/step | loss=-0.0014, reward=0.7632, rewards/execution_reward/mean=0.8687, rewards/valid_sql_reward/mean=0.9375, kl=0.07583, entropy=0.1201, frac_reward_zero_std=0, completions/mean_length=34.81, grad_norm=8.296, learning_rate=4.545e-05
[2026-10-08 05:05:16 UTC] step 73/600 | 42.1 s/step | loss=-0.0047, reward=0.5038, rewards/execution_reward/mean=0.6125, rewards/valid_sql_reward/mean=0.875, kl=0.08126, entropy=0.09388, frac_reward_zero_std=0, completions/mean_length=33.44, grad_norm=10.03, learning_rate=4.536e-05
[2026-10-08 05:05:39 UTC] step 74/600 | 41.8 s/step | loss=0.0005, reward=0.4452, rewards/execution_reward/mean=0.5562, rewards/valid_sql_reward/mean=0.9375, kl=0.08902, entropy=0.1662, frac_reward_zero_std=0, completions/mean_length=31.19, grad_norm=14.37, learning_rate=4.527e-05
[2026-10-08 05:06:03 UTC] step 75/600 | 41.6 s/step | loss=-0.0008, reward=0.8873, rewards/execution_reward/mean=1, rewards/valid_sql_reward/mean=1, kl=0.1092, entropy=0.1123, frac_reward_zero_std=0, completions/mean_length=25.81, grad_norm=1.104, learning_rate=4.519e-05
[2026-10-08 05:06:50 UTC] step 76/600 | 41.6 s/step | loss=-0.0008, reward=0.796, rewards/execution_reward/mean=0.8687, rewards/valid_sql_reward/mean=0.9375, kl=0.07189, entropy=0.1114, frac_reward_zero_std=0, completions/mean_length=25.31, grad_norm=6.91, learning_rate=4.51e-05
[2026-10-08 05:07:24 UTC] step 77/600 | 41.5 s/step | loss=0.0028, reward=0.8354, rewards/execution_reward/mean=0.9312, rewards/valid_sql_reward/mean=0.9375, kl=0.108, entropy=0.1001, frac_reward_zero_std=0, completions/mean_length=22.19, grad_norm=9.769, learning_rate=4.502e-05
[2026-10-08 05:07:47 UTC] step 78/600 | 41.3 s/step | loss=-0.0001, reward=0.6257, rewards/execution_reward/mean=0.725, rewards/valid_sql_reward/mean=0.75, kl=0.08578, entropy=0.1119, frac_reward_zero_std=0, completions/mean_length=28.94, grad_norm=0.5237, learning_rate=4.493e-05
[2026-10-08 05:08:31 UTC] step 79/600 | 41.3 s/step | loss=-0.0002, reward=0.753, rewards/execution_reward/mean=0.8687, rewards/valid_sql_reward/mean=0.9375, kl=0.07237, entropy=0.1107, frac_reward_zero_std=0, completions/mean_length=40, grad_norm=8.882, learning_rate=4.485e-05
[2026-10-08 05:09:11 UTC] step 80/600 | 41.3 s/step | loss=0.0028, reward=0.4422, rewards/execution_reward/mean=0.475, rewards/valid_sql_reward/mean=0.75, kl=0.02435, entropy=0.1212, frac_reward_zero_std=0, completions/mean_length=33.62, grad_norm=20.39, learning_rate=4.476e-05
[2026-10-08 05:09:38 UTC] step 81/600 | 41.1 s/step | loss=-0.0053, reward=0.7504, rewards/execution_reward/mean=0.8687, rewards/valid_sql_reward/mean=0.9375, kl=0.122, entropy=0.08507, frac_reward_zero_std=0, completions/mean_length=24.25, grad_norm=10.97, learning_rate=4.467e-05
[2026-10-08 05:10:17 UTC] step 82/600 | 41.1 s/step | loss=-0.0004, reward=0.5545, rewards/execution_reward/mean=0.6687, rewards/valid_sql_reward/mean=0.8125, kl=0.07799, entropy=0.1179, frac_reward_zero_std=0, completions/mean_length=36.62, grad_norm=9.475, learning_rate=4.459e-05
[2026-10-08 05:10:55 UTC] step 83/600 | 41.1 s/step | loss=0.0053, reward=0.5467, rewards/execution_reward/mean=0.625, rewards/valid_sql_reward/mean=1, kl=0.05908, entropy=0.1051, frac_reward_zero_std=0, completions/mean_length=33.12, grad_norm=12.11, learning_rate=4.45e-05
[2026-10-08 05:11:28 UTC] step 84/600 | 41.0 s/step | loss=-0, reward=0.6415, rewards/execution_reward/mean=0.725, rewards/valid_sql_reward/mean=0.75, kl=0.0837, entropy=0.07784, frac_reward_zero_std=0, completions/mean_length=24.94, grad_norm=0.1147, learning_rate=4.442e-05
[2026-10-08 05:11:49 UTC] step 85/600 | 40.7 s/step | loss=-0.0002, reward=0.2206, rewards/execution_reward/mean=0.2875, rewards/valid_sql_reward/mean=0.75, kl=0.06973, entropy=0.07975, frac_reward_zero_std=0, completions/mean_length=24, grad_norm=7.664, learning_rate=4.433e-05
[2026-10-08 05:12:31 UTC] step 86/600 | 40.8 s/step | loss=0.0077, reward=0.4567, rewards/execution_reward/mean=0.5375, rewards/valid_sql_reward/mean=0.75, kl=0.06625, entropy=0.202, frac_reward_zero_std=0, completions/mean_length=30.5, grad_norm=7.684, learning_rate=4.424e-05
[2026-10-08 05:13:09 UTC] step 87/600 | 40.7 s/step | loss=0.0016, reward=0.7283, rewards/execution_reward/mean=0.8062, rewards/valid_sql_reward/mean=0.9375, kl=0.06114, entropy=0.0972, frac_reward_zero_std=0, completions/mean_length=31.88, grad_norm=3.76, learning_rate=4.416e-05
[2026-10-08 05:13:49 UTC] step 88/600 | 40.7 s/step | loss=0.0003, reward=0.451, rewards/execution_reward/mean=0.6062, rewards/valid_sql_reward/mean=0.8125, kl=0.1358, entropy=0.1454, frac_reward_zero_std=0, completions/mean_length=28.56, grad_norm=8.516, learning_rate=4.407e-05
[2026-10-08 05:14:36 UTC] step 89/600 | 40.8 s/step | loss=0.0003, reward=0.608, rewards/execution_reward/mean=0.75, rewards/valid_sql_reward/mean=1, kl=0.161, entropy=0.1368, frac_reward_zero_std=0, completions/mean_length=22.06, grad_norm=1.269, learning_rate=4.399e-05
[2026-10-08 05:14:59 UTC] step 90/600 | 40.6 s/step | loss=0.0047, reward=0.5866, rewards/execution_reward/mean=0.725, rewards/valid_sql_reward/mean=0.75, kl=0.1003, entropy=0.1434, frac_reward_zero_std=0, completions/mean_length=34.5, grad_norm=10.43, learning_rate=4.39e-05
[2026-10-08 05:15:22 UTC] step 91/600 | 40.4 s/step | loss=-0.0021, reward=0.7433, rewards/execution_reward/mean=0.875, rewards/valid_sql_reward/mean=1, kl=0.1173, entropy=0.122, frac_reward_zero_std=0, completions/mean_length=28.06, grad_norm=5.936, learning_rate=4.381e-05
[2026-10-08 05:16:20 UTC] step 92/600 | 40.6 s/step | loss=0.0011, reward=0.4374, rewards/execution_reward/mean=0.5562, rewards/valid_sql_reward/mean=0.9375, kl=0.08695, entropy=0.147, frac_reward_zero_std=0, completions/mean_length=34.19, grad_norm=11.16, learning_rate=4.373e-05
[2026-10-08 05:16:54 UTC] step 93/600 | 40.5 s/step | loss=-0.0006, reward=0.6197, rewards/execution_reward/mean=0.7375, rewards/valid_sql_reward/mean=0.875, kl=0.1066, entropy=0.1217, frac_reward_zero_std=0, completions/mean_length=27.62, grad_norm=10.87, learning_rate=4.364e-05
[2026-10-08 05:17:12 UTC] step 94/600 | 40.3 s/step | loss=0.0019, reward=0.7081, rewards/execution_reward/mean=0.8062, rewards/valid_sql_reward/mean=0.9375, kl=0.09308, entropy=0.08191, frac_reward_zero_std=0, completions/mean_length=26.38, grad_norm=9.414, learning_rate=4.356e-05
[2026-10-08 05:18:08 UTC] step 95/600 | 40.4 s/step | loss=0.008, reward=0.622, rewards/execution_reward/mean=0.6687, rewards/valid_sql_reward/mean=0.8125, kl=0.0362, entropy=0.09255, frac_reward_zero_std=0, completions/mean_length=32.25, grad_norm=7.197, learning_rate=4.347e-05
[2026-10-08 05:18:51 UTC] step 96/600 | 40.5 s/step | loss=-0, reward=0.904, rewards/execution_reward/mean=1, rewards/valid_sql_reward/mean=1, kl=0.08311, entropy=0.0977, frac_reward_zero_std=0, completions/mean_length=28.88, grad_norm=0.7785, learning_rate=4.338e-05
[2026-10-08 05:19:14 UTC] step 97/600 | 40.3 s/step | loss=-0.0031, reward=0.6178, rewards/execution_reward/mean=0.7312, rewards/valid_sql_reward/mean=0.8125, kl=0.06206, entropy=0.106, frac_reward_zero_std=0, completions/mean_length=45.69, grad_norm=8.033, learning_rate=4.33e-05
[2026-10-08 05:20:00 UTC] step 98/600 | 40.3 s/step | loss=-0.0071, reward=0.8126, rewards/execution_reward/mean=0.9375, rewards/valid_sql_reward/mean=1, kl=0.06374, entropy=0.1176, frac_reward_zero_std=0, completions/mean_length=49, grad_norm=5.419, learning_rate=4.321e-05
[2026-10-08 05:20:36 UTC] step 99/600 | 40.3 s/step | loss=0.0007, reward=0.6163, rewards/execution_reward/mean=0.7312, rewards/valid_sql_reward/mean=0.8125, kl=0.1094, entropy=0.08759, frac_reward_zero_std=0, completions/mean_length=26.25, grad_norm=10.51, learning_rate=4.313e-05
[2026-10-08 05:21:23 UTC] step 100/600 | 40.4 s/step | loss=-0.0004, reward=0.9144, rewards/execution_reward/mean=1, rewards/valid_sql_reward/mean=1, kl=0.1004, entropy=0.09979, frac_reward_zero_std=0, completions/mean_length=21.31, grad_norm=0.4875, learning_rate=4.304e-05
[2026-10-08 05:21:24 UTC] checkpoint saved: checkpoint-100
[2026-10-08 05:21:40 UTC] step 101/600 | 40.1 s/step | loss=0.0006, reward=0.6105, rewards/execution_reward/mean=0.7312, rewards/valid_sql_reward/mean=0.8125, kl=0.1251, entropy=0.09124, frac_reward_zero_std=0, completions/mean_length=24.12, grad_norm=1.557, learning_rate=4.296e-05
[2026-10-08 05:21:53 UTC] step 102/600 | 39.9 s/step | loss=-0.0001, reward=0.8895, rewards/execution_reward/mean=1, rewards/valid_sql_reward/mean=1, kl=0.1111, entropy=0.06272, frac_reward_zero_std=0, completions/mean_length=24.88, grad_norm=0.207, learning_rate=4.287e-05
[2026-10-08 05:22:26 UTC] step 103/600 | 39.8 s/step | loss=-0.001, reward=0.3933, rewards/execution_reward/mean=0.4688, rewards/valid_sql_reward/mean=0.6875, kl=0.0525, entropy=0.1057, frac_reward_zero_std=0, completions/mean_length=35.94, grad_norm=10.03, learning_rate=4.278e-05
[2026-10-08 05:23:17 UTC] step 104/600 | 39.9 s/step | loss=-0.0006, reward=0.5174, rewards/execution_reward/mean=0.6125, rewards/valid_sql_reward/mean=0.875, kl=0.08528, entropy=0.1407, frac_reward_zero_std=0, completions/mean_length=27.88, grad_norm=10.95, learning_rate=4.27e-05
[2026-10-08 05:24:07 UTC] step 105/600 | 40.0 s/step | loss=0.0011, reward=0.292, rewards/execution_reward/mean=0.4062, rewards/valid_sql_reward/mean=0.6875, kl=0.06294, entropy=0.1331, frac_reward_zero_std=0, completions/mean_length=45.38, grad_norm=10.54, learning_rate=4.261e-05
[2026-10-08 05:24:28 UTC] step 106/600 | 39.8 s/step | loss=0.0045, reward=0.4762, rewards/execution_reward/mean=0.5438, rewards/valid_sql_reward/mean=0.8125, kl=0.03499, entropy=0.1068, frac_reward_zero_std=0, completions/mean_length=48.25, grad_norm=9.786, learning_rate=4.253e-05
[2026-10-08 05:25:35 UTC] step 107/600 | 40.1 s/step | loss=-0.0046, reward=0.763, rewards/execution_reward/mean=0.8625, rewards/valid_sql_reward/mean=0.875, kl=0.04563, entropy=0.07182, frac_reward_zero_std=0, completions/mean_length=54.5, grad_norm=8.442, learning_rate=4.244e-05
[2026-10-08 05:26:05 UTC] step 108/600 | 40.0 s/step | loss=0.005, reward=0.6772, rewards/execution_reward/mean=0.7437, rewards/valid_sql_reward/mean=0.9375, kl=0.04664, entropy=0.08067, frac_reward_zero_std=0, completions/mean_length=35.69, grad_norm=12.98, learning_rate=4.235e-05
[2026-10-08 05:26:35 UTC] step 109/600 | 39.9 s/step | loss=-0.004, reward=0.8689, rewards/execution_reward/mean=0.9312, rewards/valid_sql_reward/mean=0.9375, kl=0.05527, entropy=0.08578, frac_reward_zero_std=0, completions/mean_length=28.19, grad_norm=6.609, learning_rate=4.227e-05
[2026-10-08 05:27:24 UTC] step 110/600 | 40.0 s/step | loss=0.0088, reward=0.5688, rewards/execution_reward/mean=0.6687, rewards/valid_sql_reward/mean=0.8125, kl=0.06763, entropy=0.08648, frac_reward_zero_std=0, completions/mean_length=36.94, grad_norm=7.63, learning_rate=4.218e-05
[2026-10-08 05:27:53 UTC] step 111/600 | 39.9 s/step | loss=0.0005, reward=0.6805, rewards/execution_reward/mean=0.75, rewards/valid_sql_reward/mean=1, kl=0.06915, entropy=0.0959, frac_reward_zero_std=0, completions/mean_length=25.12, grad_norm=0.5011, learning_rate=4.21e-05
[2026-10-08 05:28:34 UTC] step 112/600 | 39.9 s/step | loss=0.0005, reward=0.6645, rewards/execution_reward/mean=0.7937, rewards/valid_sql_reward/mean=0.8125, kl=0.1286, entropy=0.09705, frac_reward_zero_std=0, completions/mean_length=25.12, grad_norm=5.259, learning_rate=4.201e-05
[2026-10-08 05:28:57 UTC] step 113/600 | 39.7 s/step | loss=-0.0043, reward=0.7396, rewards/execution_reward/mean=0.8, rewards/valid_sql_reward/mean=0.875, kl=0.05065, entropy=0.1028, frac_reward_zero_std=0, completions/mean_length=29.81, grad_norm=8.499, learning_rate=4.192e-05
[2026-10-08 05:29:53 UTC] step 114/600 | 39.9 s/step | loss=0.005, reward=0.6077, rewards/execution_reward/mean=0.6812, rewards/valid_sql_reward/mean=0.9375, kl=0.05623, entropy=0.1581, frac_reward_zero_std=0, completions/mean_length=32.69, grad_norm=9.302, learning_rate=4.184e-05
[2026-10-08 05:30:26 UTC] step 115/600 | 39.8 s/step | loss=-0.0071, reward=0.4231, rewards/execution_reward/mean=0.5312, rewards/valid_sql_reward/mean=0.6875, kl=0.06056, entropy=0.1349, frac_reward_zero_std=0, completions/mean_length=44.62, grad_norm=11.54, learning_rate=4.175e-05
[2026-10-08 05:31:10 UTC] step 116/600 | 39.9 s/step | loss=0.0026, reward=0.6106, rewards/execution_reward/mean=0.7312, rewards/valid_sql_reward/mean=0.8125, kl=0.07719, entropy=0.1321, frac_reward_zero_std=0, completions/mean_length=39.06, grad_norm=11.1, learning_rate=4.167e-05
[2026-10-08 05:32:06 UTC] step 117/600 | 40.0 s/step | loss=0.0003, reward=0.6579, rewards/execution_reward/mean=0.7312, rewards/valid_sql_reward/mean=0.8125, kl=0.06492, entropy=0.09039, frac_reward_zero_std=0, completions/mean_length=28.25, grad_norm=1.107, learning_rate=4.158e-05
[2026-10-08 05:32:45 UTC] step 118/600 | 40.0 s/step | loss=0.0011, reward=0.8371, rewards/execution_reward/mean=0.9312, rewards/valid_sql_reward/mean=0.9375, kl=0.06027, entropy=0.0692, frac_reward_zero_std=0, completions/mean_length=39.06, grad_norm=6.579, learning_rate=4.149e-05
[2026-10-08 05:33:15 UTC] step 119/600 | 39.9 s/step | loss=-0.0029, reward=0.3793, rewards/execution_reward/mean=0.475, rewards/valid_sql_reward/mean=0.75, kl=0.05038, entropy=0.09224, frac_reward_zero_std=0, completions/mean_length=47.5, grad_norm=7.584, learning_rate=4.141e-05
[2026-10-08 05:33:45 UTC] step 120/600 | 39.8 s/step | loss=-0.0005, reward=0.5263, rewards/execution_reward/mean=0.6125, rewards/valid_sql_reward/mean=0.875, kl=0.06926, entropy=0.149, frac_reward_zero_std=0, completions/mean_length=31.12, grad_norm=12.27, learning_rate=4.132e-05
[2026-10-08 05:34:25 UTC] step 121/600 | 39.8 s/step | loss=0.0002, reward=0.6337, rewards/execution_reward/mean=0.7375, rewards/valid_sql_reward/mean=0.875, kl=0.07361, entropy=0.1439, frac_reward_zero_std=0, completions/mean_length=35.25, grad_norm=7.693, learning_rate=4.124e-05
[2026-10-08 05:34:52 UTC] step 122/600 | 39.7 s/step | loss=-0.0027, reward=0.8318, rewards/execution_reward/mean=0.9375, rewards/valid_sql_reward/mean=1, kl=0.06217, entropy=0.0631, frac_reward_zero_std=0, completions/mean_length=42.5, grad_norm=7.569, learning_rate=4.115e-05
[2026-10-08 05:35:33 UTC] step 123/600 | 39.7 s/step | loss=-0.0087, reward=0.1618, rewards/execution_reward/mean=0.2812, rewards/valid_sql_reward/mean=0.6875, kl=0.05981, entropy=0.09054, frac_reward_zero_std=0, completions/mean_length=49.94, grad_norm=10.7, learning_rate=4.107e-05
[2026-10-08 05:36:10 UTC] step 124/600 | 39.7 s/step | loss=-0.0038, reward=0.6676, rewards/execution_reward/mean=0.8, rewards/valid_sql_reward/mean=0.875, kl=0.1053, entropy=0.06778, frac_reward_zero_std=0, completions/mean_length=31.44, grad_norm=7.651, learning_rate=4.098e-05
[2026-10-08 05:37:08 UTC] step 125/600 | 39.9 s/step | loss=0.0026, reward=0.4272, rewards/execution_reward/mean=0.5625, rewards/valid_sql_reward/mean=1, kl=0.079, entropy=0.1219, frac_reward_zero_std=0, completions/mean_length=42.81, grad_norm=4.866, learning_rate=4.089e-05
[2026-10-08 05:37:57 UTC] step 126/600 | 39.9 s/step | loss=-0.0054, reward=0.5292, rewards/execution_reward/mean=0.6187, rewards/valid_sql_reward/mean=0.9375, kl=0.05648, entropy=0.1487, frac_reward_zero_std=0, completions/mean_length=39.62, grad_norm=12.35, learning_rate=4.081e-05
[2026-10-08 05:38:29 UTC] step 127/600 | 39.9 s/step | loss=-0.0011, reward=0.3692, rewards/execution_reward/mean=0.4812, rewards/valid_sql_reward/mean=0.8125, kl=0.09683, entropy=0.1345, frac_reward_zero_std=0, completions/mean_length=28.94, grad_norm=1.8, learning_rate=4.072e-05
[2026-10-08 05:39:15 UTC] step 128/600 | 39.9 s/step | loss=0.0034, reward=0.8787, rewards/execution_reward/mean=0.9312, rewards/valid_sql_reward/mean=0.9375, kl=0.04536, entropy=0.1163, frac_reward_zero_std=0, completions/mean_length=28.94, grad_norm=11.66, learning_rate=4.064e-05
[2026-10-08 05:39:38 UTC] step 129/600 | 39.8 s/step | loss=-0.0098, reward=0.6331, rewards/execution_reward/mean=0.7437, rewards/valid_sql_reward/mean=0.9375, kl=0.09774, entropy=0.1171, frac_reward_zero_std=0, completions/mean_length=28.31, grad_norm=9.866, learning_rate=4.055e-05
[2026-10-08 05:40:35 UTC] step 130/600 | 39.9 s/step | loss=0.0017, reward=0.1618, rewards/execution_reward/mean=0.275, rewards/valid_sql_reward/mean=0.625, kl=0.07111, entropy=0.09786, frac_reward_zero_std=0, completions/mean_length=39.81, grad_norm=7.699, learning_rate=4.046e-05
[2026-10-08 05:41:13 UTC] step 131/600 | 39.9 s/step | loss=0.0009, reward=0.8368, rewards/execution_reward/mean=0.9375, rewards/valid_sql_reward/mean=1, kl=0.08588, entropy=0.09963, frac_reward_zero_std=0, completions/mean_length=29.31, grad_norm=6.597, learning_rate=4.038e-05
[2026-10-08 05:41:46 UTC] step 132/600 | 39.8 s/step | loss=0.0172, reward=0.5544, rewards/execution_reward/mean=0.6812, rewards/valid_sql_reward/mean=0.9375, kl=0.08279, entropy=0.08809, frac_reward_zero_std=0, completions/mean_length=38.31, grad_norm=17.37, learning_rate=4.029e-05
[2026-10-08 05:42:21 UTC] step 133/600 | 39.8 s/step | loss=0.0001, reward=0.9345, rewards/execution_reward/mean=1, rewards/valid_sql_reward/mean=1, kl=0.06533, entropy=0.06306, frac_reward_zero_std=0, completions/mean_length=25.06, grad_norm=1.238, learning_rate=4.021e-05
[2026-10-08 05:42:45 UTC] step 134/600 | 39.7 s/step | loss=-0.0003, reward=0.6254, rewards/execution_reward/mean=0.7375, rewards/valid_sql_reward/mean=0.875, kl=0.1121, entropy=0.1033, frac_reward_zero_std=0, completions/mean_length=25, grad_norm=1.159, learning_rate=4.012e-05
[2026-10-08 05:43:08 UTC] step 135/600 | 39.6 s/step | loss=-0.005, reward=0.875, rewards/execution_reward/mean=0.9375, rewards/valid_sql_reward/mean=1, kl=0.041, entropy=0.1008, frac_reward_zero_std=0, completions/mean_length=38.12, grad_norm=6.841, learning_rate=4.003e-05
[2026-10-08 05:43:51 UTC] step 136/600 | 39.6 s/step | loss=0.0045, reward=0.603, rewards/execution_reward/mean=0.675, rewards/valid_sql_reward/mean=0.875, kl=0.05458, entropy=0.1207, frac_reward_zero_std=0, completions/mean_length=33, grad_norm=9.14, learning_rate=3.995e-05
[2026-10-08 05:44:44 UTC] step 137/600 | 39.7 s/step | loss=-0.0034, reward=0.6152, rewards/execution_reward/mean=0.725, rewards/valid_sql_reward/mean=0.75, kl=0.06043, entropy=0.08418, frac_reward_zero_std=0, completions/mean_length=45.44, grad_norm=11.06, learning_rate=3.986e-05
[2026-10-08 05:45:28 UTC] step 138/600 | 39.7 s/step | loss=-0.0012, reward=0.4165, rewards/execution_reward/mean=0.475, rewards/valid_sql_reward/mean=0.75, kl=0.0432, entropy=0.1044, frac_reward_zero_std=0, completions/mean_length=33.88, grad_norm=2.111, learning_rate=3.978e-05
[2026-10-08 05:46:14 UTC] step 139/600 | 39.8 s/step | loss=-0.0006, reward=0.6065, rewards/execution_reward/mean=0.7313, rewards/valid_sql_reward/mean=0.8125, kl=0.05631, entropy=0.09474, frac_reward_zero_std=0, completions/mean_length=55.38, grad_norm=9.838, learning_rate=3.969e-05
[2026-10-08 05:46:58 UTC] step 140/600 | 39.8 s/step | loss=-0.0024, reward=0.629, rewards/execution_reward/mean=0.7437, rewards/valid_sql_reward/mean=0.9375, kl=0.0628, entropy=0.08744, frac_reward_zero_std=0, completions/mean_length=45.69, grad_norm=7.87, learning_rate=3.96e-05
[2026-10-08 05:47:21 UTC] step 141/600 | 39.7 s/step | loss=0.0063, reward=0.5236, rewards/execution_reward/mean=0.6063, rewards/valid_sql_reward/mean=0.8125, kl=0.04716, entropy=0.1175, frac_reward_zero_std=0, completions/mean_length=43.81, grad_norm=7.065, learning_rate=3.952e-05
[2026-10-08 05:48:06 UTC] step 142/600 | 39.7 s/step | loss=-0.0102, reward=0.7062, rewards/execution_reward/mean=0.7938, rewards/valid_sql_reward/mean=0.8125, kl=0.05352, entropy=0.121, frac_reward_zero_std=0, completions/mean_length=40.88, grad_norm=10.42, learning_rate=3.943e-05
[2026-10-08 05:48:45 UTC] step 143/600 | 39.7 s/step | loss=-0.0022, reward=0.7686, rewards/execution_reward/mean=0.8625, rewards/valid_sql_reward/mean=0.875, kl=0.06353, entropy=0.08337, frac_reward_zero_std=0, completions/mean_length=36.94, grad_norm=6.739, learning_rate=3.935e-05
[2026-10-08 05:49:18 UTC] step 144/600 | 39.7 s/step | loss=-0, reward=0.8376, rewards/execution_reward/mean=0.9375, rewards/valid_sql_reward/mean=1, kl=0.0994, entropy=0.07241, frac_reward_zero_std=0, completions/mean_length=25.12, grad_norm=4.547, learning_rate=3.926e-05
[2026-10-08 05:50:06 UTC] step 145/600 | 39.7 s/step | loss=-0.0024, reward=0.5694, rewards/execution_reward/mean=0.6625, rewards/valid_sql_reward/mean=0.75, kl=0.04895, entropy=0.1127, frac_reward_zero_std=0, completions/mean_length=47.56, grad_norm=13.51, learning_rate=3.918e-05
[2026-10-08 05:50:48 UTC] step 146/600 | 39.7 s/step | loss=0.0004, reward=0.7733, rewards/execution_reward/mean=0.8625, rewards/valid_sql_reward/mean=0.875, kl=0.06781, entropy=0.1149, frac_reward_zero_std=0, completions/mean_length=32.88, grad_norm=6.362, learning_rate=3.909e-05
[2026-10-08 05:51:41 UTC] step 147/600 | 39.8 s/step | loss=-0.001, reward=0.6335, rewards/execution_reward/mean=0.7313, rewards/valid_sql_reward/mean=0.8125, kl=0.06909, entropy=0.08033, frac_reward_zero_std=0, completions/mean_length=35.38, grad_norm=7.937, learning_rate=3.9e-05
[2026-10-08 05:52:23 UTC] step 148/600 | 39.8 s/step | loss=-0.0005, reward=0.2907, rewards/execution_reward/mean=0.4125, rewards/valid_sql_reward/mean=0.75, kl=0.0804, entropy=0.1226, frac_reward_zero_std=0, completions/mean_length=37.88, grad_norm=5.669, learning_rate=3.892e-05
[2026-10-08 05:53:13 UTC] step 149/600 | 39.9 s/step | loss=-0.0013, reward=0.4991, rewards/execution_reward/mean=0.6187, rewards/valid_sql_reward/mean=0.9375, kl=0.08254, entropy=0.1177, frac_reward_zero_std=0, completions/mean_length=36.25, grad_norm=7.292, learning_rate=3.883e-05
[2026-10-08 05:53:53 UTC] step 150/600 | 39.9 s/step | loss=-0.0045, reward=0.3144, rewards/execution_reward/mean=0.4187, rewards/valid_sql_reward/mean=0.8125, kl=0.09339, entropy=0.1152, frac_reward_zero_std=0, completions/mean_length=27.94, grad_norm=9.228, learning_rate=3.875e-05
[2026-10-08 05:54:35 UTC] step 151/600 | 39.9 s/step | loss=0.0025, reward=0.6765, rewards/execution_reward/mean=0.75, rewards/valid_sql_reward/mean=1, kl=0.0378, entropy=0.09056, frac_reward_zero_std=0, completions/mean_length=48.62, grad_norm=5.134, learning_rate=3.866e-05
[2026-10-08 05:55:27 UTC] step 152/600 | 40.0 s/step | loss=-0, reward=0.5682, rewards/execution_reward/mean=0.725, rewards/valid_sql_reward/mean=0.75, kl=0.07015, entropy=0.0958, frac_reward_zero_std=0, completions/mean_length=55.88, grad_norm=9.066, learning_rate=3.857e-05
[2026-10-08 05:56:21 UTC] step 153/600 | 40.1 s/step | loss=-0.0012, reward=0.2292, rewards/execution_reward/mean=0.35, rewards/valid_sql_reward/mean=0.75, kl=0.05574, entropy=0.1, frac_reward_zero_std=0, completions/mean_length=54.19, grad_norm=10.97, learning_rate=3.849e-05
[2026-10-08 05:57:12 UTC] step 154/600 | 40.2 s/step | loss=0.0058, reward=0.7746, rewards/execution_reward/mean=0.8062, rewards/valid_sql_reward/mean=0.9375, kl=0.03091, entropy=0.1096, frac_reward_zero_std=0, completions/mean_length=25.62, grad_norm=7.414, learning_rate=3.84e-05
[2026-10-08 05:57:52 UTC] step 155/600 | 40.2 s/step | loss=0.0057, reward=0.657, rewards/execution_reward/mean=0.7437, rewards/valid_sql_reward/mean=0.9375, kl=0.0773, entropy=0.1005, frac_reward_zero_std=0, completions/mean_length=28.06, grad_norm=11.57, learning_rate=3.832e-05
[2026-10-08 05:58:41 UTC] step 156/600 | 40.2 s/step | loss=0.006, reward=0.3138, rewards/execution_reward/mean=0.4062, rewards/valid_sql_reward/mean=0.6875, kl=0.06672, entropy=0.0738, frac_reward_zero_std=0, completions/mean_length=34.62, grad_norm=7.552, learning_rate=3.823e-05
[2026-10-08 05:59:19 UTC] step 157/600 | 40.2 s/step | loss=-0.0028, reward=0.8463, rewards/execution_reward/mean=0.9312, rewards/valid_sql_reward/mean=0.9375, kl=0.08052, entropy=0.08633, frac_reward_zero_std=0, completions/mean_length=26.38, grad_norm=10.93, learning_rate=3.814e-05
[2026-10-08 06:00:08 UTC] step 158/600 | 40.3 s/step | loss=-0.0016, reward=0.5124, rewards/execution_reward/mean=0.6, rewards/valid_sql_reward/mean=0.75, kl=0.04441, entropy=0.09859, frac_reward_zero_std=0, completions/mean_length=49.31, grad_norm=8.348, learning_rate=3.806e-05
[2026-10-08 06:00:49 UTC] step 159/600 | 40.3 s/step | loss=0.0029, reward=0.5613, rewards/execution_reward/mean=0.6688, rewards/valid_sql_reward/mean=0.8125, kl=0.06384, entropy=0.09701, frac_reward_zero_std=0, completions/mean_length=42.06, grad_norm=9.193, learning_rate=3.797e-05
[2026-10-08 06:01:07 UTC] step 160/600 | 40.1 s/step | loss=-0.0018, reward=0.7401, rewards/execution_reward/mean=0.8062, rewards/valid_sql_reward/mean=0.9375, kl=0.05773, entropy=0.08013, frac_reward_zero_std=0, completions/mean_length=28.62, grad_norm=7.396, learning_rate=3.789e-05
[2026-10-08 06:01:40 UTC] step 161/600 | 40.1 s/step | loss=0.003, reward=0.5725, rewards/execution_reward/mean=0.6625, rewards/valid_sql_reward/mean=0.75, kl=0.0814, entropy=0.09515, frac_reward_zero_std=0, completions/mean_length=27.62, grad_norm=6.169, learning_rate=3.78e-05
[2026-10-08 06:02:17 UTC] step 162/600 | 40.1 s/step | loss=-0.0011, reward=0.5219, rewards/execution_reward/mean=0.625, rewards/valid_sql_reward/mean=1, kl=0.08335, entropy=0.09831, frac_reward_zero_std=0, completions/mean_length=30.94, grad_norm=5.407, learning_rate=3.771e-05
[2026-10-08 06:03:06 UTC] step 163/600 | 40.1 s/step | loss=0.0026, reward=0.8132, rewards/execution_reward/mean=0.8687, rewards/valid_sql_reward/mean=0.9375, kl=0.03826, entropy=0.104, frac_reward_zero_std=0, completions/mean_length=36.31, grad_norm=11.02, learning_rate=3.763e-05
[2026-10-08 06:03:43 UTC] step 164/600 | 40.1 s/step | loss=0.01, reward=0.651, rewards/execution_reward/mean=0.7437, rewards/valid_sql_reward/mean=0.9375, kl=0.05697, entropy=0.0925, frac_reward_zero_std=0, completions/mean_length=40.69, grad_norm=12.04, learning_rate=3.754e-05
[2026-10-08 06:04:24 UTC] step 165/600 | 40.1 s/step | loss=-0.0001, reward=0.7766, rewards/execution_reward/mean=0.8625, rewards/valid_sql_reward/mean=0.875, kl=0.06301, entropy=0.08535, frac_reward_zero_std=0, completions/mean_length=34.06, grad_norm=7.521, learning_rate=3.746e-05
[2026-10-08 06:04:50 UTC] step 166/600 | 40.0 s/step | loss=0.0021, reward=0.8187, rewards/execution_reward/mean=0.9312, rewards/valid_sql_reward/mean=0.9375, kl=0.09189, entropy=0.06383, frac_reward_zero_std=0, completions/mean_length=30.62, grad_norm=4.465, learning_rate=3.737e-05
[2026-10-08 06:05:50 UTC] step 167/600 | 40.1 s/step | loss=0.0022, reward=0.4834, rewards/execution_reward/mean=0.6187, rewards/valid_sql_reward/mean=0.9375, kl=0.08583, entropy=0.1003, frac_reward_zero_std=0, completions/mean_length=39.44, grad_norm=6.103, learning_rate=3.729e-05
[2026-10-08 06:06:14 UTC] step 168/600 | 40.0 s/step | loss=-0.0044, reward=0.6603, rewards/execution_reward/mean=0.7937, rewards/valid_sql_reward/mean=0.8125, kl=0.1211, entropy=0.07605, frac_reward_zero_std=0, completions/mean_length=27.56, grad_norm=7.681, learning_rate=3.72e-05
[2026-10-08 06:06:59 UTC] step 169/600 | 40.1 s/step | loss=0.0044, reward=0.5294, rewards/execution_reward/mean=0.6187, rewards/valid_sql_reward/mean=0.9375, kl=0.07146, entropy=0.08069, frac_reward_zero_std=0, completions/mean_length=31.25, grad_norm=5.554, learning_rate=3.711e-05
[2026-10-08 06:07:50 UTC] step 170/600 | 40.1 s/step | loss=0.0035, reward=0.5372, rewards/execution_reward/mean=0.675, rewards/valid_sql_reward/mean=0.875, kl=0.08601, entropy=0.1095, frac_reward_zero_std=0, completions/mean_length=40.06, grad_norm=9.462, learning_rate=3.703e-05
[2026-10-08 06:08:27 UTC] step 171/600 | 40.1 s/step | loss=-0.0001, reward=0.3456, rewards/execution_reward/mean=0.4875, rewards/valid_sql_reward/mean=0.875, kl=0.09187, entropy=0.1067, frac_reward_zero_std=0, completions/mean_length=38.62, grad_norm=13.17, learning_rate=3.694e-05
[2026-10-08 06:09:12 UTC] step 172/600 | 40.2 s/step | loss=0.0034, reward=0.7829, rewards/execution_reward/mean=0.8625, rewards/valid_sql_reward/mean=0.875, kl=0.05725, entropy=0.06224, frac_reward_zero_std=0, completions/mean_length=34.75, grad_norm=6.413, learning_rate=3.686e-05
[2026-10-08 06:09:37 UTC] step 173/600 | 40.1 s/step | loss=0.0033, reward=0.6508, rewards/execution_reward/mean=0.8, rewards/valid_sql_reward/mean=0.875, kl=0.08649, entropy=0.08664, frac_reward_zero_std=0, completions/mean_length=43.12, grad_norm=7.32, learning_rate=3.677e-05
[2026-10-08 06:10:19 UTC] step 174/600 | 40.1 s/step | loss=-0.0001, reward=0.5893, rewards/execution_reward/mean=0.6687, rewards/valid_sql_reward/mean=0.8125, kl=0.07065, entropy=0.1133, frac_reward_zero_std=0, completions/mean_length=28.12, grad_norm=6.037, learning_rate=3.668e-05
[2026-10-08 06:10:39 UTC] step 175/600 | 40.0 s/step | loss=0.0012, reward=0.864, rewards/execution_reward/mean=0.9312, rewards/valid_sql_reward/mean=0.9375, kl=0.07151, entropy=0.06261, frac_reward_zero_std=0, completions/mean_length=23.5, grad_norm=10.9, learning_rate=3.66e-05
[2026-10-08 06:11:43 UTC] step 176/600 | 40.1 s/step | loss=-0.0056, reward=0.6411, rewards/execution_reward/mean=0.7375, rewards/valid_sql_reward/mean=0.875, kl=0.04837, entropy=0.1035, frac_reward_zero_std=0, completions/mean_length=49.81, grad_norm=11.86, learning_rate=3.651e-05
[2026-10-08 06:12:31 UTC] step 177/600 | 40.1 s/step | loss=-0.0062, reward=0.4583, rewards/execution_reward/mean=0.5562, rewards/valid_sql_reward/mean=0.9375, kl=0.07978, entropy=0.0894, frac_reward_zero_std=0, completions/mean_length=30.69, grad_norm=7.112, learning_rate=3.643e-05
[2026-10-08 06:13:00 UTC] step 178/600 | 40.1 s/step | loss=0.0009, reward=0.6522, rewards/execution_reward/mean=0.75, rewards/valid_sql_reward/mean=1, kl=0.08116, entropy=0.06408, frac_reward_zero_std=0, completions/mean_length=30.12, grad_norm=0.9454, learning_rate=3.634e-05
[2026-10-08 06:13:50 UTC] step 179/600 | 40.1 s/step | loss=-0.0028, reward=0.2208, rewards/execution_reward/mean=0.3438, rewards/valid_sql_reward/mean=0.6875, kl=0.06489, entropy=0.08964, frac_reward_zero_std=0, completions/mean_length=47.38, grad_norm=10.24, learning_rate=3.625e-05
[2026-10-08 06:14:44 UTC] step 180/600 | 40.2 s/step | loss=0.0001, reward=0.9275, rewards/execution_reward/mean=1, rewards/valid_sql_reward/mean=1, kl=0.04256, entropy=0.07296, frac_reward_zero_std=0, completions/mean_length=42.56, grad_norm=0.4647, learning_rate=3.617e-05
[2026-10-08 06:15:03 UTC] step 181/600 | 40.1 s/step | loss=-0.0013, reward=0.7896, rewards/execution_reward/mean=0.875, rewards/valid_sql_reward/mean=1, kl=0.07363, entropy=0.07978, frac_reward_zero_std=0, completions/mean_length=29, grad_norm=11.69, learning_rate=3.608e-05
[2026-10-08 06:15:28 UTC] step 182/600 | 40.0 s/step | loss=-0.0009, reward=0.5617, rewards/execution_reward/mean=0.675, rewards/valid_sql_reward/mean=0.875, kl=0.06703, entropy=0.08182, frac_reward_zero_std=0, completions/mean_length=42.25, grad_norm=13.11, learning_rate=3.6e-05
[2026-10-08 06:15:50 UTC] step 183/600 | 39.9 s/step | loss=-0.0013, reward=0.8201, rewards/execution_reward/mean=0.8625, rewards/valid_sql_reward/mean=0.875, kl=0.03922, entropy=0.08578, frac_reward_zero_std=0, completions/mean_length=27, grad_norm=6.519, learning_rate=3.591e-05
[2026-10-08 06:16:15 UTC] step 184/600 | 39.8 s/step | loss=0.005, reward=0.3936, rewards/execution_reward/mean=0.4938, rewards/valid_sql_reward/mean=0.9375, kl=0.06711, entropy=0.07422, frac_reward_zero_std=0, completions/mean_length=37.31, grad_norm=9.855, learning_rate=3.582e-05
[2026-10-08 06:16:52 UTC] step 185/600 | 39.8 s/step | loss=-0.0001, reward=0.6813, rewards/execution_reward/mean=0.7937, rewards/valid_sql_reward/mean=0.8125, kl=0.05521, entropy=0.08897, frac_reward_zero_std=0, completions/mean_length=50.94, grad_norm=6.854, learning_rate=3.574e-05
[2026-10-08 06:17:32 UTC] step 186/600 | 39.8 s/step | loss=0.0006, reward=0.3648, rewards/execution_reward/mean=0.4938, rewards/valid_sql_reward/mean=0.9375, kl=0.08216, entropy=0.08465, frac_reward_zero_std=0, completions/mean_length=39.25, grad_norm=11.96, learning_rate=3.565e-05
[2026-10-08 06:17:57 UTC] step 187/600 | 39.7 s/step | loss=0.0001, reward=0.6562, rewards/execution_reward/mean=0.75, rewards/valid_sql_reward/mean=1, kl=0.07552, entropy=0.106, frac_reward_zero_std=0, completions/mean_length=31.06, grad_norm=0.6819, learning_rate=3.557e-05
[2026-10-08 06:18:38 UTC] step 188/600 | 39.7 s/step | loss=-0.0005, reward=0.9448, rewards/execution_reward/mean=1, rewards/valid_sql_reward/mean=1, kl=0.04193, entropy=0.09648, frac_reward_zero_std=0, completions/mean_length=32.94, grad_norm=0.4749, learning_rate=3.548e-05
[2026-10-08 06:19:02 UTC] step 189/600 | 39.7 s/step | loss=-0.0008, reward=0.4328, rewards/execution_reward/mean=0.5375, rewards/valid_sql_reward/mean=0.75, kl=0.05826, entropy=0.1015, frac_reward_zero_std=0, completions/mean_length=44.94, grad_norm=6.242, learning_rate=3.54e-05
[2026-10-08 06:19:21 UTC] step 190/600 | 39.6 s/step | loss=-0.0102, reward=0.5461, rewards/execution_reward/mean=0.6125, rewards/valid_sql_reward/mean=0.875, kl=0.07901, entropy=0.09479, frac_reward_zero_std=0, completions/mean_length=21, grad_norm=11.8, learning_rate=3.531e-05
[2026-10-08 06:19:39 UTC] step 191/600 | 39.4 s/step | loss=0.0002, reward=0.949, rewards/execution_reward/mean=1, rewards/valid_sql_reward/mean=1, kl=0.06143, entropy=0.1323, frac_reward_zero_std=0, completions/mean_length=20.75, grad_norm=0.2618, learning_rate=3.522e-05
[2026-10-08 06:20:06 UTC] step 192/600 | 39.4 s/step | loss=0.0011, reward=0.4338, rewards/execution_reward/mean=0.5562, rewards/valid_sql_reward/mean=0.9375, kl=0.06121, entropy=0.1062, frac_reward_zero_std=0, completions/mean_length=50, grad_norm=7.748, learning_rate=3.514e-05
[2026-10-08 06:20:41 UTC] step 193/600 | 39.4 s/step | loss=-0.0066, reward=0.6465, rewards/execution_reward/mean=0.7375, rewards/valid_sql_reward/mean=0.875, kl=0.06069, entropy=0.06279, frac_reward_zero_std=0, completions/mean_length=37.5, grad_norm=6.179, learning_rate=3.505e-05
[2026-10-08 06:21:12 UTC] step 194/600 | 39.3 s/step | loss=0, reward=0.8838, rewards/execution_reward/mean=1, rewards/valid_sql_reward/mean=1, kl=0.1571, entropy=0.07431, frac_reward_zero_std=0, completions/mean_length=18.5, grad_norm=0.1165, learning_rate=3.497e-05
[2026-10-08 06:21:56 UTC] step 195/600 | 39.3 s/step | loss=-0.0127, reward=0.5923, rewards/execution_reward/mean=0.6688, rewards/valid_sql_reward/mean=0.8125, kl=0.04593, entropy=0.153, frac_reward_zero_std=0, completions/mean_length=41.62, grad_norm=16.86, learning_rate=3.488e-05
[2026-10-08 06:22:40 UTC] step 196/600 | 39.4 s/step | loss=-0.0019, reward=0.6913, rewards/execution_reward/mean=0.8, rewards/valid_sql_reward/mean=0.875, kl=0.0649, entropy=0.07431, frac_reward_zero_std=0, completions/mean_length=41.88, grad_norm=4.85, learning_rate=3.479e-05
[2026-10-08 06:23:14 UTC] step 197/600 | 39.3 s/step | loss=-0.0008, reward=0.8368, rewards/execution_reward/mean=0.9312, rewards/valid_sql_reward/mean=0.9375, kl=0.05337, entropy=0.0788, frac_reward_zero_std=0, completions/mean_length=44.25, grad_norm=4.889, learning_rate=3.471e-05
[2026-10-08 06:23:38 UTC] step 198/600 | 39.3 s/step | loss=-0.0007, reward=0.61, rewards/execution_reward/mean=0.7437, rewards/valid_sql_reward/mean=0.9375, kl=0.09712, entropy=0.1439, frac_reward_zero_std=0, completions/mean_length=34.44, grad_norm=1.511, learning_rate=3.462e-05
[2026-10-08 06:24:01 UTC] step 199/600 | 39.2 s/step | loss=0.0021, reward=0.735, rewards/execution_reward/mean=0.8687, rewards/valid_sql_reward/mean=0.9375, kl=0.128, entropy=0.09722, frac_reward_zero_std=0, completions/mean_length=26.12, grad_norm=6.766, learning_rate=3.454e-05
[2026-10-08 06:24:54 UTC] step 200/600 | 39.2 s/step | loss=0.0019, reward=0.2943, rewards/execution_reward/mean=0.4187, rewards/valid_sql_reward/mean=0.8125, kl=0.07602, entropy=0.1105, frac_reward_zero_std=0, completions/mean_length=40.94, grad_norm=17.31, learning_rate=3.445e-05
[2026-10-08 06:24:55 UTC] checkpoint saved: checkpoint-200
[2026-10-08 06:25:40 UTC] step 201/600 | 39.3 s/step | loss=-0.0106, reward=0.626, rewards/execution_reward/mean=0.7375, rewards/valid_sql_reward/mean=0.875, kl=0.08846, entropy=0.1344, frac_reward_zero_std=0, completions/mean_length=31.5, grad_norm=12.62, learning_rate=3.436e-05
[2026-10-08 06:26:34 UTC] step 202/600 | 39.3 s/step | loss=0.0051, reward=0.317, rewards/execution_reward/mean=0.3938, rewards/valid_sql_reward/mean=0.5625, kl=0.04502, entropy=0.1161, frac_reward_zero_std=0, completions/mean_length=42.62, grad_norm=8.877, learning_rate=3.428e-05
[2026-10-08 06:27:29 UTC] step 203/600 | 39.4 s/step | loss=0.0011, reward=0.7474, rewards/execution_reward/mean=0.8125, rewards/valid_sql_reward/mean=1, kl=0.04422, entropy=0.0904, frac_reward_zero_std=0, completions/mean_length=36.81, grad_norm=3.291, learning_rate=3.419e-05
[2026-10-08 06:27:48 UTC] step 204/600 | 39.3 s/step | loss=-0.0002, reward=0.6355, rewards/execution_reward/mean=0.6875, rewards/valid_sql_reward/mean=1, kl=0.04426, entropy=0.07914, frac_reward_zero_std=0, completions/mean_length=29.38, grad_norm=8.069, learning_rate=3.411e-05
[2026-10-08 06:28:36 UTC] step 205/600 | 39.4 s/step | loss=-0.0001, reward=0.621, rewards/execution_reward/mean=0.75, rewards/valid_sql_reward/mean=1, kl=0.1134, entropy=0.08433, frac_reward_zero_std=0, completions/mean_length=28.44, grad_norm=0.5534, learning_rate=3.402e-05
[2026-10-08 06:29:24 UTC] step 206/600 | 39.4 s/step | loss=0.0025, reward=0.7486, rewards/execution_reward/mean=0.8125, rewards/valid_sql_reward/mean=1, kl=0.05269, entropy=0.09586, frac_reward_zero_std=0, completions/mean_length=30.31, grad_norm=4.071, learning_rate=3.393e-05
[2026-10-08 06:29:48 UTC] step 207/600 | 39.3 s/step | loss=-0.0086, reward=0.3526, rewards/execution_reward/mean=0.425, rewards/valid_sql_reward/mean=0.875, kl=0.05054, entropy=0.1427, frac_reward_zero_std=0, completions/mean_length=35.81, grad_norm=11.77, learning_rate=3.385e-05
[2026-10-08 06:30:25 UTC] step 208/600 | 39.3 s/step | loss=0.0042, reward=0.7686, rewards/execution_reward/mean=0.8687, rewards/valid_sql_reward/mean=0.9375, kl=0.06269, entropy=0.1047, frac_reward_zero_std=0, completions/mean_length=39.94, grad_norm=8.487, learning_rate=3.376e-05
[2026-10-08 06:31:21 UTC] step 209/600 | 39.4 s/step | loss=0.0048, reward=0.4239, rewards/execution_reward/mean=0.4562, rewards/valid_sql_reward/mean=0.5625, kl=0.03195, entropy=0.09127, frac_reward_zero_std=0, completions/mean_length=25.31, grad_norm=9.523, learning_rate=3.368e-05
[2026-10-08 06:32:06 UTC] step 210/600 | 39.4 s/step | loss=-0.0059, reward=0.4177, rewards/execution_reward/mean=0.5375, rewards/valid_sql_reward/mean=0.75, kl=0.1035, entropy=0.149, frac_reward_zero_std=0, completions/mean_length=28.94, grad_norm=9.555, learning_rate=3.359e-05
[2026-10-08 06:32:53 UTC] step 211/600 | 39.5 s/step | loss=-0.0007, reward=0.3765, rewards/execution_reward/mean=0.4875, rewards/valid_sql_reward/mean=0.875, kl=0.06123, entropy=0.1417, frac_reward_zero_std=0, completions/mean_length=45.31, grad_norm=8.931, learning_rate=3.351e-05
[2026-10-08 06:33:11 UTC] step 212/600 | 39.4 s/step | loss=-0.0024, reward=0.7057, rewards/execution_reward/mean=0.8062, rewards/valid_sql_reward/mean=0.9375, kl=0.05862, entropy=0.09081, frac_reward_zero_std=0, completions/mean_length=42.88, grad_norm=9.173, learning_rate=3.342e-05
[2026-10-08 06:33:53 UTC] step 213/600 | 39.4 s/step | loss=0.0057, reward=0.6504, rewards/execution_reward/mean=0.7375, rewards/valid_sql_reward/mean=0.875, kl=0.05655, entropy=0.1122, frac_reward_zero_std=0, completions/mean_length=38.5, grad_norm=8.599, learning_rate=3.333e-05
[2026-10-08 06:34:37 UTC] step 214/600 | 39.4 s/step | loss=-0.0018, reward=0.5922, rewards/execution_reward/mean=0.6625, rewards/valid_sql_reward/mean=0.75, kl=0.03271, entropy=0.1193, frac_reward_zero_std=0, completions/mean_length=53.75, grad_norm=15.54, learning_rate=3.325e-05
[2026-10-08 06:35:09 UTC] step 215/600 | 39.4 s/step | loss=0.0002, reward=0.8892, rewards/execution_reward/mean=1, rewards/valid_sql_reward/mean=1, kl=0.08487, entropy=0.05383, frac_reward_zero_std=0, completions/mean_length=32.62, grad_norm=0.2843, learning_rate=3.316e-05
[2026-10-08 06:35:59 UTC] step 216/600 | 39.4 s/step | loss=0.001, reward=0.7441, rewards/execution_reward/mean=0.8062, rewards/valid_sql_reward/mean=0.9375, kl=0.06611, entropy=0.1002, frac_reward_zero_std=0, completions/mean_length=23.5, grad_norm=9.646, learning_rate=3.308e-05
[2026-10-08 06:36:45 UTC] step 217/600 | 39.4 s/step | loss=0.0037, reward=0.5322, rewards/execution_reward/mean=0.6062, rewards/valid_sql_reward/mean=0.8125, kl=0.03803, entropy=0.1211, frac_reward_zero_std=0, completions/mean_length=48.69, grad_norm=12.6, learning_rate=3.299e-05
[2026-10-08 06:37:36 UTC] step 218/600 | 39.5 s/step | loss=-0.0011, reward=0.454, rewards/execution_reward/mean=0.5187, rewards/valid_sql_reward/mean=0.5625, kl=0.03859, entropy=0.07486, frac_reward_zero_std=0, completions/mean_length=41.94, grad_norm=3.969, learning_rate=3.29e-05
[2026-10-08 06:38:48 UTC] step 219/600 | 39.6 s/step | loss=-0.001, reward=0.5979, rewards/execution_reward/mean=0.6812, rewards/valid_sql_reward/mean=0.9375, kl=0.04588, entropy=0.1029, frac_reward_zero_std=0, completions/mean_length=45.44, grad_norm=3.993, learning_rate=3.282e-05
[2026-10-08 06:39:13 UTC] step 220/600 | 39.6 s/step | loss=0.0058, reward=0.6688, rewards/execution_reward/mean=0.7937, rewards/valid_sql_reward/mean=0.8125, kl=0.0959, entropy=0.07936, frac_reward_zero_std=0, completions/mean_length=32.56, grad_norm=4.836, learning_rate=3.273e-05
[2026-10-08 06:39:36 UTC] step 221/600 | 39.5 s/step | loss=-0.0004, reward=0.8895, rewards/execution_reward/mean=1, rewards/valid_sql_reward/mean=1, kl=0.07452, entropy=0.1215, frac_reward_zero_std=0, completions/mean_length=37.06, grad_norm=1.302, learning_rate=3.265e-05
[2026-10-08 06:40:24 UTC] step 222/600 | 39.5 s/step | loss=-0.0003, reward=0.427, rewards/execution_reward/mean=0.5562, rewards/valid_sql_reward/mean=0.9375, kl=0.08805, entropy=0.1092, frac_reward_zero_std=0, completions/mean_length=36.69, grad_norm=6.262, learning_rate=3.256e-05
[2026-10-08 06:40:42 UTC] step 223/600 | 39.4 s/step | loss=0.0004, reward=0.908, rewards/execution_reward/mean=1, rewards/valid_sql_reward/mean=1, kl=0.06891, entropy=0.07886, frac_reward_zero_std=0, completions/mean_length=33.38, grad_norm=0.5991, learning_rate=3.247e-05
[2026-10-08 06:41:40 UTC] step 224/600 | 39.5 s/step | loss=-0.0062, reward=0.4298, rewards/execution_reward/mean=0.6062, rewards/valid_sql_reward/mean=0.8125, kl=0.1091, entropy=0.1193, frac_reward_zero_std=0, completions/mean_length=40.44, grad_norm=18.6, learning_rate=3.239e-05
[2026-10-08 06:42:39 UTC] step 225/600 | 39.6 s/step | loss=-0.0001, reward=0.3488, rewards/execution_reward/mean=0.425, rewards/valid_sql_reward/mean=0.875, kl=0.04252, entropy=0.1168, frac_reward_zero_std=0, completions/mean_length=44.81, grad_norm=13.46, learning_rate=3.23e-05
[2026-10-08 06:43:37 UTC] step 226/600 | 39.7 s/step | loss=-0.0062, reward=0.6835, rewards/execution_reward/mean=0.8125, rewards/valid_sql_reward/mean=1, kl=0.08333, entropy=0.1141, frac_reward_zero_std=0, completions/mean_length=38.69, grad_norm=11.09, learning_rate=3.222e-05
[2026-10-08 06:44:05 UTC] step 227/600 | 39.6 s/step | loss=0.002, reward=0.5519, rewards/execution_reward/mean=0.675, rewards/valid_sql_reward/mean=0.875, kl=0.1167, entropy=0.1011, frac_reward_zero_std=0, completions/mean_length=26.38, grad_norm=9.779, learning_rate=3.213e-05
[2026-10-08 06:44:46 UTC] step 228/600 | 39.7 s/step | loss=0.0005, reward=0.9702, rewards/execution_reward/mean=1, rewards/valid_sql_reward/mean=1, kl=0.02194, entropy=0.07384, frac_reward_zero_std=0, completions/mean_length=33.94, grad_norm=0.5674, learning_rate=3.204e-05
[2026-10-08 06:45:20 UTC] step 229/600 | 39.6 s/step | loss=0.0008, reward=0.6448, rewards/execution_reward/mean=0.725, rewards/valid_sql_reward/mean=0.75, kl=0.1003, entropy=0.106, frac_reward_zero_std=0, completions/mean_length=20, grad_norm=0.8675, learning_rate=3.196e-05
[2026-10-08 06:46:05 UTC] step 230/600 | 39.6 s/step | loss=-0.0016, reward=0.6876, rewards/execution_reward/mean=0.7937, rewards/valid_sql_reward/mean=0.8125, kl=0.05841, entropy=0.1052, frac_reward_zero_std=0, completions/mean_length=45.44, grad_norm=4.26, learning_rate=3.187e-05
[2026-10-08 06:46:53 UTC] step 231/600 | 39.7 s/step | loss=-0.0015, reward=0.5673, rewards/execution_reward/mean=0.6687, rewards/valid_sql_reward/mean=0.8125, kl=0.06382, entropy=0.09103, frac_reward_zero_std=0, completions/mean_length=39.75, grad_norm=4.284, learning_rate=3.179e-05
[2026-10-08 06:47:31 UTC] step 232/600 | 39.7 s/step | loss=0.0086, reward=0.4179, rewards/execution_reward/mean=0.5562, rewards/valid_sql_reward/mean=0.9375, kl=0.09641, entropy=0.07946, frac_reward_zero_std=0, completions/mean_length=35.88, grad_norm=10.66, learning_rate=3.17e-05
[2026-10-08 06:48:20 UTC] step 233/600 | 39.7 s/step | loss=0.002, reward=0.8588, rewards/execution_reward/mean=0.9312, rewards/valid_sql_reward/mean=0.9375, kl=0.04942, entropy=0.05657, frac_reward_zero_std=0, completions/mean_length=36.62, grad_norm=4.714, learning_rate=3.162e-05
[2026-10-08 06:49:07 UTC] step 234/600 | 39.7 s/step | loss=-0.0079, reward=0.4493, rewards/execution_reward/mean=0.5437, rewards/valid_sql_reward/mean=0.8125, kl=0.05645, entropy=0.1031, frac_reward_zero_std=0, completions/mean_length=41.81, grad_norm=10.4, learning_rate=3.153e-05
[2026-10-08 06:49:53 UTC] step 235/600 | 39.8 s/step | loss=-0.0011, reward=0.522, rewards/execution_reward/mean=0.6125, rewards/valid_sql_reward/mean=0.875, kl=0.05878, entropy=0.1301, frac_reward_zero_std=0, completions/mean_length=38.5, grad_norm=14, learning_rate=3.144e-05
[2026-10-08 06:50:43 UTC] step 236/600 | 39.8 s/step | loss=0.0159, reward=0.4261, rewards/execution_reward/mean=0.55, rewards/valid_sql_reward/mean=0.875, kl=0.07918, entropy=0.1082, frac_reward_zero_std=0, completions/mean_length=39.12, grad_norm=16.8, learning_rate=3.136e-05
[2026-10-08 06:51:36 UTC] step 237/600 | 39.9 s/step | loss=0.0017, reward=0.4945, rewards/execution_reward/mean=0.5437, rewards/valid_sql_reward/mean=0.8125, kl=0.03922, entropy=0.1273, frac_reward_zero_std=0, completions/mean_length=31.38, grad_norm=5.586, learning_rate=3.127e-05
[2026-10-08 06:52:25 UTC] step 238/600 | 39.9 s/step | loss=-0.0001, reward=0.6362, rewards/execution_reward/mean=0.75, rewards/valid_sql_reward/mean=1, kl=0.06867, entropy=0.06433, frac_reward_zero_std=0, completions/mean_length=41.44, grad_norm=0.2344, learning_rate=3.119e-05
[2026-10-08 06:53:08 UTC] step 239/600 | 39.9 s/step | loss=-0.0005, reward=0.7064, rewards/execution_reward/mean=0.8062, rewards/valid_sql_reward/mean=0.9375, kl=0.0641, entropy=0.1086, frac_reward_zero_std=0, completions/mean_length=38.94, grad_norm=9.428, learning_rate=3.11e-05
[2026-10-08 06:53:48 UTC] step 240/600 | 39.9 s/step | loss=-0.0004, reward=0.8728, rewards/execution_reward/mean=1, rewards/valid_sql_reward/mean=1, kl=0.07259, entropy=0.09928, frac_reward_zero_std=0, completions/mean_length=43.81, grad_norm=1.146, learning_rate=3.101e-05
[2026-10-08 06:54:32 UTC] step 241/600 | 39.9 s/step | loss=-0.0009, reward=0.6353, rewards/execution_reward/mean=0.725, rewards/valid_sql_reward/mean=0.75, kl=0.09347, entropy=0.08268, frac_reward_zero_std=0, completions/mean_length=24, grad_norm=1.043, learning_rate=3.093e-05
[2026-10-08 06:55:03 UTC] step 242/600 | 39.9 s/step | loss=0.0145, reward=0.6775, rewards/execution_reward/mean=0.8, rewards/valid_sql_reward/mean=0.875, kl=0.07741, entropy=0.09876, frac_reward_zero_std=0, completions/mean_length=39.56, grad_norm=18.1, learning_rate=3.084e-05
[2026-10-08 06:55:52 UTC] step 243/600 | 39.9 s/step | loss=0.0032, reward=0.3876, rewards/execution_reward/mean=0.475, rewards/valid_sql_reward/mean=0.75, kl=0.05517, entropy=0.141, frac_reward_zero_std=0, completions/mean_length=39.62, grad_norm=22.61, learning_rate=3.076e-05
[2026-10-08 06:56:14 UTC] step 244/600 | 39.9 s/step | loss=-0, reward=0.9156, rewards/execution_reward/mean=1, rewards/valid_sql_reward/mean=1, kl=0.08767, entropy=0.08742, frac_reward_zero_std=0, completions/mean_length=24.06, grad_norm=0.1875, learning_rate=3.067e-05
[2026-10-08 06:57:09 UTC] step 245/600 | 39.9 s/step | loss=0.0214, reward=0.5466, rewards/execution_reward/mean=0.6625, rewards/valid_sql_reward/mean=0.75, kl=0.06052, entropy=0.1363, frac_reward_zero_std=0, completions/mean_length=47.88, grad_norm=14.67, learning_rate=3.058e-05
[2026-10-08 06:58:02 UTC] step 246/600 | 40.0 s/step | loss=0.0023, reward=0.3363, rewards/execution_reward/mean=0.475, rewards/valid_sql_reward/mean=0.75, kl=0.06304, entropy=0.1576, frac_reward_zero_std=0, completions/mean_length=55, grad_norm=2.848, learning_rate=3.05e-05
[2026-10-08 06:58:48 UTC] step 247/600 | 40.0 s/step | loss=-0.0025, reward=0.5986, rewards/execution_reward/mean=0.7375, rewards/valid_sql_reward/mean=0.875, kl=0.07794, entropy=0.1027, frac_reward_zero_std=0, completions/mean_length=44.56, grad_norm=20.77, learning_rate=3.041e-05
[2026-10-08 06:59:34 UTC] step 248/600 | 40.0 s/step | loss=-0.0044, reward=0.9055, rewards/execution_reward/mean=1, rewards/valid_sql_reward/mean=1, kl=0.09245, entropy=0.1238, frac_reward_zero_std=0, completions/mean_length=25.56, grad_norm=3.731, learning_rate=3.033e-05
[2026-10-08 07:00:22 UTC] step 249/600 | 40.1 s/step | loss=-0.0003, reward=0.6111, rewards/execution_reward/mean=0.75, rewards/valid_sql_reward/mean=1, kl=0.1547, entropy=0.1141, frac_reward_zero_std=0, completions/mean_length=22.44, grad_norm=0.701, learning_rate=3.024e-05
[2026-10-08 07:01:08 UTC] step 250/600 | 40.1 s/step | loss=-0.0031, reward=0.6963, rewards/execution_reward/mean=0.75, rewards/valid_sql_reward/mean=1, kl=0.0459, entropy=0.1611, frac_reward_zero_std=0, completions/mean_length=29.25, grad_norm=18.81, learning_rate=3.015e-05
[2026-10-08 07:01:33 UTC] step 251/600 | 40.0 s/step | loss=-0.0042, reward=0.5635, rewards/execution_reward/mean=0.7437, rewards/valid_sql_reward/mean=0.9375, kl=0.1222, entropy=0.1947, frac_reward_zero_std=0, completions/mean_length=36.88, grad_norm=14.75, learning_rate=3.007e-05
[2026-10-08 07:02:43 UTC] step 252/600 | 40.1 s/step | loss=-0.0002, reward=0.6705, rewards/execution_reward/mean=0.7313, rewards/valid_sql_reward/mean=0.8125, kl=0.02576, entropy=0.1025, frac_reward_zero_std=0, completions/mean_length=59, grad_norm=11.87, learning_rate=2.998e-05
[2026-10-08 07:03:39 UTC] step 253/600 | 40.2 s/step | loss=-0.005, reward=0.3781, rewards/execution_reward/mean=0.4688, rewards/valid_sql_reward/mean=0.6875, kl=0.05131, entropy=0.1438, frac_reward_zero_std=0, completions/mean_length=44.19, grad_norm=11.29, learning_rate=2.99e-05
[2026-10-08 07:04:03 UTC] step 254/600 | 40.1 s/step | loss=-0.0034, reward=0.819, rewards/execution_reward/mean=0.9375, rewards/valid_sql_reward/mean=1, kl=0.0702, entropy=0.09732, frac_reward_zero_std=0, completions/mean_length=42.19, grad_norm=4.734, learning_rate=2.981e-05
[2026-10-08 07:04:33 UTC] step 255/600 | 40.1 s/step | loss=0.006, reward=0.5508, rewards/execution_reward/mean=0.5875, rewards/valid_sql_reward/mean=0.625, kl=0.02993, entropy=0.1299, frac_reward_zero_std=0, completions/mean_length=30.62, grad_norm=14.99, learning_rate=2.973e-05
[2026-10-08 07:04:54 UTC] step 256/600 | 40.0 s/step | loss=0, reward=0.8935, rewards/execution_reward/mean=0.9312, rewards/valid_sql_reward/mean=0.9375, kl=0.029, entropy=0.09758, frac_reward_zero_std=0, completions/mean_length=32.56, grad_norm=4.755, learning_rate=2.964e-05
[2026-10-08 07:05:42 UTC] step 257/600 | 40.1 s/step | loss=-0.0012, reward=0.9637, rewards/execution_reward/mean=1, rewards/valid_sql_reward/mean=1, kl=0.03553, entropy=0.1599, frac_reward_zero_std=0, completions/mean_length=25.56, grad_norm=1.847, learning_rate=2.955e-05
[2026-10-08 07:06:38 UTC] step 258/600 | 40.1 s/step | loss=-0.0037, reward=0.4995, rewards/execution_reward/mean=0.55, rewards/valid_sql_reward/mean=0.875, kl=0.04652, entropy=0.137, frac_reward_zero_std=0, completions/mean_length=27.12, grad_norm=10.36, learning_rate=2.947e-05
[2026-10-08 07:06:59 UTC] step 259/600 | 40.1 s/step | loss=-0.0021, reward=0.7974, rewards/execution_reward/mean=0.875, rewards/valid_sql_reward/mean=1, kl=0.06521, entropy=0.1238, frac_reward_zero_std=0, completions/mean_length=29.75, grad_norm=7.677, learning_rate=2.938e-05
[2026-10-08 07:07:53 UTC] step 260/600 | 40.1 s/step | loss=0.0005, reward=0.7046, rewards/execution_reward/mean=0.75, rewards/valid_sql_reward/mean=1, kl=0.03903, entropy=0.06024, frac_reward_zero_std=0, completions/mean_length=29.06, grad_norm=0.5541, learning_rate=2.93e-05
[2026-10-08 07:08:31 UTC] step 261/600 | 40.1 s/step | loss=0.0001, reward=0.9324, rewards/execution_reward/mean=1, rewards/valid_sql_reward/mean=1, kl=0.05347, entropy=0.1, frac_reward_zero_std=0, completions/mean_length=31.62, grad_norm=0.5724, learning_rate=2.921e-05
[2026-10-08 07:09:12 UTC] step 262/600 | 40.1 s/step | loss=0.0054, reward=0.5621, rewards/execution_reward/mean=0.6812, rewards/valid_sql_reward/mean=0.9375, kl=0.07232, entropy=0.1631, frac_reward_zero_std=0, completions/mean_length=41.19, grad_norm=11.01, learning_rate=2.912e-05
[2026-10-08 07:09:38 UTC] step 263/600 | 40.0 s/step | loss=-0.0018, reward=0.6135, rewards/execution_reward/mean=0.7375, rewards/valid_sql_reward/mean=0.875, kl=0.08491, entropy=0.09735, frac_reward_zero_std=0, completions/mean_length=36.5, grad_norm=11.97, learning_rate=2.904e-05
[2026-10-08 07:10:35 UTC] step 264/600 | 40.1 s/step | loss=-0.0007, reward=0.6125, rewards/execution_reward/mean=0.7312, rewards/valid_sql_reward/mean=0.8125, kl=0.08696, entropy=0.1109, frac_reward_zero_std=0, completions/mean_length=34.12, grad_norm=14.77, learning_rate=2.895e-05
[2026-10-08 07:11:16 UTC] step 265/600 | 40.1 s/step | loss=0.0004, reward=0.6566, rewards/execution_reward/mean=0.7375, rewards/valid_sql_reward/mean=0.875, kl=0.07286, entropy=0.08585, frac_reward_zero_std=0, completions/mean_length=27.75, grad_norm=0.6786, learning_rate=2.887e-05
[2026-10-08 07:11:59 UTC] step 266/600 | 40.1 s/step | loss=-0.0023, reward=0.4729, rewards/execution_reward/mean=0.5375, rewards/valid_sql_reward/mean=0.75, kl=0.039, entropy=0.06671, frac_reward_zero_std=0, completions/mean_length=41.44, grad_norm=4.471, learning_rate=2.878e-05
[2026-10-08 07:12:25 UTC] step 267/600 | 40.1 s/step | loss=-0.0029, reward=0.4141, rewards/execution_reward/mean=0.4875, rewards/valid_sql_reward/mean=0.875, kl=0.05299, entropy=0.09829, frac_reward_zero_std=0, completions/mean_length=34.62, grad_norm=9.757, learning_rate=2.869e-05
[2026-10-08 07:12:52 UTC] step 268/600 | 40.0 s/step | loss=-0.0041, reward=0.8227, rewards/execution_reward/mean=0.9312, rewards/valid_sql_reward/mean=0.9375, kl=0.08083, entropy=0.1223, frac_reward_zero_std=0, completions/mean_length=33.56, grad_norm=4.769, learning_rate=2.861e-05
[2026-10-08 07:13:38 UTC] step 269/600 | 40.0 s/step | loss=0.0075, reward=0.7197, rewards/execution_reward/mean=0.8062, rewards/valid_sql_reward/mean=0.9375, kl=0.09754, entropy=0.1196, frac_reward_zero_std=0, completions/mean_length=22.19, grad_norm=9.797, learning_rate=2.852e-05
[2026-10-08 07:14:15 UTC] step 270/600 | 40.0 s/step | loss=0.0046, reward=0.7666, rewards/execution_reward/mean=0.8062, rewards/valid_sql_reward/mean=0.9375, kl=0.02896, entropy=0.1045, frac_reward_zero_std=0, completions/mean_length=34.19, grad_norm=7.771, learning_rate=2.844e-05
[2026-10-08 07:15:01 UTC] step 271/600 | 40.1 s/step | loss=-0.0015, reward=0.7704, rewards/execution_reward/mean=0.8687, rewards/valid_sql_reward/mean=0.9375, kl=0.09663, entropy=0.1525, frac_reward_zero_std=0, completions/mean_length=25.44, grad_norm=5.553, learning_rate=2.835e-05
[2026-10-08 07:15:52 UTC] step 272/600 | 40.1 s/step | loss=0.0041, reward=0.6393, rewards/execution_reward/mean=0.7437, rewards/valid_sql_reward/mean=0.9375, kl=0.04234, entropy=0.0667, frac_reward_zero_std=0, completions/mean_length=61.69, grad_norm=7.771, learning_rate=2.826e-05
[2026-10-08 07:16:25 UTC] step 273/600 | 40.1 s/step | loss=-0.0026, reward=0.6053, rewards/execution_reward/mean=0.6625, rewards/valid_sql_reward/mean=0.75, kl=0.03446, entropy=0.09295, frac_reward_zero_std=0, completions/mean_length=41.5, grad_norm=8.76, learning_rate=2.818e-05
[2026-10-08 07:16:50 UTC] step 274/600 | 40.0 s/step | loss=-0.0041, reward=0.5498, rewards/execution_reward/mean=0.6125, rewards/valid_sql_reward/mean=0.875, kl=0.05512, entropy=0.1324, frac_reward_zero_std=0, completions/mean_length=28.44, grad_norm=6.934, learning_rate=2.809e-05
[2026-10-08 07:17:16 UTC] step 275/600 | 40.0 s/step | loss=-0.0018, reward=0.7319, rewards/execution_reward/mean=0.7937, rewards/valid_sql_reward/mean=0.8125, kl=0.06312, entropy=0.1814, frac_reward_zero_std=0, completions/mean_length=24.5, grad_norm=7.625, learning_rate=2.801e-05
[2026-10-08 07:18:10 UTC] step 276/600 | 40.0 s/step | loss=0.0044, reward=0.3531, rewards/execution_reward/mean=0.4313, rewards/valid_sql_reward/mean=0.9375, kl=0.04289, entropy=0.09253, frac_reward_zero_std=0, completions/mean_length=45.56, grad_norm=9.972, learning_rate=2.792e-05
[2026-10-08 07:18:58 UTC] step 277/600 | 40.0 s/step | loss=0.0001, reward=0.5038, rewards/execution_reward/mean=0.55, rewards/valid_sql_reward/mean=0.875, kl=0.03809, entropy=0.134, frac_reward_zero_std=0, completions/mean_length=30.31, grad_norm=5.938, learning_rate=2.784e-05
[2026-10-08 07:19:46 UTC] step 278/600 | 40.1 s/step | loss=0.0006, reward=0.7139, rewards/execution_reward/mean=0.75, rewards/valid_sql_reward/mean=1, kl=0.01823, entropy=0.1324, frac_reward_zero_std=0, completions/mean_length=49.5, grad_norm=11.17, learning_rate=2.775e-05
[2026-10-08 07:20:34 UTC] step 279/600 | 40.1 s/step | loss=0.004, reward=0.8085, rewards/execution_reward/mean=0.875, rewards/valid_sql_reward/mean=1, kl=0.05454, entropy=0.06449, frac_reward_zero_std=0, completions/mean_length=30.5, grad_norm=7.896, learning_rate=2.766e-05
[2026-10-08 07:21:31 UTC] step 280/600 | 40.2 s/step | loss=0.0127, reward=0.3111, rewards/execution_reward/mean=0.3438, rewards/valid_sql_reward/mean=0.6875, kl=0.02765, entropy=0.1148, frac_reward_zero_std=0, completions/mean_length=29.5, grad_norm=11.29, learning_rate=2.758e-05
[2026-10-08 07:21:55 UTC] step 281/600 | 40.1 s/step | loss=-0.0033, reward=0.4883, rewards/execution_reward/mean=0.5375, rewards/valid_sql_reward/mean=0.75, kl=0.03395, entropy=0.1306, frac_reward_zero_std=0, completions/mean_length=36.25, grad_norm=5.603, learning_rate=2.749e-05
[2026-10-08 07:22:26 UTC] step 282/600 | 40.1 s/step | loss=0, reward=0.9674, rewards/execution_reward/mean=1, rewards/valid_sql_reward/mean=1, kl=0.0433, entropy=0.1122, frac_reward_zero_std=0, completions/mean_length=18.81, grad_norm=0.2573, learning_rate=2.741e-05
[2026-10-08 07:22:50 UTC] step 283/600 | 40.0 s/step | loss=0.0021, reward=0.8717, rewards/execution_reward/mean=0.9312, rewards/valid_sql_reward/mean=0.9375, kl=0.04034, entropy=0.1406, frac_reward_zero_std=0, completions/mean_length=36.88, grad_norm=4.584, learning_rate=2.732e-05
[2026-10-08 07:23:29 UTC] step 284/600 | 40.0 s/step | loss=-0.0046, reward=0.4885, rewards/execution_reward/mean=0.5625, rewards/valid_sql_reward/mean=1, kl=0.05084, entropy=0.1465, frac_reward_zero_std=0, completions/mean_length=36.38, grad_norm=9.142, learning_rate=2.723e-05
[2026-10-08 07:24:09 UTC] step 285/600 | 40.0 s/step | loss=-0.0035, reward=0.818, rewards/execution_reward/mean=0.8625, rewards/valid_sql_reward/mean=0.875, kl=0.05767, entropy=0.1539, frac_reward_zero_std=0, completions/mean_length=19.31, grad_norm=8.99, learning_rate=2.715e-05
[2026-10-08 07:24:34 UTC] step 286/600 | 40.0 s/step | loss=-0.0047, reward=0.7634, rewards/execution_reward/mean=0.8125, rewards/valid_sql_reward/mean=1, kl=0.0317, entropy=0.1331, frac_reward_zero_std=0, completions/mean_length=38.75, grad_norm=10.9, learning_rate=2.706e-05
[2026-10-08 07:25:12 UTC] step 287/600 | 39.9 s/step | loss=-0.0015, reward=0.8544, rewards/execution_reward/mean=0.9312, rewards/valid_sql_reward/mean=0.9375, kl=0.05528, entropy=0.09924, frac_reward_zero_std=0, completions/mean_length=34.75, grad_norm=11.09, learning_rate=2.698e-05
[2026-10-08 07:26:04 UTC] step 288/600 | 40.0 s/step | loss=-0.0191, reward=0.7352, rewards/execution_reward/mean=0.7938, rewards/valid_sql_reward/mean=0.8125, kl=0.03944, entropy=0.1372, frac_reward_zero_std=0, completions/mean_length=37.12, grad_norm=14.37, learning_rate=2.689e-05
[2026-10-08 07:26:27 UTC] step 289/600 | 39.9 s/step | loss=0, reward=0.7242, rewards/execution_reward/mean=0.75, rewards/valid_sql_reward/mean=1, kl=0.02105, entropy=0.117, frac_reward_zero_std=0, completions/mean_length=30.62, grad_norm=0.718, learning_rate=2.68e-05
[2026-10-08 07:27:22 UTC] step 290/600 | 40.0 s/step | loss=-0.0026, reward=0.8481, rewards/execution_reward/mean=0.875, rewards/valid_sql_reward/mean=1, kl=0.02167, entropy=0.1181, frac_reward_zero_std=0, completions/mean_length=31, grad_norm=7.003, learning_rate=2.672e-05
[2026-10-08 07:27:56 UTC] step 291/600 | 40.0 s/step | loss=-0.0085, reward=0.5418, rewards/execution_reward/mean=0.6187, rewards/valid_sql_reward/mean=0.9375, kl=0.0496, entropy=0.148, frac_reward_zero_std=0, completions/mean_length=38.81, grad_norm=12.23, learning_rate=2.663e-05
[2026-10-08 07:28:35 UTC] step 292/600 | 40.0 s/step | loss=-0.0035, reward=0.8148, rewards/execution_reward/mean=0.875, rewards/valid_sql_reward/mean=1, kl=0.0507, entropy=0.1274, frac_reward_zero_std=0, completions/mean_length=29.69, grad_norm=6.991, learning_rate=2.655e-05
[2026-10-08 07:29:17 UTC] step 293/600 | 40.0 s/step | loss=0.0004, reward=0.6215, rewards/execution_reward/mean=0.6875, rewards/valid_sql_reward/mean=1, kl=0.06285, entropy=0.1739, frac_reward_zero_std=0, completions/mean_length=26.25, grad_norm=8.655, learning_rate=2.646e-05
[2026-10-08 07:30:12 UTC] step 294/600 | 40.0 s/step | loss=-0.0035, reward=0.4351, rewards/execution_reward/mean=0.4938, rewards/valid_sql_reward/mean=0.9375, kl=0.03387, entropy=0.1195, frac_reward_zero_std=0, completions/mean_length=43.31, grad_norm=9.077, learning_rate=2.637e-05
[2026-10-08 07:30:49 UTC] step 295/600 | 40.0 s/step | loss=0.0003, reward=0.9311, rewards/execution_reward/mean=1, rewards/valid_sql_reward/mean=1, kl=0.05259, entropy=0.07907, frac_reward_zero_std=0, completions/mean_length=32.75, grad_norm=1.932, learning_rate=2.629e-05
[2026-10-08 07:31:14 UTC] step 296/600 | 40.0 s/step | loss=0.0004, reward=0.8905, rewards/execution_reward/mean=0.9375, rewards/valid_sql_reward/mean=1, kl=0.04352, entropy=0.1298, frac_reward_zero_std=0, completions/mean_length=27, grad_norm=8.674, learning_rate=2.62e-05
[2026-10-08 07:32:02 UTC] step 297/600 | 40.0 s/step | loss=-0.0061, reward=0.5052, rewards/execution_reward/mean=0.5938, rewards/valid_sql_reward/mean=0.6875, kl=0.05391, entropy=0.1774, frac_reward_zero_std=0, completions/mean_length=41.06, grad_norm=8.846, learning_rate=2.612e-05
[2026-10-08 07:32:43 UTC] step 298/600 | 40.0 s/step | loss=0.0042, reward=0.4885, rewards/execution_reward/mean=0.55, rewards/valid_sql_reward/mean=0.875, kl=0.05736, entropy=0.1268, frac_reward_zero_std=0, completions/mean_length=26.81, grad_norm=5.928, learning_rate=2.603e-05
[2026-10-08 07:33:22 UTC] step 299/600 | 40.0 s/step | loss=0.0061, reward=0.6764, rewards/execution_reward/mean=0.7375, rewards/valid_sql_reward/mean=0.875, kl=0.03746, entropy=0.1156, frac_reward_zero_std=0, completions/mean_length=40.75, grad_norm=13.09, learning_rate=2.595e-05
[2026-10-08 07:33:45 UTC] step 300/600 | 39.9 s/step | loss=-0.004, reward=0.8219, rewards/execution_reward/mean=0.875, rewards/valid_sql_reward/mean=1, kl=0.04775, entropy=0.1429, frac_reward_zero_std=0, completions/mean_length=27.81, grad_norm=11.51, learning_rate=2.586e-05
[2026-10-08 07:33:46 UTC] checkpoint saved: checkpoint-300
[2026-10-08 07:34:20 UTC] step 301/600 | 39.9 s/step | loss=-0.0209, reward=0.7717, rewards/execution_reward/mean=0.8625, rewards/valid_sql_reward/mean=0.875, kl=0.04837, entropy=0.1431, frac_reward_zero_std=0, completions/mean_length=46.94, grad_norm=13.13, learning_rate=2.577e-05
[2026-10-08 07:35:05 UTC] step 302/600 | 39.9 s/step | loss=0.0028, reward=0.6358, rewards/execution_reward/mean=0.6812, rewards/valid_sql_reward/mean=0.9375, kl=0.04412, entropy=0.1491, frac_reward_zero_std=0, completions/mean_length=25.75, grad_norm=8.105, learning_rate=2.569e-05
[2026-10-08 07:35:26 UTC] step 303/600 | 39.9 s/step | loss=-0.0034, reward=0.8911, rewards/execution_reward/mean=0.9375, rewards/valid_sql_reward/mean=1, kl=0.0472, entropy=0.105, frac_reward_zero_std=0, completions/mean_length=24.56, grad_norm=3.593, learning_rate=2.56e-05
[2026-10-08 07:35:49 UTC] step 304/600 | 39.8 s/step | loss=0.0111, reward=0.8646, rewards/execution_reward/mean=0.9375, rewards/valid_sql_reward/mean=1, kl=0.05541, entropy=0.1008, frac_reward_zero_std=0, completions/mean_length=32.88, grad_norm=10.36, learning_rate=2.552e-05
[2026-10-08 07:36:14 UTC] step 305/600 | 39.8 s/step | loss=0.0091, reward=0.8077, rewards/execution_reward/mean=0.8687, rewards/valid_sql_reward/mean=0.9375, kl=0.04369, entropy=0.1258, frac_reward_zero_std=0, completions/mean_length=34.94, grad_norm=12.21, learning_rate=2.543e-05
[2026-10-08 07:37:29 UTC] step 306/600 | 39.9 s/step | loss=-0.0028, reward=0.1809, rewards/execution_reward/mean=0.275, rewards/valid_sql_reward/mean=0.625, kl=0.0301, entropy=0.125, frac_reward_zero_std=0, completions/mean_length=78.12, grad_norm=10.2, learning_rate=2.534e-05
[2026-10-08 07:38:09 UTC] step 307/600 | 39.9 s/step | loss=0.0071, reward=0.6444, rewards/execution_reward/mean=0.675, rewards/valid_sql_reward/mean=0.875, kl=0.02094, entropy=0.1254, frac_reward_zero_std=0, completions/mean_length=36.56, grad_norm=8.51, learning_rate=2.526e-05
[2026-10-08 07:38:29 UTC] step 308/600 | 39.8 s/step | loss=0.0001, reward=0.97, rewards/execution_reward/mean=1, rewards/valid_sql_reward/mean=1, kl=0.02966, entropy=0.1323, frac_reward_zero_std=0, completions/mean_length=25.25, grad_norm=0.4494, learning_rate=2.517e-05
[2026-10-08 07:39:23 UTC] step 309/600 | 39.9 s/step | loss=-0.0009, reward=0.9581, rewards/execution_reward/mean=1, rewards/valid_sql_reward/mean=1, kl=0.03016, entropy=0.1065, frac_reward_zero_std=0, completions/mean_length=34.75, grad_norm=0.914, learning_rate=2.509e-05
[2026-10-08 07:39:49 UTC] step 310/600 | 39.8 s/step | loss=-0.0037, reward=0.8851, rewards/execution_reward/mean=0.9312, rewards/valid_sql_reward/mean=0.9375, kl=0.03345, entropy=0.1338, frac_reward_zero_std=0, completions/mean_length=34.5, grad_norm=10.88, learning_rate=2.5e-05
[2026-10-08 07:40:29 UTC] step 311/600 | 39.8 s/step | loss=-0.0009, reward=0.5336, rewards/execution_reward/mean=0.625, rewards/valid_sql_reward/mean=1, kl=0.0854, entropy=0.1564, frac_reward_zero_std=0, completions/mean_length=26.75, grad_norm=8.204, learning_rate=2.491e-05
[2026-10-08 07:41:14 UTC] step 312/600 | 39.8 s/step | loss=-0.0014, reward=0.8069, rewards/execution_reward/mean=0.8625, rewards/valid_sql_reward/mean=0.875, kl=0.06305, entropy=0.1089, frac_reward_zero_std=0, completions/mean_length=22.06, grad_norm=6.022, learning_rate=2.483e-05
[2026-10-08 07:41:39 UTC] step 313/600 | 39.8 s/step | loss=-0.0018, reward=0.9278, rewards/execution_reward/mean=1, rewards/valid_sql_reward/mean=1, kl=0.05983, entropy=0.1502, frac_reward_zero_std=0, completions/mean_length=30.19, grad_norm=1.537, learning_rate=2.474e-05
[2026-10-08 07:42:05 UTC] step 314/600 | 39.7 s/step | loss=0.0004, reward=0.7108, rewards/execution_reward/mean=0.75, rewards/valid_sql_reward/mean=1, kl=0.03593, entropy=0.09143, frac_reward_zero_std=0, completions/mean_length=27.25, grad_norm=3.285, learning_rate=2.466e-05
[2026-10-08 07:42:49 UTC] step 315/600 | 39.8 s/step | loss=-0.0105, reward=0.5861, rewards/execution_reward/mean=0.6187, rewards/valid_sql_reward/mean=0.9375, kl=0.02578, entropy=0.1054, frac_reward_zero_std=0, completions/mean_length=31.69, grad_norm=11.53, learning_rate=2.457e-05
[2026-10-08 07:43:42 UTC] step 316/600 | 39.8 s/step | loss=-0.0053, reward=0.6981, rewards/execution_reward/mean=0.7437, rewards/valid_sql_reward/mean=0.9375, kl=0.04435, entropy=0.1077, frac_reward_zero_std=0, completions/mean_length=25.75, grad_norm=6.556, learning_rate=2.448e-05
[2026-10-08 07:44:17 UTC] step 317/600 | 39.8 s/step | loss=-0.0026, reward=0.4486, rewards/execution_reward/mean=0.4875, rewards/valid_sql_reward/mean=0.875, kl=0.04216, entropy=0.2006, frac_reward_zero_std=0, completions/mean_length=23.06, grad_norm=9.478, learning_rate=2.44e-05
[2026-10-08 07:44:56 UTC] step 318/600 | 39.8 s/step | loss=0.0025, reward=0.5195, rewards/execution_reward/mean=0.5938, rewards/valid_sql_reward/mean=0.6875, kl=0.0515, entropy=0.1266, frac_reward_zero_std=0, completions/mean_length=36.06, grad_norm=8.312, learning_rate=2.431e-05
[2026-10-08 07:45:15 UTC] step 319/600 | 39.7 s/step | loss=-0.0032, reward=0.3217, rewards/execution_reward/mean=0.3625, rewards/valid_sql_reward/mean=0.875, kl=0.03269, entropy=0.1712, frac_reward_zero_std=0, completions/mean_length=31.19, grad_norm=7.499, learning_rate=2.423e-05
[2026-10-08 07:45:57 UTC] step 320/600 | 39.7 s/step | loss=-0.0022, reward=0.5582, rewards/execution_reward/mean=0.6562, rewards/valid_sql_reward/mean=0.6875, kl=0.1043, entropy=0.1202, frac_reward_zero_std=0, completions/mean_length=23.5, grad_norm=13.57, learning_rate=2.414e-05
[2026-10-08 07:46:32 UTC] step 321/600 | 39.7 s/step | loss=-0.0021, reward=0.8982, rewards/execution_reward/mean=0.9312, rewards/valid_sql_reward/mean=0.9375, kl=0.03519, entropy=0.04984, frac_reward_zero_std=0, completions/mean_length=23.5, grad_norm=6.058, learning_rate=2.405e-05
[2026-10-08 07:47:19 UTC] step 322/600 | 39.7 s/step | loss=-0.0037, reward=0.4434, rewards/execution_reward/mean=0.5438, rewards/valid_sql_reward/mean=0.8125, kl=0.07021, entropy=0.1726, frac_reward_zero_std=0, completions/mean_length=35.75, grad_norm=13.23, learning_rate=2.397e-05
[2026-10-08 07:47:43 UTC] step 323/600 | 39.7 s/step | loss=-0, reward=0.649, rewards/execution_reward/mean=0.7437, rewards/valid_sql_reward/mean=0.9375, kl=0.0678, entropy=0.1237, frac_reward_zero_std=0, completions/mean_length=34.94, grad_norm=8.649, learning_rate=2.388e-05
[2026-10-08 07:48:34 UTC] step 324/600 | 39.7 s/step | loss=0.0034, reward=0.633, rewards/execution_reward/mean=0.6875, rewards/valid_sql_reward/mean=1, kl=0.0546, entropy=0.1157, frac_reward_zero_std=0, completions/mean_length=24.94, grad_norm=4.784, learning_rate=2.38e-05
[2026-10-08 07:49:10 UTC] step 325/600 | 39.7 s/step | loss=-0.0026, reward=0.3896, rewards/execution_reward/mean=0.4812, rewards/valid_sql_reward/mean=0.8125, kl=0.0867, entropy=0.1413, frac_reward_zero_std=0, completions/mean_length=26.44, grad_norm=11.45, learning_rate=2.371e-05
[2026-10-08 07:49:34 UTC] step 326/600 | 39.7 s/step | loss=0.0005, reward=0.9464, rewards/execution_reward/mean=1, rewards/valid_sql_reward/mean=1, kl=0.06141, entropy=0.0638, frac_reward_zero_std=0, completions/mean_length=21.81, grad_norm=1.662, learning_rate=2.363e-05
[2026-10-08 07:50:19 UTC] step 327/600 | 39.7 s/step | loss=0.0006, reward=0.9556, rewards/execution_reward/mean=1, rewards/valid_sql_reward/mean=1, kl=0.04393, entropy=0.06021, frac_reward_zero_std=0, completions/mean_length=25.25, grad_norm=0.6992, learning_rate=2.354e-05
[2026-10-08 07:50:39 UTC] step 328/600 | 39.6 s/step | loss=-0.0035, reward=0.602, rewards/execution_reward/mean=0.6625, rewards/valid_sql_reward/mean=0.75, kl=0.06065, entropy=0.1082, frac_reward_zero_std=0, completions/mean_length=24.94, grad_norm=4.221, learning_rate=2.345e-05
[2026-10-08 07:51:27 UTC] step 329/600 | 39.6 s/step | loss=0.0021, reward=0.8703, rewards/execution_reward/mean=0.9375, rewards/valid_sql_reward/mean=1, kl=0.05684, entropy=0.1285, frac_reward_zero_std=0, completions/mean_length=29.56, grad_norm=7.585, learning_rate=2.337e-05
[2026-10-08 07:52:01 UTC] step 330/600 | 39.6 s/step | loss=-0.0001, reward=0.9575, rewards/execution_reward/mean=1, rewards/valid_sql_reward/mean=1, kl=0.04786, entropy=0.08563, frac_reward_zero_std=0, completions/mean_length=22.19, grad_norm=0.1541, learning_rate=2.328e-05
[2026-10-08 07:53:00 UTC] step 331/600 | 39.7 s/step | loss=-0.0015, reward=0.9016, rewards/execution_reward/mean=0.9375, rewards/valid_sql_reward/mean=1, kl=0.03181, entropy=0.09789, frac_reward_zero_std=0, completions/mean_length=28.25, grad_norm=3.403, learning_rate=2.32e-05
[2026-10-08 07:53:46 UTC] step 332/600 | 39.7 s/step | loss=0.0029, reward=0.7914, rewards/execution_reward/mean=0.8625, rewards/valid_sql_reward/mean=0.875, kl=0.04982, entropy=0.1067, frac_reward_zero_std=0, completions/mean_length=35.69, grad_norm=6.769, learning_rate=2.311e-05
[2026-10-08 07:54:34 UTC] step 333/600 | 39.7 s/step | loss=-0.0003, reward=0.7425, rewards/execution_reward/mean=0.8, rewards/valid_sql_reward/mean=0.875, kl=0.04961, entropy=0.1159, frac_reward_zero_std=0, completions/mean_length=29, grad_norm=5.983, learning_rate=2.302e-05
[2026-10-08 07:55:17 UTC] step 334/600 | 39.7 s/step | loss=-0.0041, reward=0.8738, rewards/execution_reward/mean=0.9312, rewards/valid_sql_reward/mean=0.9375, kl=0.05126, entropy=0.1152, frac_reward_zero_std=0, completions/mean_length=28, grad_norm=4.158, learning_rate=2.294e-05
[2026-10-08 07:55:48 UTC] step 335/600 | 39.7 s/step | loss=0.0021, reward=0.5163, rewards/execution_reward/mean=0.5562, rewards/valid_sql_reward/mean=0.9375, kl=0.03235, entropy=0.1694, frac_reward_zero_std=0, completions/mean_length=30.88, grad_norm=16.36, learning_rate=2.285e-05
[2026-10-08 07:56:37 UTC] step 336/600 | 39.7 s/step | loss=-0.0029, reward=0.5542, rewards/execution_reward/mean=0.6812, rewards/valid_sql_reward/mean=0.9375, kl=0.09554, entropy=0.09749, frac_reward_zero_std=0, completions/mean_length=33.25, grad_norm=11.51, learning_rate=2.277e-05
[2026-10-08 07:57:18 UTC] step 337/600 | 39.7 s/step | loss=0.0068, reward=0.5916, rewards/execution_reward/mean=0.6187, rewards/valid_sql_reward/mean=0.9375, kl=0.026, entropy=0.1429, frac_reward_zero_std=0, completions/mean_length=26.12, grad_norm=7.589, learning_rate=2.268e-05
[2026-10-08 07:58:07 UTC] step 338/600 | 39.8 s/step | loss=0.0013, reward=0.7922, rewards/execution_reward/mean=0.875, rewards/valid_sql_reward/mean=1, kl=0.05564, entropy=0.1043, frac_reward_zero_std=0, completions/mean_length=37.19, grad_norm=11.76, learning_rate=2.259e-05
[2026-10-08 07:58:29 UTC] step 339/600 | 39.7 s/step | loss=0.0065, reward=0.7714, rewards/execution_reward/mean=0.8062, rewards/valid_sql_reward/mean=0.9375, kl=0.02832, entropy=0.109, frac_reward_zero_std=0, completions/mean_length=30.75, grad_norm=14.81, learning_rate=2.251e-05
[2026-10-08 07:59:23 UTC] step 340/600 | 39.8 s/step | loss=0.0003, reward=0.7084, rewards/execution_reward/mean=0.75, rewards/valid_sql_reward/mean=1, kl=0.0462, entropy=0.1288, frac_reward_zero_std=0, completions/mean_length=22.5, grad_norm=1.207, learning_rate=2.242e-05
[2026-10-08 07:59:57 UTC] step 341/600 | 39.7 s/step | loss=-0.0038, reward=0.4959, rewards/execution_reward/mean=0.5437, rewards/valid_sql_reward/mean=0.8125, kl=0.0545, entropy=0.1328, frac_reward_zero_std=0, completions/mean_length=21.94, grad_norm=7.466, learning_rate=2.234e-05
[2026-10-08 08:00:44 UTC] step 342/600 | 39.8 s/step | loss=0.0065, reward=0.2792, rewards/execution_reward/mean=0.3125, rewards/valid_sql_reward/mean=0.375, kl=0.02817, entropy=0.2006, frac_reward_zero_std=0, completions/mean_length=29.56, grad_norm=9.914, learning_rate=2.225e-05
[2026-10-08 08:01:20 UTC] step 343/600 | 39.8 s/step | loss=0.0018, reward=0.646, rewards/execution_reward/mean=0.7312, rewards/valid_sql_reward/mean=0.8125, kl=0.05752, entropy=0.1282, frac_reward_zero_std=0, completions/mean_length=37.06, grad_norm=8.706, learning_rate=2.216e-05
[2026-10-08 08:01:55 UTC] step 344/600 | 39.7 s/step | loss=0.0023, reward=0.7715, rewards/execution_reward/mean=0.8062, rewards/valid_sql_reward/mean=0.9375, kl=0.02398, entropy=0.1432, frac_reward_zero_std=0, completions/mean_length=36.19, grad_norm=7.493, learning_rate=2.208e-05
[2026-10-08 08:02:25 UTC] step 345/600 | 39.7 s/step | loss=0.0101, reward=0.8898, rewards/execution_reward/mean=0.9312, rewards/valid_sql_reward/mean=0.9375, kl=0.04364, entropy=0.1939, frac_reward_zero_std=0, completions/mean_length=23.75, grad_norm=11.42, learning_rate=2.199e-05
[2026-10-08 08:03:03 UTC] step 346/600 | 39.7 s/step | loss=0.006, reward=0.3594, rewards/execution_reward/mean=0.4563, rewards/valid_sql_reward/mean=0.5625, kl=0.06459, entropy=0.1245, frac_reward_zero_std=0, completions/mean_length=37.5, grad_norm=9.66, learning_rate=2.191e-05
[2026-10-08 08:03:47 UTC] step 347/600 | 39.7 s/step | loss=-0.0037, reward=0.8905, rewards/execution_reward/mean=0.9375, rewards/valid_sql_reward/mean=1, kl=0.04081, entropy=0.1313, frac_reward_zero_std=0, completions/mean_length=28.81, grad_norm=4.139, learning_rate=2.182e-05
[2026-10-08 08:04:40 UTC] step 348/600 | 39.8 s/step | loss=0.0072, reward=0.6044, rewards/execution_reward/mean=0.675, rewards/valid_sql_reward/mean=0.875, kl=0.04245, entropy=0.1346, frac_reward_zero_std=0, completions/mean_length=41.56, grad_norm=9.973, learning_rate=2.174e-05
[2026-10-08 08:05:29 UTC] step 349/600 | 39.8 s/step | loss=-0.0024, reward=0.6604, rewards/execution_reward/mean=0.7375, rewards/valid_sql_reward/mean=0.875, kl=0.04678, entropy=0.08437, frac_reward_zero_std=0, completions/mean_length=41.19, grad_norm=3.086, learning_rate=2.165e-05
[2026-10-08 08:06:17 UTC] step 350/600 | 39.8 s/step | loss=0.0027, reward=0.9792, rewards/execution_reward/mean=1, rewards/valid_sql_reward/mean=1, kl=0.01708, entropy=0.1021, frac_reward_zero_std=0, completions/mean_length=30.44, grad_norm=2.752, learning_rate=2.156e-05
[2026-10-08 08:06:46 UTC] step 351/600 | 39.8 s/step | loss=0.0006, reward=0.5737, rewards/execution_reward/mean=0.6187, rewards/valid_sql_reward/mean=0.9375, kl=0.05203, entropy=0.1426, frac_reward_zero_std=0, completions/mean_length=21.62, grad_norm=11.95, learning_rate=2.148e-05
[2026-10-08 08:07:34 UTC] step 352/600 | 39.8 s/step | loss=-0.0084, reward=0.3263, rewards/execution_reward/mean=0.3688, rewards/valid_sql_reward/mean=0.9375, kl=0.02823, entropy=0.1073, frac_reward_zero_std=0, completions/mean_length=37.62, grad_norm=7.394, learning_rate=2.139e-05
[2026-10-08 08:07:56 UTC] step 353/600 | 39.7 s/step | loss=0.0001, reward=0.6755, rewards/execution_reward/mean=0.725, rewards/valid_sql_reward/mean=0.75, kl=0.04458, entropy=0.143, frac_reward_zero_std=0, completions/mean_length=27.75, grad_norm=0.2909, learning_rate=2.131e-05
[2026-10-08 08:08:52 UTC] step 354/600 | 39.8 s/step | loss=0.0011, reward=0.2793, rewards/execution_reward/mean=0.3313, rewards/valid_sql_reward/mean=0.5625, kl=0.02131, entropy=0.1066, frac_reward_zero_std=0, completions/mean_length=61, grad_norm=8.982, learning_rate=2.122e-05
[2026-10-08 08:09:32 UTC] step 355/600 | 39.8 s/step | loss=-0.0035, reward=0.3814, rewards/execution_reward/mean=0.4375, rewards/valid_sql_reward/mean=1, kl=0.06488, entropy=0.1396, frac_reward_zero_std=0, completions/mean_length=21.62, grad_norm=6.667, learning_rate=2.113e-05
[2026-10-08 08:10:17 UTC] step 356/600 | 39.8 s/step | loss=0.0004, reward=0.803, rewards/execution_reward/mean=0.8625, rewards/valid_sql_reward/mean=0.875, kl=0.0494, entropy=0.1012, frac_reward_zero_std=0, completions/mean_length=30.12, grad_norm=5.525, learning_rate=2.105e-05
[2026-10-08 08:10:35 UTC] step 357/600 | 39.7 s/step | loss=0.004, reward=0.7641, rewards/execution_reward/mean=0.8625, rewards/valid_sql_reward/mean=0.875, kl=0.09155, entropy=0.1625, frac_reward_zero_std=0, completions/mean_length=26.88, grad_norm=9.457, learning_rate=2.096e-05
[2026-10-08 08:11:19 UTC] step 358/600 | 39.8 s/step | loss=0.0043, reward=0.4894, rewards/execution_reward/mean=0.5437, rewards/valid_sql_reward/mean=0.8125, kl=0.03476, entropy=0.1097, frac_reward_zero_std=0, completions/mean_length=39.06, grad_norm=9.114, learning_rate=2.088e-05
[2026-10-08 08:12:10 UTC] step 359/600 | 39.8 s/step | loss=0.0096, reward=0.6961, rewards/execution_reward/mean=0.8125, rewards/valid_sql_reward/mean=1, kl=0.04684, entropy=0.08948, frac_reward_zero_std=0, completions/mean_length=62.12, grad_norm=17.7, learning_rate=2.079e-05
[2026-10-08 08:13:00 UTC] step 360/600 | 39.8 s/step | loss=0.0092, reward=0.5378, rewards/execution_reward/mean=0.5938, rewards/valid_sql_reward/mean=0.6875, kl=0.03147, entropy=0.1019, frac_reward_zero_std=0, completions/mean_length=44.44, grad_norm=6.794, learning_rate=2.07e-05
[2026-10-08 08:13:42 UTC] step 361/600 | 39.8 s/step | loss=0.0043, reward=0.7693, rewards/execution_reward/mean=0.8062, rewards/valid_sql_reward/mean=0.9375, kl=0.02974, entropy=0.1329, frac_reward_zero_std=0, completions/mean_length=31.06, grad_norm=7.612, learning_rate=2.062e-05
[2026-10-08 08:14:40 UTC] step 362/600 | 39.9 s/step | loss=0.0004, reward=0.9764, rewards/execution_reward/mean=1, rewards/valid_sql_reward/mean=1, kl=0.0215, entropy=0.1056, frac_reward_zero_std=0, completions/mean_length=27.44, grad_norm=1.498, learning_rate=2.053e-05
[2026-10-08 08:15:12 UTC] step 363/600 | 39.9 s/step | loss=0.0059, reward=0.6237, rewards/execution_reward/mean=0.675, rewards/valid_sql_reward/mean=0.875, kl=0.02876, entropy=0.07976, frac_reward_zero_std=0, completions/mean_length=44.62, grad_norm=14.36, learning_rate=2.045e-05
[2026-10-08 08:15:32 UTC] step 364/600 | 39.8 s/step | loss=0.0037, reward=0.8736, rewards/execution_reward/mean=0.9312, rewards/valid_sql_reward/mean=0.9375, kl=0.0357, entropy=0.0852, frac_reward_zero_std=0, completions/mean_length=40.38, grad_norm=4.464, learning_rate=2.036e-05
[2026-10-08 08:16:07 UTC] step 365/600 | 39.8 s/step | loss=0.0055, reward=0.5091, rewards/execution_reward/mean=0.55, rewards/valid_sql_reward/mean=0.875, kl=0.02335, entropy=0.1335, frac_reward_zero_std=0, completions/mean_length=43.75, grad_norm=7.9, learning_rate=2.027e-05
[2026-10-08 08:16:45 UTC] step 366/600 | 39.8 s/step | loss=0.0035, reward=0.3868, rewards/execution_reward/mean=0.4187, rewards/valid_sql_reward/mean=0.8125, kl=0.01833, entropy=0.1365, frac_reward_zero_std=0, completions/mean_length=43.5, grad_norm=7.995, learning_rate=2.019e-05
[2026-10-08 08:17:13 UTC] step 367/600 | 39.7 s/step | loss=0.0035, reward=0.5652, rewards/execution_reward/mean=0.6062, rewards/valid_sql_reward/mean=0.8125, kl=0.02412, entropy=0.1106, frac_reward_zero_std=0, completions/mean_length=42.5, grad_norm=11.47, learning_rate=2.01e-05
[2026-10-08 08:17:46 UTC] step 368/600 | 39.7 s/step | loss=0.0084, reward=0.7065, rewards/execution_reward/mean=0.75, rewards/valid_sql_reward/mean=1, kl=0.02971, entropy=0.1478, frac_reward_zero_std=0, completions/mean_length=36.62, grad_norm=10.81, learning_rate=2.002e-05
[2026-10-08 08:18:34 UTC] step 369/600 | 39.8 s/step | loss=0.0012, reward=0.5247, rewards/execution_reward/mean=0.5625, rewards/valid_sql_reward/mean=1, kl=0.03087, entropy=0.158, frac_reward_zero_std=0, completions/mean_length=30.62, grad_norm=3.743, learning_rate=1.993e-05
[2026-10-08 08:18:55 UTC] step 370/600 | 39.7 s/step | loss=0.0011, reward=0.9756, rewards/execution_reward/mean=1, rewards/valid_sql_reward/mean=1, kl=0.012, entropy=0.1083, frac_reward_zero_std=0, completions/mean_length=50.81, grad_norm=2.288, learning_rate=1.985e-05
[2026-10-08 08:19:37 UTC] step 371/600 | 39.7 s/step | loss=0.0017, reward=0.7516, rewards/execution_reward/mean=0.8125, rewards/valid_sql_reward/mean=1, kl=0.03632, entropy=0.1362, frac_reward_zero_std=0, completions/mean_length=41.94, grad_norm=9.993, learning_rate=1.976e-05
[2026-10-08 08:20:23 UTC] step 372/600 | 39.7 s/step | loss=0.0025, reward=0.8929, rewards/execution_reward/mean=0.9375, rewards/valid_sql_reward/mean=1, kl=0.02866, entropy=0.07356, frac_reward_zero_std=0, completions/mean_length=38.88, grad_norm=9.343, learning_rate=1.967e-05
[2026-10-08 08:20:59 UTC] step 373/600 | 39.7 s/step | loss=0.0012, reward=0.8958, rewards/execution_reward/mean=0.9312, rewards/valid_sql_reward/mean=0.9375, kl=0.03324, entropy=0.1297, frac_reward_zero_std=0, completions/mean_length=26.69, grad_norm=5.469, learning_rate=1.959e-05
[2026-10-08 08:21:44 UTC] step 374/600 | 39.7 s/step | loss=0.0001, reward=0.9409, rewards/execution_reward/mean=1, rewards/valid_sql_reward/mean=1, kl=0.05646, entropy=0.09997, frac_reward_zero_std=0, completions/mean_length=26.19, grad_norm=1.557, learning_rate=1.95e-05
[2026-10-08 08:22:44 UTC] step 375/600 | 39.8 s/step | loss=-0.0029, reward=0.3614, rewards/execution_reward/mean=0.4062, rewards/valid_sql_reward/mean=0.6875, kl=0.02713, entropy=0.1126, frac_reward_zero_std=0, completions/mean_length=41.31, grad_norm=13.34, learning_rate=1.942e-05
[2026-10-08 08:23:29 UTC] step 376/600 | 39.8 s/step | loss=0.0045, reward=0.8846, rewards/execution_reward/mean=0.9312, rewards/valid_sql_reward/mean=0.9375, kl=0.03754, entropy=0.08656, frac_reward_zero_std=0, completions/mean_length=31.06, grad_norm=7.523, learning_rate=1.933e-05
[2026-10-08 08:24:23 UTC] step 377/600 | 39.8 s/step | loss=-0.0112, reward=0.6867, rewards/execution_reward/mean=0.7313, rewards/valid_sql_reward/mean=0.8125, kl=0.019, entropy=0.08855, frac_reward_zero_std=0, completions/mean_length=58.56, grad_norm=19.37, learning_rate=1.924e-05
[2026-10-08 08:25:20 UTC] step 378/600 | 39.9 s/step | loss=0.0085, reward=0.582, rewards/execution_reward/mean=0.625, rewards/valid_sql_reward/mean=1, kl=0.02897, entropy=0.08182, frac_reward_zero_std=0, completions/mean_length=37.12, grad_norm=7.963, learning_rate=1.916e-05
[2026-10-08 08:25:45 UTC] step 379/600 | 39.8 s/step | loss=-0.0038, reward=0.6285, rewards/execution_reward/mean=0.7375, rewards/valid_sql_reward/mean=0.875, kl=0.08846, entropy=0.1257, frac_reward_zero_std=0, completions/mean_length=30.81, grad_norm=12.31, learning_rate=1.907e-05
[2026-10-08 08:26:29 UTC] step 380/600 | 39.9 s/step | loss=-0.0055, reward=0.6885, rewards/execution_reward/mean=0.75, rewards/valid_sql_reward/mean=1, kl=0.04286, entropy=0.1011, frac_reward_zero_std=0, completions/mean_length=35.88, grad_norm=9.516, learning_rate=1.899e-05
[2026-10-08 08:27:07 UTC] step 381/600 | 39.8 s/step | loss=0.0012, reward=0.5802, rewards/execution_reward/mean=0.6125, rewards/valid_sql_reward/mean=0.875, kl=0.02233, entropy=0.1158, frac_reward_zero_std=0, completions/mean_length=36.12, grad_norm=9.831, learning_rate=1.89e-05
[2026-10-08 08:28:02 UTC] step 382/600 | 39.9 s/step | loss=0.011, reward=0.834, rewards/execution_reward/mean=0.8625, rewards/valid_sql_reward/mean=0.875, kl=0.02385, entropy=0.08786, frac_reward_zero_std=0, completions/mean_length=29.88, grad_norm=10.06, learning_rate=1.881e-05
[2026-10-08 08:28:56 UTC] step 383/600 | 39.9 s/step | loss=-0.0023, reward=0.6448, rewards/execution_reward/mean=0.6812, rewards/valid_sql_reward/mean=0.9375, kl=0.02912, entropy=0.1192, frac_reward_zero_std=0, completions/mean_length=31.25, grad_norm=9.843, learning_rate=1.873e-05
[2026-10-08 08:29:36 UTC] step 384/600 | 39.9 s/step | loss=-0.0015, reward=0.7641, rewards/execution_reward/mean=0.8125, rewards/valid_sql_reward/mean=1, kl=0.03193, entropy=0.1087, frac_reward_zero_std=0, completions/mean_length=37.88, grad_norm=5.603, learning_rate=1.864e-05
[2026-10-08 08:29:54 UTC] step 385/600 | 39.9 s/step | loss=-0.0001, reward=0.9526, rewards/execution_reward/mean=1, rewards/valid_sql_reward/mean=1, kl=0.05242, entropy=0.1318, frac_reward_zero_std=0, completions/mean_length=22.62, grad_norm=0.9127, learning_rate=1.856e-05
[2026-10-08 08:30:38 UTC] step 386/600 | 39.9 s/step | loss=0.0025, reward=0.5401, rewards/execution_reward/mean=0.625, rewards/valid_sql_reward/mean=1, kl=0.04762, entropy=0.1098, frac_reward_zero_std=0, completions/mean_length=44.56, grad_norm=10.19, learning_rate=1.847e-05
[2026-10-08 08:31:17 UTC] step 387/600 | 39.9 s/step | loss=0, reward=0.9655, rewards/execution_reward/mean=1, rewards/valid_sql_reward/mean=1, kl=0.032, entropy=0.1087, frac_reward_zero_std=0, completions/mean_length=26.94, grad_norm=0.3119, learning_rate=1.838e-05
[2026-10-08 08:31:42 UTC] step 388/600 | 39.8 s/step | loss=-0.0022, reward=0.8105, rewards/execution_reward/mean=0.875, rewards/valid_sql_reward/mean=1, kl=0.04248, entropy=0.1, frac_reward_zero_std=0, completions/mean_length=37.94, grad_norm=11.19, learning_rate=1.83e-05
[2026-10-08 08:32:02 UTC] step 389/600 | 39.8 s/step | loss=-0.0073, reward=0.4459, rewards/execution_reward/mean=0.4813, rewards/valid_sql_reward/mean=0.8125, kl=0.02649, entropy=0.105, frac_reward_zero_std=0, completions/mean_length=33.38, grad_norm=19.16, learning_rate=1.821e-05
[2026-10-08 08:32:52 UTC] step 390/600 | 39.8 s/step | loss=0.0002, reward=0.7083, rewards/execution_reward/mean=0.75, rewards/valid_sql_reward/mean=1, kl=0.02802, entropy=0.08606, frac_reward_zero_std=0, completions/mean_length=37.19, grad_norm=0.5471, learning_rate=1.813e-05
[2026-10-08 08:33:27 UTC] step 391/600 | 39.8 s/step | loss=0.0089, reward=0.5965, rewards/execution_reward/mean=0.6187, rewards/valid_sql_reward/mean=0.9375, kl=0.01715, entropy=0.1205, frac_reward_zero_std=0, completions/mean_length=32.44, grad_norm=8.168, learning_rate=1.804e-05
[2026-10-08 08:33:53 UTC] step 392/600 | 39.8 s/step | loss=-0.0087, reward=0.8529, rewards/execution_reward/mean=0.8687, rewards/valid_sql_reward/mean=0.9375, kl=0.009984, entropy=0.1443, frac_reward_zero_std=0, completions/mean_length=39.69, grad_norm=7.697, learning_rate=1.796e-05
[2026-10-08 08:34:37 UTC] step 393/600 | 39.8 s/step | loss=0.0009, reward=0.8344, rewards/execution_reward/mean=0.875, rewards/valid_sql_reward/mean=1, kl=0.05614, entropy=0.1485, frac_reward_zero_std=0, completions/mean_length=18.06, grad_norm=13.37, learning_rate=1.787e-05
[2026-10-08 08:35:22 UTC] step 394/600 | 39.8 s/step | loss=-0.0015, reward=0.9451, rewards/execution_reward/mean=1, rewards/valid_sql_reward/mean=1, kl=0.06002, entropy=0.1733, frac_reward_zero_std=0, completions/mean_length=22.88, grad_norm=1.666, learning_rate=1.778e-05
[2026-10-08 08:35:53 UTC] step 395/600 | 39.8 s/step | loss=0.0062, reward=0.607, rewards/execution_reward/mean=0.6687, rewards/valid_sql_reward/mean=0.8125, kl=0.04696, entropy=0.1764, frac_reward_zero_std=0, completions/mean_length=32.88, grad_norm=14.27, learning_rate=1.77e-05
[2026-10-08 08:36:46 UTC] step 396/600 | 39.8 s/step | loss=0.0022, reward=0.6491, rewards/execution_reward/mean=0.6812, rewards/valid_sql_reward/mean=0.9375, kl=0.0302, entropy=0.1958, frac_reward_zero_std=0, completions/mean_length=26.62, grad_norm=7.532, learning_rate=1.761e-05
[2026-10-08 08:37:30 UTC] step 397/600 | 39.8 s/step | loss=-0.0041, reward=0.5667, rewards/execution_reward/mean=0.6125, rewards/valid_sql_reward/mean=0.875, kl=0.02305, entropy=0.1232, frac_reward_zero_std=0, completions/mean_length=49.62, grad_norm=10.5, learning_rate=1.753e-05
[2026-10-08 08:37:56 UTC] step 398/600 | 39.8 s/step | loss=0.0014, reward=0.8639, rewards/execution_reward/mean=0.9312, rewards/valid_sql_reward/mean=0.9375, kl=0.05375, entropy=0.1403, frac_reward_zero_std=0, completions/mean_length=31.31, grad_norm=4.152, learning_rate=1.744e-05
[2026-10-08 08:38:38 UTC] step 399/600 | 39.8 s/step | loss=0.0021, reward=0.6309, rewards/execution_reward/mean=0.675, rewards/valid_sql_reward/mean=0.875, kl=0.03641, entropy=0.1412, frac_reward_zero_std=0, completions/mean_length=30.25, grad_norm=11.82, learning_rate=1.735e-05
[2026-10-08 08:39:07 UTC] step 400/600 | 39.8 s/step | loss=-0.0013, reward=0.5572, rewards/execution_reward/mean=0.6, rewards/valid_sql_reward/mean=0.75, kl=0.02748, entropy=0.1073, frac_reward_zero_std=0, completions/mean_length=38.94, grad_norm=18.71, learning_rate=1.727e-05
[2026-10-08 08:39:08 UTC] checkpoint saved: checkpoint-400
[2026-10-08 08:39:54 UTC] step 401/600 | 39.8 s/step | loss=0.0005, reward=0.9807, rewards/execution_reward/mean=1, rewards/valid_sql_reward/mean=1, kl=0.02199, entropy=0.126, frac_reward_zero_std=0, completions/mean_length=21.94, grad_norm=0.3144, learning_rate=1.718e-05
[2026-10-08 08:40:17 UTC] step 402/600 | 39.7 s/step | loss=-0.0009, reward=0.4622, rewards/execution_reward/mean=0.5375, rewards/valid_sql_reward/mean=0.75, kl=0.04478, entropy=0.1014, frac_reward_zero_std=0, completions/mean_length=42.06, grad_norm=6.19, learning_rate=1.71e-05
[2026-10-08 08:41:06 UTC] step 403/600 | 39.8 s/step | loss=-0.0017, reward=0.9034, rewards/execution_reward/mean=0.9375, rewards/valid_sql_reward/mean=1, kl=0.02498, entropy=0.08589, frac_reward_zero_std=0, completions/mean_length=34.12, grad_norm=4.528, learning_rate=1.701e-05
[2026-10-08 08:41:58 UTC] step 404/600 | 39.8 s/step | loss=-0.0004, reward=0.9816, rewards/execution_reward/mean=1, rewards/valid_sql_reward/mean=1, kl=0.02041, entropy=0.1218, frac_reward_zero_std=0, completions/mean_length=22.56, grad_norm=2.072, learning_rate=1.692e-05
[2026-10-08 08:42:16 UTC] step 405/600 | 39.7 s/step | loss=-0.0001, reward=0.9766, rewards/execution_reward/mean=1, rewards/valid_sql_reward/mean=1, kl=0.0254, entropy=0.1655, frac_reward_zero_std=0, completions/mean_length=23.06, grad_norm=0.4066, learning_rate=1.684e-05
[2026-10-08 08:42:56 UTC] step 406/600 | 39.7 s/step | loss=-0.0037, reward=0.4654, rewards/execution_reward/mean=0.5, rewards/valid_sql_reward/mean=1, kl=0.03449, entropy=0.1078, frac_reward_zero_std=0, completions/mean_length=25.06, grad_norm=6.669, learning_rate=1.675e-05
[2026-10-08 08:43:26 UTC] step 407/600 | 39.7 s/step | loss=-0.0013, reward=0.8381, rewards/execution_reward/mean=0.8625, rewards/valid_sql_reward/mean=0.875, kl=0.02649, entropy=0.07983, frac_reward_zero_std=0, completions/mean_length=23.06, grad_norm=10.79, learning_rate=1.667e-05
[2026-10-08 08:43:54 UTC] step 408/600 | 39.7 s/step | loss=0.0068, reward=0.5776, rewards/execution_reward/mean=0.6187, rewards/valid_sql_reward/mean=0.9375, kl=0.0291, entropy=0.1316, frac_reward_zero_std=0, completions/mean_length=35.38, grad_norm=7.136, learning_rate=1.658e-05
[2026-10-08 08:44:20 UTC] step 409/600 | 39.6 s/step | loss=0.0001, reward=0.9573, rewards/execution_reward/mean=1, rewards/valid_sql_reward/mean=1, kl=0.03838, entropy=0.1006, frac_reward_zero_std=0, completions/mean_length=27.81, grad_norm=0.6129, learning_rate=1.649e-05
[2026-10-08 08:45:10 UTC] step 410/600 | 39.7 s/step | loss=0.0003, reward=0.593, rewards/execution_reward/mean=0.625, rewards/valid_sql_reward/mean=1, kl=0.01929, entropy=0.08151, frac_reward_zero_std=0, completions/mean_length=41.44, grad_norm=4.194, learning_rate=1.641e-05
[2026-10-08 08:45:35 UTC] step 411/600 | 39.6 s/step | loss=0.0002, reward=0.9823, rewards/execution_reward/mean=1, rewards/valid_sql_reward/mean=1, kl=0.01451, entropy=0.123, frac_reward_zero_std=0, completions/mean_length=30.56, grad_norm=0.7141, learning_rate=1.632e-05
[2026-10-08 08:45:55 UTC] step 412/600 | 39.6 s/step | loss=0.0114, reward=0.7536, rewards/execution_reward/mean=0.8125, rewards/valid_sql_reward/mean=1, kl=0.04292, entropy=0.1168, frac_reward_zero_std=0, completions/mean_length=34.31, grad_norm=11, learning_rate=1.624e-05
[2026-10-08 08:46:52 UTC] step 413/600 | 39.6 s/step | loss=0.0006, reward=0.542, rewards/execution_reward/mean=0.5938, rewards/valid_sql_reward/mean=0.6875, kl=0.02467, entropy=0.08058, frac_reward_zero_std=0, completions/mean_length=52.44, grad_norm=13.55, learning_rate=1.615e-05
[2026-10-08 08:47:39 UTC] step 414/600 | 39.6 s/step | loss=0.0088, reward=0.9043, rewards/execution_reward/mean=0.9375, rewards/valid_sql_reward/mean=1, kl=0.02941, entropy=0.1196, frac_reward_zero_std=0, completions/mean_length=28.25, grad_norm=8.772, learning_rate=1.607e-05
[2026-10-08 08:48:20 UTC] step 415/600 | 39.6 s/step | loss=0.0081, reward=0.5725, rewards/execution_reward/mean=0.6125, rewards/valid_sql_reward/mean=0.875, kl=0.02968, entropy=0.1617, frac_reward_zero_std=0, completions/mean_length=33.69, grad_norm=10.12, learning_rate=1.598e-05
[2026-10-08 08:48:43 UTC] step 416/600 | 39.6 s/step | loss=0.0025, reward=0.3977, rewards/execution_reward/mean=0.4375, rewards/valid_sql_reward/mean=1, kl=0.03697, entropy=0.1367, frac_reward_zero_std=0, completions/mean_length=26.94, grad_norm=6.757, learning_rate=1.589e-05
[2026-10-08 08:49:22 UTC] step 417/600 | 39.6 s/step | loss=-0.0039, reward=0.7777, rewards/execution_reward/mean=0.8125, rewards/valid_sql_reward/mean=1, kl=0.026, entropy=0.1015, frac_reward_zero_std=0, completions/mean_length=33.44, grad_norm=10.09, learning_rate=1.581e-05
[2026-10-08 08:50:10 UTC] step 418/600 | 39.6 s/step | loss=-0.0009, reward=0.4403, rewards/execution_reward/mean=0.4938, rewards/valid_sql_reward/mean=0.9375, kl=0.04706, entropy=0.08417, frac_reward_zero_std=0, completions/mean_length=28.38, grad_norm=0.7086, learning_rate=1.572e-05
[2026-10-08 08:50:32 UTC] step 419/600 | 39.6 s/step | loss=-0.0033, reward=0.8205, rewards/execution_reward/mean=0.8687, rewards/valid_sql_reward/mean=0.9375, kl=0.02473, entropy=0.09096, frac_reward_zero_std=0, completions/mean_length=48.75, grad_norm=4.133, learning_rate=1.564e-05
[2026-10-08 08:50:53 UTC] step 420/600 | 39.5 s/step | loss=0.0017, reward=0.7605, rewards/execution_reward/mean=0.8062, rewards/valid_sql_reward/mean=0.9375, kl=0.03502, entropy=0.1137, frac_reward_zero_std=0, completions/mean_length=32.69, grad_norm=5.094, learning_rate=1.555e-05
[2026-10-08 08:51:19 UTC] step 421/600 | 39.5 s/step | loss=0.0043, reward=0.8954, rewards/execution_reward/mean=0.9312, rewards/valid_sql_reward/mean=0.9375, kl=0.01953, entropy=0.1015, frac_reward_zero_std=0, completions/mean_length=45.94, grad_norm=6.285, learning_rate=1.546e-05
[2026-10-08 08:52:01 UTC] step 422/600 | 39.5 s/step | loss=-0.0006, reward=0.8759, rewards/execution_reward/mean=0.9375, rewards/valid_sql_reward/mean=1, kl=0.03494, entropy=0.103, frac_reward_zero_std=0, completions/mean_length=44.06, grad_norm=3.706, learning_rate=1.538e-05
[2026-10-08 08:52:48 UTC] step 423/600 | 39.5 s/step | loss=-0.0001, reward=0.8502, rewards/execution_reward/mean=0.875, rewards/valid_sql_reward/mean=1, kl=0.02861, entropy=0.1019, frac_reward_zero_std=0, completions/mean_length=21.69, grad_norm=7.082, learning_rate=1.529e-05
[2026-10-08 08:53:33 UTC] step 424/600 | 39.5 s/step | loss=0.0007, reward=0.945, rewards/execution_reward/mean=1, rewards/valid_sql_reward/mean=1, kl=0.04515, entropy=0.08314, frac_reward_zero_std=0, completions/mean_length=30.44, grad_norm=0.2883, learning_rate=1.521e-05
[2026-10-08 08:54:06 UTC] step 425/600 | 39.5 s/step | loss=-0.0032, reward=0.6521, rewards/execution_reward/mean=0.6812, rewards/valid_sql_reward/mean=0.9375, kl=0.03262, entropy=0.1392, frac_reward_zero_std=0, completions/mean_length=22.38, grad_norm=3.542, learning_rate=1.512e-05
[2026-10-08 08:54:45 UTC] step 426/600 | 39.5 s/step | loss=-0.0018, reward=0.5373, rewards/execution_reward/mean=0.5625, rewards/valid_sql_reward/mean=1, kl=0.05254, entropy=0.1265, frac_reward_zero_std=0, completions/mean_length=12, grad_norm=4.541, learning_rate=1.503e-05
[2026-10-08 08:55:05 UTC] step 427/600 | 39.5 s/step | loss=-0.0007, reward=0.7054, rewards/execution_reward/mean=0.725, rewards/valid_sql_reward/mean=0.75, kl=0.02094, entropy=0.116, frac_reward_zero_std=0, completions/mean_length=23.38, grad_norm=0.7773, learning_rate=1.495e-05
[2026-10-08 08:55:41 UTC] step 428/600 | 39.5 s/step | loss=-0.0029, reward=0.6653, rewards/execution_reward/mean=0.7375, rewards/valid_sql_reward/mean=0.875, kl=0.05429, entropy=0.1598, frac_reward_zero_std=0, completions/mean_length=33.25, grad_norm=13.22, learning_rate=1.486e-05
[2026-10-08 08:56:17 UTC] step 429/600 | 39.5 s/step | loss=0.0051, reward=0.6257, rewards/execution_reward/mean=0.6625, rewards/valid_sql_reward/mean=0.75, kl=0.03621, entropy=0.1198, frac_reward_zero_std=0, completions/mean_length=25.44, grad_norm=6.613, learning_rate=1.478e-05
[2026-10-08 08:57:05 UTC] step 430/600 | 39.5 s/step | loss=-0.0004, reward=0.6967, rewards/execution_reward/mean=0.75, rewards/valid_sql_reward/mean=1, kl=0.05567, entropy=0.1089, frac_reward_zero_std=0, completions/mean_length=23.94, grad_norm=1.079, learning_rate=1.469e-05
[2026-10-08 08:57:47 UTC] step 431/600 | 39.5 s/step | loss=0.0273, reward=0.693, rewards/execution_reward/mean=0.725, rewards/valid_sql_reward/mean=0.75, kl=0.02399, entropy=0.1297, frac_reward_zero_std=0, completions/mean_length=33.38, grad_norm=12.67, learning_rate=1.46e-05
[2026-10-08 08:58:32 UTC] step 432/600 | 39.5 s/step | loss=0, reward=0.9731, rewards/execution_reward/mean=1, rewards/valid_sql_reward/mean=1, kl=0.02731, entropy=0.07063, frac_reward_zero_std=0, completions/mean_length=24.62, grad_norm=0.8028, learning_rate=1.452e-05
[2026-10-08 08:58:54 UTC] step 433/600 | 39.5 s/step | loss=0.0055, reward=0.3721, rewards/execution_reward/mean=0.4313, rewards/valid_sql_reward/mean=0.9375, kl=0.05856, entropy=0.1978, frac_reward_zero_std=0, completions/mean_length=25.25, grad_norm=7.835, learning_rate=1.443e-05
[2026-10-08 08:59:43 UTC] step 434/600 | 39.5 s/step | loss=0.0054, reward=0.6395, rewards/execution_reward/mean=0.6812, rewards/valid_sql_reward/mean=0.9375, kl=0.02848, entropy=0.08089, frac_reward_zero_std=0, completions/mean_length=36.69, grad_norm=14.85, learning_rate=1.435e-05
[2026-10-08 09:00:13 UTC] step 435/600 | 39.5 s/step | loss=-0.0074, reward=0.6927, rewards/execution_reward/mean=0.75, rewards/valid_sql_reward/mean=1, kl=0.05813, entropy=0.1187, frac_reward_zero_std=0, completions/mean_length=24.62, grad_norm=nan, learning_rate=1.426e-05
[2026-10-08 09:01:04 UTC] step 436/600 | 39.5 s/step | loss=0, reward=0.7255, rewards/execution_reward/mean=0.75, rewards/valid_sql_reward/mean=1, kl=0.03373, entropy=0.1052, frac_reward_zero_std=0, completions/mean_length=18.12, grad_norm=0.1072, learning_rate=1.418e-05
[2026-10-08 09:01:32 UTC] step 437/600 | 39.5 s/step | loss=0.0115, reward=0.555, rewards/execution_reward/mean=0.6125, rewards/valid_sql_reward/mean=0.875, kl=0.03315, entropy=0.1392, frac_reward_zero_std=0, completions/mean_length=43.38, grad_norm=11.85, learning_rate=1.409e-05
[2026-10-08 09:02:15 UTC] step 438/600 | 39.5 s/step | loss=-0.0001, reward=0.9828, rewards/execution_reward/mean=1, rewards/valid_sql_reward/mean=1, kl=0.02319, entropy=0.07841, frac_reward_zero_std=0, completions/mean_length=18.5, grad_norm=0.2356, learning_rate=1.4e-05
[2026-10-08 09:03:06 UTC] step 439/600 | 39.5 s/step | loss=-0.0004, reward=0.9745, rewards/execution_reward/mean=1, rewards/valid_sql_reward/mean=1, kl=0.02286, entropy=0.1119, frac_reward_zero_std=0, completions/mean_length=27.94, grad_norm=1.122, learning_rate=1.392e-05
[2026-10-08 09:03:31 UTC] step 440/600 | 39.5 s/step | loss=0.0002, reward=0.8852, rewards/execution_reward/mean=0.9312, rewards/valid_sql_reward/mean=0.9375, kl=0.04385, entropy=0.1202, frac_reward_zero_std=0, completions/mean_length=26.25, grad_norm=7.842, learning_rate=1.383e-05
[2026-10-08 09:03:54 UTC] step 441/600 | 39.4 s/step | loss=0.007, reward=0.7331, rewards/execution_reward/mean=0.8, rewards/valid_sql_reward/mean=0.875, kl=0.04354, entropy=0.1086, frac_reward_zero_std=0, completions/mean_length=38.44, grad_norm=11.37, learning_rate=1.375e-05
[2026-10-08 09:04:47 UTC] step 442/600 | 39.5 s/step | loss=0.0006, reward=0.6603, rewards/execution_reward/mean=0.7437, rewards/valid_sql_reward/mean=0.9375, kl=0.08345, entropy=0.1282, frac_reward_zero_std=0, completions/mean_length=25, grad_norm=1.361, learning_rate=1.366e-05
[2026-10-08 09:05:34 UTC] step 443/600 | 39.5 s/step | loss=-0.0003, reward=0.6964, rewards/execution_reward/mean=0.7437, rewards/valid_sql_reward/mean=0.9375, kl=0.03987, entropy=0.1832, frac_reward_zero_std=0, completions/mean_length=29.69, grad_norm=1.827, learning_rate=1.357e-05
[2026-10-08 09:06:01 UTC] step 444/600 | 39.4 s/step | loss=0.0004, reward=0.9085, rewards/execution_reward/mean=1, rewards/valid_sql_reward/mean=1, kl=0.07971, entropy=0.09187, frac_reward_zero_std=0, completions/mean_length=28.69, grad_norm=1.291, learning_rate=1.349e-05
[2026-10-08 09:06:56 UTC] step 445/600 | 39.5 s/step | loss=-0.0003, reward=0.696, rewards/execution_reward/mean=0.725, rewards/valid_sql_reward/mean=0.75, kl=0.02309, entropy=0.08984, frac_reward_zero_std=0, completions/mean_length=31.38, grad_norm=0.3334, learning_rate=1.34e-05
[2026-10-08 09:07:36 UTC] step 446/600 | 39.5 s/step | loss=-0.0074, reward=0.7533, rewards/execution_reward/mean=0.7937, rewards/valid_sql_reward/mean=0.8125, kl=0.04913, entropy=0.1365, frac_reward_zero_std=0, completions/mean_length=20.56, grad_norm=13.14, learning_rate=1.332e-05
[2026-10-08 09:08:34 UTC] step 447/600 | 39.5 s/step | loss=-0.0029, reward=0.8186, rewards/execution_reward/mean=0.8687, rewards/valid_sql_reward/mean=0.9375, kl=0.0367, entropy=0.05979, frac_reward_zero_std=0, completions/mean_length=34.19, grad_norm=7.276, learning_rate=1.323e-05
[2026-10-08 09:09:26 UTC] step 448/600 | 39.6 s/step | loss=-0.0027, reward=0.6588, rewards/execution_reward/mean=0.6875, rewards/valid_sql_reward/mean=1, kl=0.02758, entropy=0.1288, frac_reward_zero_std=0, completions/mean_length=26, grad_norm=4.798, learning_rate=1.314e-05
[2026-10-08 09:09:49 UTC] step 449/600 | 39.5 s/step | loss=0.0001, reward=0.9649, rewards/execution_reward/mean=1, rewards/valid_sql_reward/mean=1, kl=0.04119, entropy=0.1129, frac_reward_zero_std=0, completions/mean_length=21.31, grad_norm=0.2516, learning_rate=1.306e-05
[2026-10-08 09:10:31 UTC] step 450/600 | 39.5 s/step | loss=0.0001, reward=0.9581, rewards/execution_reward/mean=1, rewards/valid_sql_reward/mean=1, kl=0.03035, entropy=0.09918, frac_reward_zero_std=0, completions/mean_length=34.5, grad_norm=0.3811, learning_rate=1.297e-05
[2026-10-08 09:11:16 UTC] step 451/600 | 39.5 s/step | loss=0.0015, reward=0.6263, rewards/execution_reward/mean=0.6875, rewards/valid_sql_reward/mean=1, kl=0.03431, entropy=0.1118, frac_reward_zero_std=0, completions/mean_length=44.56, grad_norm=7.04, learning_rate=1.289e-05
[2026-10-08 09:12:08 UTC] step 452/600 | 39.6 s/step | loss=0.0064, reward=0.4799, rewards/execution_reward/mean=0.5375, rewards/valid_sql_reward/mean=0.75, kl=0.05874, entropy=0.1045, frac_reward_zero_std=0, completions/mean_length=24.5, grad_norm=8.814, learning_rate=1.28e-05
[2026-10-08 09:12:29 UTC] step 453/600 | 39.5 s/step | loss=-0.0006, reward=0.9519, rewards/execution_reward/mean=1, rewards/valid_sql_reward/mean=1, kl=0.03421, entropy=0.08841, frac_reward_zero_std=0, completions/mean_length=35.12, grad_norm=0.8476, learning_rate=1.271e-05
[2026-10-08 09:13:04 UTC] step 454/600 | 39.5 s/step | loss=-0, reward=0.975, rewards/execution_reward/mean=1, rewards/valid_sql_reward/mean=1, kl=0.02116, entropy=0.1004, frac_reward_zero_std=0, completions/mean_length=29.5, grad_norm=0.446, learning_rate=1.263e-05
[2026-10-08 09:13:52 UTC] step 455/600 | 39.5 s/step | loss=0.0009, reward=0.7354, rewards/execution_reward/mean=0.8125, rewards/valid_sql_reward/mean=1, kl=0.07613, entropy=0.154, frac_reward_zero_std=0, completions/mean_length=25.31, grad_norm=9.254, learning_rate=1.254e-05
[2026-10-08 09:14:37 UTC] step 456/600 | 39.5 s/step | loss=-0.0046, reward=0.869, rewards/execution_reward/mean=0.9375, rewards/valid_sql_reward/mean=1, kl=0.06346, entropy=0.1359, frac_reward_zero_std=0, completions/mean_length=27, grad_norm=5.201, learning_rate=1.246e-05
[2026-10-08 09:14:58 UTC] step 457/600 | 39.5 s/step | loss=0.0042, reward=0.8879, rewards/execution_reward/mean=0.9375, rewards/valid_sql_reward/mean=1, kl=0.05226, entropy=0.1242, frac_reward_zero_std=0, completions/mean_length=23.75, grad_norm=8.699, learning_rate=1.237e-05
[2026-10-08 09:15:53 UTC] step 458/600 | 39.5 s/step | loss=0.0051, reward=0.3981, rewards/execution_reward/mean=0.475, rewards/valid_sql_reward/mean=0.75, kl=0.03676, entropy=0.1098, frac_reward_zero_std=0, completions/mean_length=52.31, grad_norm=17.36, learning_rate=1.229e-05
[2026-10-08 09:16:33 UTC] step 459/600 | 39.5 s/step | loss=-0.0016, reward=0.8263, rewards/execution_reward/mean=0.875, rewards/valid_sql_reward/mean=1, kl=0.04831, entropy=0.1679, frac_reward_zero_std=0, completions/mean_length=25.19, grad_norm=8.68, learning_rate=1.22e-05
[2026-10-08 09:17:24 UTC] step 460/600 | 39.6 s/step | loss=-0.0049, reward=0.7689, rewards/execution_reward/mean=0.8062, rewards/valid_sql_reward/mean=0.9375, kl=0.03128, entropy=0.113, frac_reward_zero_std=0, completions/mean_length=29.88, grad_norm=5.418, learning_rate=1.211e-05
[2026-10-08 09:17:47 UTC] step 461/600 | 39.5 s/step | loss=0.0012, reward=0.9097, rewards/execution_reward/mean=0.9375, rewards/valid_sql_reward/mean=1, kl=0.02649, entropy=0.1037, frac_reward_zero_std=0, completions/mean_length=26.19, grad_norm=3.319, learning_rate=1.203e-05
[2026-10-08 09:18:42 UTC] step 462/600 | 39.6 s/step | loss=0.011, reward=0.9094, rewards/execution_reward/mean=0.9312, rewards/valid_sql_reward/mean=0.9375, kl=0.022, entropy=0.1406, frac_reward_zero_std=0, completions/mean_length=24.88, grad_norm=6.875, learning_rate=1.194e-05
[2026-10-08 09:19:04 UTC] step 463/600 | 39.5 s/step | loss=0.0021, reward=0.871, rewards/execution_reward/mean=0.9312, rewards/valid_sql_reward/mean=0.9375, kl=0.0355, entropy=0.07525, frac_reward_zero_std=0, completions/mean_length=42.44, grad_norm=4.805, learning_rate=1.186e-05
[2026-10-08 09:19:48 UTC] step 464/600 | 39.5 s/step | loss=-0.0061, reward=0.7434, rewards/execution_reward/mean=0.8062, rewards/valid_sql_reward/mean=0.9375, kl=0.04008, entropy=0.08292, frac_reward_zero_std=0, completions/mean_length=39.19, grad_norm=8.352, learning_rate=1.177e-05
[2026-10-08 09:20:03 UTC] step 465/600 | 39.5 s/step | loss=0.0001, reward=0.9527, rewards/execution_reward/mean=1, rewards/valid_sql_reward/mean=1, kl=0.03805, entropy=0.09894, frac_reward_zero_std=0, completions/mean_length=31.06, grad_norm=0.5083, learning_rate=1.168e-05
[2026-10-08 09:20:45 UTC] step 466/600 | 39.5 s/step | loss=-0.0001, reward=0.6877, rewards/execution_reward/mean=0.725, rewards/valid_sql_reward/mean=0.75, kl=0.0365, entropy=0.1084, frac_reward_zero_std=0, completions/mean_length=25.56, grad_norm=0.406, learning_rate=1.16e-05
[2026-10-08 09:21:15 UTC] step 467/600 | 39.5 s/step | loss=0.0051, reward=0.6709, rewards/execution_reward/mean=0.6875, rewards/valid_sql_reward/mean=1, kl=0.01506, entropy=0.09763, frac_reward_zero_std=0, completions/mean_length=27.5, grad_norm=5.188, learning_rate=1.151e-05
[2026-10-08 09:21:45 UTC] step 468/600 | 39.4 s/step | loss=-0.0106, reward=0.8465, rewards/execution_reward/mean=0.8687, rewards/valid_sql_reward/mean=0.9375, kl=0.01088, entropy=0.09828, frac_reward_zero_std=0, completions/mean_length=51.06, grad_norm=9.108, learning_rate=1.143e-05
[2026-10-08 09:22:22 UTC] step 469/600 | 39.4 s/step | loss=-0.0051, reward=0.8254, rewards/execution_reward/mean=0.8687, rewards/valid_sql_reward/mean=0.9375, kl=0.03008, entropy=0.08866, frac_reward_zero_std=0, completions/mean_length=36.06, grad_norm=11.79, learning_rate=1.134e-05
[2026-10-08 09:22:44 UTC] step 470/600 | 39.4 s/step | loss=0.0003, reward=0.9684, rewards/execution_reward/mean=1, rewards/valid_sql_reward/mean=1, kl=0.02777, entropy=0.08123, frac_reward_zero_std=0, completions/mean_length=28.44, grad_norm=0.5953, learning_rate=1.125e-05
[2026-10-08 09:23:32 UTC] step 471/600 | 39.4 s/step | loss=-0.0003, reward=0.9676, rewards/execution_reward/mean=1, rewards/valid_sql_reward/mean=1, kl=0.02993, entropy=0.09675, frac_reward_zero_std=0, completions/mean_length=27.06, grad_norm=0.3726, learning_rate=1.117e-05
[2026-10-08 09:24:20 UTC] step 472/600 | 39.4 s/step | loss=-0.0012, reward=0.9851, rewards/execution_reward/mean=1, rewards/valid_sql_reward/mean=1, kl=0.01796, entropy=0.09995, frac_reward_zero_std=0, completions/mean_length=20.69, grad_norm=1.083, learning_rate=1.108e-05
[2026-10-08 09:25:14 UTC] step 473/600 | 39.5 s/step | loss=0.0132, reward=0.7659, rewards/execution_reward/mean=0.8, rewards/valid_sql_reward/mean=0.875, kl=0.01351, entropy=0.07518, frac_reward_zero_std=0, completions/mean_length=63.12, grad_norm=17.01, learning_rate=1.1e-05
[2026-10-08 09:25:33 UTC] step 474/600 | 39.4 s/step | loss=0.0049, reward=0.6075, rewards/execution_reward/mean=0.625, rewards/valid_sql_reward/mean=1, kl=0.01487, entropy=0.08963, frac_reward_zero_std=0, completions/mean_length=29.5, grad_norm=5.858, learning_rate=1.091e-05
[2026-10-08 09:26:19 UTC] step 475/600 | 39.4 s/step | loss=0.0012, reward=0.9282, rewards/execution_reward/mean=0.9375, rewards/valid_sql_reward/mean=1, kl=0.01144, entropy=0.09455, frac_reward_zero_std=0, completions/mean_length=20.38, grad_norm=2.995, learning_rate=1.082e-05
[2026-10-08 09:26:58 UTC] step 476/600 | 39.4 s/step | loss=-0.0008, reward=0.8043, rewards/execution_reward/mean=0.8625, rewards/valid_sql_reward/mean=0.875, kl=0.02807, entropy=0.09806, frac_reward_zero_std=0, completions/mean_length=51.81, grad_norm=11.8, learning_rate=1.074e-05
[2026-10-08 09:27:38 UTC] step 477/600 | 39.4 s/step | loss=0.0014, reward=0.8459, rewards/execution_reward/mean=0.875, rewards/valid_sql_reward/mean=1, kl=0.02061, entropy=0.09792, frac_reward_zero_std=0, completions/mean_length=35.25, grad_norm=6.354, learning_rate=1.065e-05
[2026-10-08 09:28:04 UTC] step 478/600 | 39.4 s/step | loss=0.0004, reward=0.9819, rewards/execution_reward/mean=1, rewards/valid_sql_reward/mean=1, kl=0.01363, entropy=0.06766, frac_reward_zero_std=0, completions/mean_length=33.12, grad_norm=0.7805, learning_rate=1.057e-05
[2026-10-08 09:28:40 UTC] step 479/600 | 39.4 s/step | loss=-0.0034, reward=0.8994, rewards/execution_reward/mean=0.9312, rewards/valid_sql_reward/mean=0.9375, kl=0.02079, entropy=0.1147, frac_reward_zero_std=0, completions/mean_length=38.25, grad_norm=15.73, learning_rate=1.048e-05
[2026-10-08 09:29:20 UTC] step 480/600 | 39.4 s/step | loss=0.0046, reward=0.6292, rewards/execution_reward/mean=0.6812, rewards/valid_sql_reward/mean=0.9375, kl=0.0379, entropy=0.1327, frac_reward_zero_std=0, completions/mean_length=34.31, grad_norm=13.12, learning_rate=1.04e-05
[2026-10-08 09:29:46 UTC] step 481/600 | 39.4 s/step | loss=0.0001, reward=0.9692, rewards/execution_reward/mean=1, rewards/valid_sql_reward/mean=1, kl=0.03139, entropy=0.1108, frac_reward_zero_std=0, completions/mean_length=24.56, grad_norm=0.2429, learning_rate=1.031e-05
[2026-10-08 09:30:20 UTC] step 482/600 | 39.4 s/step | loss=-0.001, reward=0.898, rewards/execution_reward/mean=0.9375, rewards/valid_sql_reward/mean=1, kl=0.0328, entropy=0.08547, frac_reward_zero_std=0, completions/mean_length=30.12, grad_norm=8.04, learning_rate=1.022e-05
[2026-10-08 09:31:06 UTC] step 483/600 | 39.4 s/step | loss=-0.0054, reward=0.5727, rewards/execution_reward/mean=0.6062, rewards/valid_sql_reward/mean=0.8125, kl=0.02126, entropy=0.1094, frac_reward_zero_std=0, completions/mean_length=39.44, grad_norm=10.16, learning_rate=1.014e-05
[2026-10-08 09:31:58 UTC] step 484/600 | 39.4 s/step | loss=-0.0006, reward=0.9626, rewards/execution_reward/mean=1, rewards/valid_sql_reward/mean=1, kl=0.03198, entropy=0.09133, frac_reward_zero_std=0, completions/mean_length=29.25, grad_norm=0.4854, learning_rate=1.005e-05
[2026-10-08 09:32:14 UTC] step 485/600 | 39.4 s/step | loss=0.0001, reward=0.9882, rewards/execution_reward/mean=1, rewards/valid_sql_reward/mean=1, kl=0.016, entropy=0.1025, frac_reward_zero_std=0, completions/mean_length=18.38, grad_norm=0.4156, learning_rate=9.966e-06
[2026-10-08 09:33:05 UTC] step 486/600 | 39.4 s/step | loss=0.0017, reward=0.6317, rewards/execution_reward/mean=0.6812, rewards/valid_sql_reward/mean=0.9375, kl=0.04821, entropy=0.1088, frac_reward_zero_std=0, completions/mean_length=25.69, grad_norm=3.074, learning_rate=9.88e-06
[2026-10-08 09:33:45 UTC] step 487/600 | 39.4 s/step | loss=0.006, reward=0.5728, rewards/execution_reward/mean=0.6187, rewards/valid_sql_reward/mean=0.9375, kl=0.02243, entropy=0.1057, frac_reward_zero_std=0, completions/mean_length=51.25, grad_norm=8.605, learning_rate=9.794e-06
[2026-10-08 09:34:32 UTC] step 488/600 | 39.4 s/step | loss=-0.0014, reward=0.9702, rewards/execution_reward/mean=1, rewards/valid_sql_reward/mean=1, kl=0.0251, entropy=0.1332, frac_reward_zero_std=0, completions/mean_length=29.69, grad_norm=0.6821, learning_rate=9.708e-06
[2026-10-08 09:35:19 UTC] step 489/600 | 39.4 s/step | loss=-0.0013, reward=0.8906, rewards/execution_reward/mean=0.9312, rewards/valid_sql_reward/mean=0.9375, kl=0.03594, entropy=0.112, frac_reward_zero_std=0, completions/mean_length=28.31, grad_norm=5.4, learning_rate=9.622e-06
[2026-10-08 09:36:00 UTC] step 490/600 | 39.4 s/step | loss=-0.0047, reward=0.8157, rewards/execution_reward/mean=0.8625, rewards/valid_sql_reward/mean=0.875, kl=0.02868, entropy=0.1544, frac_reward_zero_std=0, completions/mean_length=40.81, grad_norm=9.006, learning_rate=9.536e-06
[2026-10-08 09:36:47 UTC] step 491/600 | 39.4 s/step | loss=-0.0001, reward=0.9605, rewards/execution_reward/mean=1, rewards/valid_sql_reward/mean=1, kl=0.03919, entropy=0.1057, frac_reward_zero_std=0, completions/mean_length=25.19, grad_norm=0.4403, learning_rate=9.45e-06
[2026-10-08 09:37:12 UTC] step 492/600 | 39.4 s/step | loss=0.0006, reward=0.9421, rewards/execution_reward/mean=1, rewards/valid_sql_reward/mean=1, kl=0.04567, entropy=0.1685, frac_reward_zero_std=0, completions/mean_length=31.69, grad_norm=0.8211, learning_rate=9.364e-06
[2026-10-08 09:37:46 UTC] step 493/600 | 39.4 s/step | loss=-0.0039, reward=0.3922, rewards/execution_reward/mean=0.425, rewards/valid_sql_reward/mean=0.875, kl=0.02048, entropy=0.1263, frac_reward_zero_std=0, completions/mean_length=40, grad_norm=9.584, learning_rate=9.278e-06
[2026-10-08 09:38:04 UTC] step 494/600 | 39.3 s/step | loss=0.0016, reward=0.6912, rewards/execution_reward/mean=0.7312, rewards/valid_sql_reward/mean=0.8125, kl=0.04537, entropy=0.1594, frac_reward_zero_std=0, completions/mean_length=22.06, grad_norm=2.357, learning_rate=9.192e-06
[2026-10-08 09:38:45 UTC] step 495/600 | 39.4 s/step | loss=-0.0001, reward=0.9456, rewards/execution_reward/mean=1, rewards/valid_sql_reward/mean=1, kl=0.05293, entropy=0.1119, frac_reward_zero_std=0, completions/mean_length=25.69, grad_norm=0.4568, learning_rate=9.107e-06
[2026-10-08 09:39:22 UTC] step 496/600 | 39.3 s/step | loss=0.0009, reward=0.6582, rewards/execution_reward/mean=0.675, rewards/valid_sql_reward/mean=0.875, kl=0.01892, entropy=0.1355, frac_reward_zero_std=0, completions/mean_length=22.19, grad_norm=6.163, learning_rate=9.021e-06
[2026-10-08 09:39:48 UTC] step 497/600 | 39.3 s/step | loss=-0.0058, reward=0.7307, rewards/execution_reward/mean=0.8, rewards/valid_sql_reward/mean=0.875, kl=0.04591, entropy=0.1491, frac_reward_zero_std=0, completions/mean_length=37.75, grad_norm=9.528, learning_rate=8.935e-06
[2026-10-08 09:40:35 UTC] step 498/600 | 39.3 s/step | loss=-0.0095, reward=0.626, rewards/execution_reward/mean=0.6625, rewards/valid_sql_reward/mean=0.75, kl=0.03031, entropy=0.1031, frac_reward_zero_std=0, completions/mean_length=30.12, grad_norm=5.406, learning_rate=8.849e-06
[2026-10-08 09:41:14 UTC] step 499/600 | 39.3 s/step | loss=0.0015, reward=0.7418, rewards/execution_reward/mean=0.8, rewards/valid_sql_reward/mean=0.875, kl=0.04248, entropy=0.09542, frac_reward_zero_std=0, completions/mean_length=34.25, grad_norm=7.959, learning_rate=8.763e-06
[2026-10-08 09:41:49 UTC] step 500/600 | 39.3 s/step | loss=0.0025, reward=0.7372, rewards/execution_reward/mean=0.75, rewards/valid_sql_reward/mean=1, kl=0.02116, entropy=0.2146, frac_reward_zero_std=0, completions/mean_length=15.06, grad_norm=6.88, learning_rate=8.677e-06
[2026-10-08 09:41:50 UTC] checkpoint saved: checkpoint-500
[2026-10-08 09:42:09 UTC] step 501/600 | 39.3 s/step | loss=-0.0025, reward=0.5516, rewards/execution_reward/mean=0.6187, rewards/valid_sql_reward/mean=0.9375, kl=0.05502, entropy=0.1529, frac_reward_zero_std=0, completions/mean_length=30.5, grad_norm=37.52, learning_rate=8.591e-06
[2026-10-08 09:42:50 UTC] step 502/600 | 39.3 s/step | loss=-0.009, reward=0.6303, rewards/execution_reward/mean=0.6562, rewards/valid_sql_reward/mean=0.6875, kl=0.01675, entropy=0.112, frac_reward_zero_std=0, completions/mean_length=38.75, grad_norm=6.302, learning_rate=8.505e-06
[2026-10-08 09:43:15 UTC] step 503/600 | 39.3 s/step | loss=-0.009, reward=0.7223, rewards/execution_reward/mean=0.75, rewards/valid_sql_reward/mean=1, kl=0.02221, entropy=0.1628, frac_reward_zero_std=0, completions/mean_length=31.19, grad_norm=13.45, learning_rate=8.419e-06
[2026-10-08 09:43:52 UTC] step 504/600 | 39.3 s/step | loss=-0.0035, reward=0.6272, rewards/execution_reward/mean=0.6625, rewards/valid_sql_reward/mean=0.75, kl=0.02867, entropy=0.173, frac_reward_zero_std=0, completions/mean_length=30.81, grad_norm=4.697, learning_rate=8.333e-06
[2026-10-08 09:44:21 UTC] step 505/600 | 39.2 s/step | loss=-0.0005, reward=0.715, rewards/execution_reward/mean=0.7437, rewards/valid_sql_reward/mean=0.9375, kl=0.03647, entropy=0.1337, frac_reward_zero_std=0, completions/mean_length=19.69, grad_norm=0.8215, learning_rate=8.247e-06
[2026-10-08 09:44:52 UTC] step 506/600 | 39.2 s/step | loss=0.0088, reward=0.708, rewards/execution_reward/mean=0.7437, rewards/valid_sql_reward/mean=0.9375, kl=0.0241, entropy=0.1116, frac_reward_zero_std=0, completions/mean_length=37.06, grad_norm=11.49, learning_rate=8.162e-06
[2026-10-08 09:45:40 UTC] step 507/600 | 39.2 s/step | loss=0.0505, reward=0.8509, rewards/execution_reward/mean=0.8687, rewards/valid_sql_reward/mean=0.9375, kl=0.02101, entropy=0.1494, frac_reward_zero_std=0, completions/mean_length=21.25, grad_norm=nan, learning_rate=8.076e-06
[2026-10-08 09:46:20 UTC] step 508/600 | 39.2 s/step | loss=0.0062, reward=0.6311, rewards/execution_reward/mean=0.6812, rewards/valid_sql_reward/mean=0.9375, kl=0.0512, entropy=0.134, frac_reward_zero_std=0, completions/mean_length=24.5, grad_norm=5.505, learning_rate=7.99e-06
[2026-10-08 09:46:46 UTC] step 509/600 | 39.2 s/step | loss=-0.003, reward=0.7795, rewards/execution_reward/mean=0.8687, rewards/valid_sql_reward/mean=0.9375, kl=0.05766, entropy=0.1085, frac_reward_zero_std=0, completions/mean_length=38.69, grad_norm=9.465, learning_rate=7.904e-06
[2026-10-08 09:47:04 UTC] step 510/600 | 39.2 s/step | loss=0.0024, reward=0.8991, rewards/execution_reward/mean=0.9312, rewards/valid_sql_reward/mean=0.9375, kl=0.0294, entropy=0.08325, frac_reward_zero_std=0, completions/mean_length=27.38, grad_norm=6.717, learning_rate=7.818e-06
[2026-10-08 09:47:24 UTC] step 511/600 | 39.1 s/step | loss=-0.0001, reward=0.7408, rewards/execution_reward/mean=0.75, rewards/valid_sql_reward/mean=1, kl=0.01349, entropy=0.1636, frac_reward_zero_std=0, completions/mean_length=17, grad_norm=0.1692, learning_rate=7.732e-06
[2026-10-08 09:48:05 UTC] step 512/600 | 39.1 s/step | loss=-0.0054, reward=0.7645, rewards/execution_reward/mean=0.8062, rewards/valid_sql_reward/mean=0.9375, kl=0.02669, entropy=0.111, frac_reward_zero_std=0, completions/mean_length=39.12, grad_norm=9.253, learning_rate=7.646e-06
[2026-10-08 09:48:46 UTC] step 513/600 | 39.1 s/step | loss=-0.0081, reward=0.6905, rewards/execution_reward/mean=0.7437, rewards/valid_sql_reward/mean=0.9375, kl=0.03007, entropy=0.09934, frac_reward_zero_std=0, completions/mean_length=44.25, grad_norm=10.86, learning_rate=7.56e-06
[2026-10-08 09:49:31 UTC] step 514/600 | 39.2 s/step | loss=0.0072, reward=0.7946, rewards/execution_reward/mean=0.8687, rewards/valid_sql_reward/mean=0.9375, kl=0.03035, entropy=0.07824, frac_reward_zero_std=0, completions/mean_length=61.12, grad_norm=8.916, learning_rate=7.474e-06
[2026-10-08 09:49:57 UTC] step 515/600 | 39.1 s/step | loss=-0.011, reward=0.8236, rewards/execution_reward/mean=0.8687, rewards/valid_sql_reward/mean=0.9375, kl=0.03465, entropy=0.1415, frac_reward_zero_std=0, completions/mean_length=32.56, grad_norm=7.201, learning_rate=7.388e-06
[2026-10-08 09:50:21 UTC] step 516/600 | 39.1 s/step | loss=-0.0039, reward=0.77, rewards/execution_reward/mean=0.8, rewards/valid_sql_reward/mean=0.875, kl=0.02474, entropy=0.08696, frac_reward_zero_std=0, completions/mean_length=30.31, grad_norm=6.475, learning_rate=7.302e-06
[2026-10-08 09:51:09 UTC] step 517/600 | 39.1 s/step | loss=0.0003, reward=0.7068, rewards/execution_reward/mean=0.75, rewards/valid_sql_reward/mean=1, kl=0.04039, entropy=0.1014, frac_reward_zero_std=0, completions/mean_length=26.75, grad_norm=0.7201, learning_rate=7.216e-06
[2026-10-08 09:51:38 UTC] step 518/600 | 39.1 s/step | loss=0.0029, reward=0.7916, rewards/execution_reward/mean=0.8062, rewards/valid_sql_reward/mean=0.9375, kl=0.01279, entropy=0.1406, frac_reward_zero_std=0, completions/mean_length=28.56, grad_norm=8.471, learning_rate=7.131e-06
[2026-10-08 09:52:16 UTC] step 519/600 | 39.1 s/step | loss=0.003, reward=0.8566, rewards/execution_reward/mean=0.8687, rewards/valid_sql_reward/mean=0.9375, kl=0.01221, entropy=0.1074, frac_reward_zero_std=0, completions/mean_length=24.88, grad_norm=6.964, learning_rate=7.045e-06
[2026-10-08 09:53:05 UTC] step 520/600 | 39.1 s/step | loss=-0.0038, reward=0.7674, rewards/execution_reward/mean=0.8125, rewards/valid_sql_reward/mean=1, kl=0.0422, entropy=0.1142, frac_reward_zero_std=0, completions/mean_length=26.69, grad_norm=9.666, learning_rate=6.959e-06
[2026-10-08 09:53:56 UTC] step 521/600 | 39.1 s/step | loss=0.0002, reward=0.7119, rewards/execution_reward/mean=0.75, rewards/valid_sql_reward/mean=1, kl=0.02411, entropy=0.08871, frac_reward_zero_std=0, completions/mean_length=39.5, grad_norm=0.5814, learning_rate=6.873e-06
[2026-10-08 09:54:18 UTC] step 522/600 | 39.1 s/step | loss=0.0042, reward=0.7715, rewards/execution_reward/mean=0.8, rewards/valid_sql_reward/mean=0.875, kl=0.0374, entropy=0.2065, frac_reward_zero_std=0, completions/mean_length=19.06, grad_norm=11.47, learning_rate=6.787e-06
[2026-10-08 09:54:43 UTC] step 523/600 | 39.1 s/step | loss=-0.0016, reward=0.6315, rewards/execution_reward/mean=0.6625, rewards/valid_sql_reward/mean=0.75, kl=0.02225, entropy=0.1021, frac_reward_zero_std=0, completions/mean_length=34.81, grad_norm=11.45, learning_rate=6.701e-06
[2026-10-08 09:55:30 UTC] step 524/600 | 39.1 s/step | loss=-0.0032, reward=0.2973, rewards/execution_reward/mean=0.3438, rewards/valid_sql_reward/mean=0.6875, kl=0.04166, entropy=0.09646, frac_reward_zero_std=0, completions/mean_length=27.88, grad_norm=13.55, learning_rate=6.615e-06
[2026-10-08 09:56:25 UTC] step 525/600 | 39.1 s/step | loss=0.0017, reward=0.7452, rewards/execution_reward/mean=0.8125, rewards/valid_sql_reward/mean=1, kl=0.06405, entropy=0.1432, frac_reward_zero_std=0, completions/mean_length=26.25, grad_norm=10.16, learning_rate=6.529e-06
[2026-10-08 09:57:19 UTC] step 526/600 | 39.1 s/step | loss=0.0005, reward=0.7381, rewards/execution_reward/mean=0.8, rewards/valid_sql_reward/mean=0.875, kl=0.03666, entropy=0.11, frac_reward_zero_std=0, completions/mean_length=42.19, grad_norm=9.955, learning_rate=6.443e-06
[2026-10-08 09:58:10 UTC] step 527/600 | 39.2 s/step | loss=-0.0109, reward=0.7977, rewards/execution_reward/mean=0.875, rewards/valid_sql_reward/mean=1, kl=0.04911, entropy=0.07876, frac_reward_zero_std=0, completions/mean_length=39.38, grad_norm=9.037, learning_rate=6.357e-06
[2026-10-08 09:58:34 UTC] step 528/600 | 39.1 s/step | loss=0.0026, reward=0.8923, rewards/execution_reward/mean=0.9375, rewards/valid_sql_reward/mean=1, kl=0.04335, entropy=0.09976, frac_reward_zero_std=0, completions/mean_length=26.06, grad_norm=5.111, learning_rate=6.271e-06
[2026-10-08 09:59:29 UTC] step 529/600 | 39.2 s/step | loss=-0.0013, reward=0.91, rewards/execution_reward/mean=0.9375, rewards/valid_sql_reward/mean=1, kl=0.03502, entropy=0.1575, frac_reward_zero_std=0, completions/mean_length=19.62, grad_norm=8.257, learning_rate=6.186e-06
[2026-10-08 10:00:20 UTC] step 530/600 | 39.2 s/step | loss=0.0087, reward=0.8326, rewards/execution_reward/mean=0.875, rewards/valid_sql_reward/mean=1, kl=0.02354, entropy=0.1116, frac_reward_zero_std=0, completions/mean_length=45, grad_norm=6.362, learning_rate=6.1e-06
[2026-10-08 10:00:43 UTC] step 531/600 | 39.2 s/step | loss=-0.0014, reward=0.7303, rewards/execution_reward/mean=0.75, rewards/valid_sql_reward/mean=1, kl=0.01816, entropy=0.1095, frac_reward_zero_std=0, completions/mean_length=27.12, grad_norm=4.214, learning_rate=6.014e-06
[2026-10-08 10:01:06 UTC] step 532/600 | 39.1 s/step | loss=0.0081, reward=0.6882, rewards/execution_reward/mean=0.725, rewards/valid_sql_reward/mean=0.75, kl=0.02114, entropy=0.09293, frac_reward_zero_std=0, completions/mean_length=43.5, grad_norm=9.893, learning_rate=5.928e-06
[2026-10-08 10:02:06 UTC] step 533/600 | 39.2 s/step | loss=0.0192, reward=0.7067, rewards/execution_reward/mean=0.7375, rewards/valid_sql_reward/mean=0.875, kl=0.02002, entropy=0.1089, frac_reward_zero_std=0, completions/mean_length=38.44, grad_norm=10.93, learning_rate=5.842e-06
[2026-10-08 10:02:54 UTC] step 534/600 | 39.2 s/step | loss=-0.0028, reward=0.7781, rewards/execution_reward/mean=0.8, rewards/valid_sql_reward/mean=0.875, kl=0.02282, entropy=0.1267, frac_reward_zero_std=0, completions/mean_length=23.94, grad_norm=11.28, learning_rate=5.756e-06
[2026-10-08 10:03:27 UTC] step 535/600 | 39.2 s/step | loss=0.0002, reward=0.9037, rewards/execution_reward/mean=0.9312, rewards/valid_sql_reward/mean=0.9375, kl=0.0238, entropy=0.1037, frac_reward_zero_std=0, completions/mean_length=28.94, grad_norm=6.015, learning_rate=5.67e-06
[2026-10-08 10:04:02 UTC] step 536/600 | 39.2 s/step | loss=-0.0002, reward=0.708, rewards/execution_reward/mean=0.75, rewards/valid_sql_reward/mean=1, kl=0.0399, entropy=0.09329, frac_reward_zero_std=0, completions/mean_length=26.31, grad_norm=0.3976, learning_rate=5.584e-06
[2026-10-08 10:04:42 UTC] step 537/600 | 39.2 s/step | loss=-0.0022, reward=0.9028, rewards/execution_reward/mean=0.9312, rewards/valid_sql_reward/mean=0.9375, kl=0.01634, entropy=0.06272, frac_reward_zero_std=0, completions/mean_length=43.5, grad_norm=3.556, learning_rate=5.498e-06
[2026-10-08 10:05:06 UTC] step 538/600 | 39.1 s/step | loss=0.004, reward=0.7885, rewards/execution_reward/mean=0.8125, rewards/valid_sql_reward/mean=1, kl=0.01965, entropy=0.08567, frac_reward_zero_std=0, completions/mean_length=30.5, grad_norm=6.239, learning_rate=5.412e-06
[2026-10-08 10:06:01 UTC] step 539/600 | 39.2 s/step | loss=0.0004, reward=0.8827, rewards/execution_reward/mean=0.9375, rewards/valid_sql_reward/mean=1, kl=0.02749, entropy=0.09284, frac_reward_zero_std=0, completions/mean_length=49.88, grad_norm=4.104, learning_rate=5.326e-06
[2026-10-08 10:06:29 UTC] step 540/600 | 39.2 s/step | loss=-0.0004, reward=0.9848, rewards/execution_reward/mean=1, rewards/valid_sql_reward/mean=1, kl=0.01442, entropy=0.1242, frac_reward_zero_std=0, completions/mean_length=26.31, grad_norm=0.8625, learning_rate=5.241e-06
[2026-10-08 10:06:59 UTC] step 541/600 | 39.1 s/step | loss=-0.0004, reward=0.9459, rewards/execution_reward/mean=1, rewards/valid_sql_reward/mean=1, kl=0.04105, entropy=0.09009, frac_reward_zero_std=0, completions/mean_length=32.94, grad_norm=0.4729, learning_rate=5.155e-06
[2026-10-08 10:07:37 UTC] step 542/600 | 39.1 s/step | loss=0.0004, reward=0.828, rewards/execution_reward/mean=0.875, rewards/valid_sql_reward/mean=1, kl=0.03139, entropy=0.1032, frac_reward_zero_std=0, completions/mean_length=37.44, grad_norm=6.86, learning_rate=5.069e-06
[2026-10-08 10:08:35 UTC] step 543/600 | 39.2 s/step | loss=0.0013, reward=0.7659, rewards/execution_reward/mean=0.8062, rewards/valid_sql_reward/mean=0.9375, kl=0.01887, entropy=0.08686, frac_reward_zero_std=0, completions/mean_length=53.5, grad_norm=13.31, learning_rate=4.983e-06
[2026-10-08 10:09:22 UTC] step 544/600 | 39.2 s/step | loss=0.0053, reward=0.6648, rewards/execution_reward/mean=0.6875, rewards/valid_sql_reward/mean=1, kl=0.0293, entropy=0.1341, frac_reward_zero_std=0, completions/mean_length=19.38, grad_norm=6.322, learning_rate=4.897e-06
[2026-10-08 10:10:06 UTC] step 545/600 | 39.2 s/step | loss=-0.016, reward=0.7817, rewards/execution_reward/mean=0.8125, rewards/valid_sql_reward/mean=1, kl=0.01676, entropy=0.1047, frac_reward_zero_std=0, completions/mean_length=45.94, grad_norm=12.61, learning_rate=4.811e-06
[2026-10-08 10:10:32 UTC] step 546/600 | 39.2 s/step | loss=-0.0023, reward=0.702, rewards/execution_reward/mean=0.7437, rewards/valid_sql_reward/mean=0.9375, kl=0.03111, entropy=0.106, frac_reward_zero_std=0, completions/mean_length=33.56, grad_norm=7.381, learning_rate=4.725e-06
[2026-10-08 10:11:22 UTC] step 547/600 | 39.2 s/step | loss=0.0058, reward=0.8047, rewards/execution_reward/mean=0.8687, rewards/valid_sql_reward/mean=0.9375, kl=0.05126, entropy=0.1287, frac_reward_zero_std=0, completions/mean_length=31.25, grad_norm=10.8, learning_rate=4.639e-06
[2026-10-08 10:12:03 UTC] step 548/600 | 39.2 s/step | loss=-0.0038, reward=0.8948, rewards/execution_reward/mean=0.9312, rewards/valid_sql_reward/mean=0.9375, kl=0.02587, entropy=0.08634, frac_reward_zero_std=0, completions/mean_length=35.25, grad_norm=6.852, learning_rate=4.553e-06
[2026-10-08 10:12:55 UTC] step 549/600 | 39.2 s/step | loss=0.0063, reward=0.8967, rewards/execution_reward/mean=0.9312, rewards/valid_sql_reward/mean=0.9375, kl=0.03383, entropy=0.1012, frac_reward_zero_std=0, completions/mean_length=25.5, grad_norm=5.259, learning_rate=4.467e-06
[2026-10-08 10:13:47 UTC] step 550/600 | 39.2 s/step | loss=-0.0007, reward=0.6597, rewards/execution_reward/mean=0.675, rewards/valid_sql_reward/mean=0.875, kl=0.0196, entropy=0.1599, frac_reward_zero_std=0, completions/mean_length=19.56, grad_norm=8.147, learning_rate=4.381e-06
[2026-10-08 10:14:33 UTC] step 551/600 | 39.3 s/step | loss=-0.0064, reward=0.8223, rewards/execution_reward/mean=0.875, rewards/valid_sql_reward/mean=1, kl=0.06093, entropy=0.1147, frac_reward_zero_std=0, completions/mean_length=21.62, grad_norm=10.47, learning_rate=4.296e-06
[2026-10-08 10:15:09 UTC] step 552/600 | 39.2 s/step | loss=0.0013, reward=0.9038, rewards/execution_reward/mean=0.9375, rewards/valid_sql_reward/mean=1, kl=0.02631, entropy=0.09228, frac_reward_zero_std=0, completions/mean_length=32.06, grad_norm=3.918, learning_rate=4.21e-06
[2026-10-08 10:15:45 UTC] step 553/600 | 39.2 s/step | loss=-0.007, reward=0.6695, rewards/execution_reward/mean=0.7375, rewards/valid_sql_reward/mean=0.875, kl=0.0491, entropy=0.0976, frac_reward_zero_std=0, completions/mean_length=34.62, grad_norm=11.22, learning_rate=4.124e-06
[2026-10-08 10:16:34 UTC] step 554/600 | 39.3 s/step | loss=-0.0059, reward=0.4868, rewards/execution_reward/mean=0.5437, rewards/valid_sql_reward/mean=0.8125, kl=0.03629, entropy=0.1274, frac_reward_zero_std=0, completions/mean_length=39.25, grad_norm=7.586, learning_rate=4.038e-06
[2026-10-08 10:17:22 UTC] step 555/600 | 39.3 s/step | loss=-0, reward=0.957, rewards/execution_reward/mean=1, rewards/valid_sql_reward/mean=1, kl=0.04041, entropy=0.1068, frac_reward_zero_std=0, completions/mean_length=26.62, grad_norm=0.2598, learning_rate=3.952e-06
[2026-10-08 10:17:58 UTC] step 556/600 | 39.3 s/step | loss=-0.0082, reward=0.5322, rewards/execution_reward/mean=0.5562, rewards/valid_sql_reward/mean=0.9375, kl=0.01971, entropy=0.09073, frac_reward_zero_std=0, completions/mean_length=30.56, grad_norm=6.857, learning_rate=3.866e-06
[2026-10-08 10:18:19 UTC] step 557/600 | 39.2 s/step | loss=0.0002, reward=0.9832, rewards/execution_reward/mean=1, rewards/valid_sql_reward/mean=1, kl=0.01916, entropy=0.07729, frac_reward_zero_std=0, completions/mean_length=21.88, grad_norm=0.1187, learning_rate=3.78e-06
[2026-10-08 10:18:38 UTC] step 558/600 | 39.2 s/step | loss=-0.0004, reward=0.6904, rewards/execution_reward/mean=0.75, rewards/valid_sql_reward/mean=1, kl=0.03835, entropy=0.07188, frac_reward_zero_std=0, completions/mean_length=38.88, grad_norm=0.846, learning_rate=3.694e-06
[2026-10-08 10:19:12 UTC] step 559/600 | 39.2 s/step | loss=-0.0009, reward=0.6077, rewards/execution_reward/mean=0.675, rewards/valid_sql_reward/mean=0.875, kl=0.04568, entropy=0.1032, frac_reward_zero_std=0, completions/mean_length=36.81, grad_norm=9.968, learning_rate=3.608e-06
[2026-10-08 10:19:35 UTC] step 560/600 | 39.2 s/step | loss=0.0004, reward=0.9515, rewards/execution_reward/mean=1, rewards/valid_sql_reward/mean=1, kl=0.02773, entropy=0.08313, frac_reward_zero_std=0, completions/mean_length=43.75, grad_norm=0.3414, learning_rate=3.522e-06
[2026-10-08 10:20:24 UTC] step 561/600 | 39.2 s/step | loss=0.0079, reward=0.8774, rewards/execution_reward/mean=0.9312, rewards/valid_sql_reward/mean=0.9375, kl=0.03227, entropy=0.09497, frac_reward_zero_std=0, completions/mean_length=41.75, grad_norm=8.227, learning_rate=3.436e-06
[2026-10-08 10:21:04 UTC] step 562/600 | 39.2 s/step | loss=0.0002, reward=0.7191, rewards/execution_reward/mean=0.75, rewards/valid_sql_reward/mean=1, kl=0.03052, entropy=0.1182, frac_reward_zero_std=0, completions/mean_length=25.31, grad_norm=0.326, learning_rate=3.351e-06
[2026-10-08 10:21:27 UTC] step 563/600 | 39.1 s/step | loss=-0.0021, reward=0.5809, rewards/execution_reward/mean=0.6063, rewards/valid_sql_reward/mean=0.8125, kl=0.01819, entropy=0.1122, frac_reward_zero_std=0, completions/mean_length=34.81, grad_norm=13.79, learning_rate=3.265e-06
[2026-10-08 10:22:15 UTC] step 564/600 | 39.2 s/step | loss=-0.0036, reward=0.7737, rewards/execution_reward/mean=0.8062, rewards/valid_sql_reward/mean=0.9375, kl=0.03385, entropy=0.1477, frac_reward_zero_std=0, completions/mean_length=24.06, grad_norm=7.09, learning_rate=3.179e-06
[2026-10-08 10:22:56 UTC] step 565/600 | 39.2 s/step | loss=0.0017, reward=0.7331, rewards/execution_reward/mean=0.75, rewards/valid_sql_reward/mean=1, kl=0.017, entropy=0.1101, frac_reward_zero_std=0, completions/mean_length=24.88, grad_norm=4.528, learning_rate=3.093e-06
[2026-10-08 10:23:19 UTC] step 566/600 | 39.1 s/step | loss=0.0051, reward=0.7534, rewards/execution_reward/mean=0.7938, rewards/valid_sql_reward/mean=0.8125, kl=0.03394, entropy=0.1058, frac_reward_zero_std=0, completions/mean_length=29.69, grad_norm=10.55, learning_rate=3.007e-06
[2026-10-08 10:23:43 UTC] step 567/600 | 39.1 s/step | loss=-0.0042, reward=0.7034, rewards/execution_reward/mean=0.75, rewards/valid_sql_reward/mean=1, kl=0.04219, entropy=0.1262, frac_reward_zero_std=0, completions/mean_length=27.62, grad_norm=10.67, learning_rate=2.921e-06
[2026-10-08 10:24:37 UTC] step 568/600 | 39.1 s/step | loss=-0.0125, reward=0.7194, rewards/execution_reward/mean=0.7937, rewards/valid_sql_reward/mean=0.8125, kl=0.04736, entropy=0.08626, frac_reward_zero_std=0, completions/mean_length=39.25, grad_norm=2.635, learning_rate=2.835e-06
[2026-10-08 10:25:22 UTC] step 569/600 | 39.1 s/step | loss=0.009, reward=0.9042, rewards/execution_reward/mean=0.9375, rewards/valid_sql_reward/mean=1, kl=0.03888, entropy=0.1627, frac_reward_zero_std=0, completions/mean_length=21.44, grad_norm=5.402, learning_rate=2.749e-06
[2026-10-08 10:26:01 UTC] step 570/600 | 39.2 s/step | loss=-0.0022, reward=0.9123, rewards/execution_reward/mean=0.9375, rewards/valid_sql_reward/mean=1, kl=0.0193, entropy=0.111, frac_reward_zero_std=0, completions/mean_length=32.62, grad_norm=6.849, learning_rate=2.663e-06
[2026-10-08 10:26:41 UTC] step 571/600 | 39.2 s/step | loss=0.0008, reward=0.5681, rewards/execution_reward/mean=0.6, rewards/valid_sql_reward/mean=0.75, kl=0.03298, entropy=0.122, frac_reward_zero_std=0, completions/mean_length=24.19, grad_norm=4.706, learning_rate=2.577e-06
[2026-10-08 10:27:29 UTC] step 572/600 | 39.2 s/step | loss=0.0002, reward=0.9548, rewards/execution_reward/mean=1, rewards/valid_sql_reward/mean=1, kl=0.03014, entropy=0.1362, frac_reward_zero_std=0, completions/mean_length=37.5, grad_norm=1.1, learning_rate=2.491e-06
[2026-10-08 10:28:01 UTC] step 573/600 | 39.2 s/step | loss=0.0019, reward=0.652, rewards/execution_reward/mean=0.6875, rewards/valid_sql_reward/mean=1, kl=0.03581, entropy=0.115, frac_reward_zero_std=0, completions/mean_length=24.81, grad_norm=6.589, learning_rate=2.405e-06
[2026-10-08 10:28:28 UTC] step 574/600 | 39.1 s/step | loss=-0, reward=0.9325, rewards/execution_reward/mean=1, rewards/valid_sql_reward/mean=1, kl=0.03724, entropy=0.06668, frac_reward_zero_std=0, completions/mean_length=45.31, grad_norm=1.313, learning_rate=2.32e-06
[2026-10-08 10:29:24 UTC] step 575/600 | 39.2 s/step | loss=-0.0121, reward=0.6305, rewards/execution_reward/mean=0.675, rewards/valid_sql_reward/mean=0.875, kl=0.03837, entropy=0.1111, frac_reward_zero_std=0, completions/mean_length=29, grad_norm=13.5, learning_rate=2.234e-06
[2026-10-08 10:30:04 UTC] step 576/600 | 39.2 s/step | loss=0.0007, reward=0.7008, rewards/execution_reward/mean=0.75, rewards/valid_sql_reward/mean=1, kl=0.04723, entropy=0.1098, frac_reward_zero_std=0, completions/mean_length=26.06, grad_norm=9.933, learning_rate=2.148e-06
[2026-10-08 10:30:51 UTC] step 577/600 | 39.2 s/step | loss=-0.0018, reward=0.849, rewards/execution_reward/mean=0.875, rewards/valid_sql_reward/mean=1, kl=0.03967, entropy=0.1422, frac_reward_zero_std=0, completions/mean_length=16.38, grad_norm=12.67, learning_rate=2.062e-06
[2026-10-08 10:31:19 UTC] step 578/600 | 39.2 s/step | loss=-0.0043, reward=0.8272, rewards/execution_reward/mean=0.9312, rewards/valid_sql_reward/mean=0.9375, kl=0.06256, entropy=0.1253, frac_reward_zero_std=0, completions/mean_length=41.56, grad_norm=7.304, learning_rate=1.976e-06
[2026-10-08 10:32:05 UTC] step 579/600 | 39.2 s/step | loss=0.0174, reward=0.8571, rewards/execution_reward/mean=0.9312, rewards/valid_sql_reward/mean=0.9375, kl=0.05228, entropy=0.101, frac_reward_zero_std=0, completions/mean_length=35.44, grad_norm=12.31, learning_rate=1.89e-06
[2026-10-08 10:32:54 UTC] step 580/600 | 39.2 s/step | loss=0.008, reward=0.735, rewards/execution_reward/mean=0.75, rewards/valid_sql_reward/mean=1, kl=0.01041, entropy=0.1087, frac_reward_zero_std=0, completions/mean_length=36, grad_norm=8.741, learning_rate=1.804e-06
[2026-10-08 10:33:34 UTC] step 581/600 | 39.2 s/step | loss=0, reward=0.9715, rewards/execution_reward/mean=1, rewards/valid_sql_reward/mean=1, kl=0.02105, entropy=0.1535, frac_reward_zero_std=0, completions/mean_length=33.81, grad_norm=0.9513, learning_rate=1.718e-06
[2026-10-08 10:33:56 UTC] step 582/600 | 39.2 s/step | loss=-0.0009, reward=0.7134, rewards/execution_reward/mean=0.7375, rewards/valid_sql_reward/mean=0.875, kl=0.02126, entropy=0.1115, frac_reward_zero_std=0, completions/mean_length=28.31, grad_norm=1.648, learning_rate=1.632e-06
[2026-10-08 10:34:37 UTC] step 583/600 | 39.2 s/step | loss=0.0005, reward=0.8124, rewards/execution_reward/mean=0.8625, rewards/valid_sql_reward/mean=0.875, kl=0.0366, entropy=0.09271, frac_reward_zero_std=0, completions/mean_length=34.19, grad_norm=7.794, learning_rate=1.546e-06
[2026-10-08 10:35:31 UTC] step 584/600 | 39.2 s/step | loss=-0.0019, reward=0.9425, rewards/execution_reward/mean=1, rewards/valid_sql_reward/mean=1, kl=0.03658, entropy=0.09441, frac_reward_zero_std=0, completions/mean_length=39.31, grad_norm=1.31, learning_rate=1.46e-06
[2026-10-08 10:35:54 UTC] step 585/600 | 39.2 s/step | loss=-0.0044, reward=0.7982, rewards/execution_reward/mean=0.875, rewards/valid_sql_reward/mean=1, kl=0.06011, entropy=0.1418, frac_reward_zero_std=0, completions/mean_length=31.94, grad_norm=4.982, learning_rate=1.375e-06
[2026-10-08 10:36:14 UTC] step 586/600 | 39.1 s/step | loss=-0.0007, reward=0.9684, rewards/execution_reward/mean=1, rewards/valid_sql_reward/mean=1, kl=0.03583, entropy=0.1061, frac_reward_zero_std=0, completions/mean_length=22.06, grad_norm=0.5207, learning_rate=1.289e-06
[2026-10-08 10:36:44 UTC] step 587/600 | 39.1 s/step | loss=-0.0002, reward=0.6914, rewards/execution_reward/mean=0.75, rewards/valid_sql_reward/mean=1, kl=0.04709, entropy=0.08591, frac_reward_zero_std=0, completions/mean_length=31.12, grad_norm=0.4421, learning_rate=1.203e-06
[2026-10-08 10:37:21 UTC] step 588/600 | 39.1 s/step | loss=0.0063, reward=0.8497, rewards/execution_reward/mean=0.9375, rewards/valid_sql_reward/mean=1, kl=0.0558, entropy=0.1547, frac_reward_zero_std=0, completions/mean_length=39.31, grad_norm=9.859, learning_rate=1.117e-06
[2026-10-08 10:38:01 UTC] step 589/600 | 39.1 s/step | loss=-0.0024, reward=0.3407, rewards/execution_reward/mean=0.4, rewards/valid_sql_reward/mean=0.625, kl=0.04864, entropy=0.1301, frac_reward_zero_std=0, completions/mean_length=30.5, grad_norm=10.61, learning_rate=1.031e-06
[2026-10-08 10:38:54 UTC] step 590/600 | 39.1 s/step | loss=-0.0082, reward=0.6425, rewards/execution_reward/mean=0.675, rewards/valid_sql_reward/mean=0.875, kl=0.01472, entropy=0.06759, frac_reward_zero_std=0, completions/mean_length=55.19, grad_norm=7.162, learning_rate=9.45e-07
[2026-10-08 10:39:46 UTC] step 591/600 | 39.2 s/step | loss=0.001, reward=0.4328, rewards/execution_reward/mean=0.475, rewards/valid_sql_reward/mean=0.75, kl=0.02493, entropy=0.09811, frac_reward_zero_std=0, completions/mean_length=42.31, grad_norm=10.27, learning_rate=8.591e-07
[2026-10-08 10:40:40 UTC] step 592/600 | 39.2 s/step | loss=-0.0052, reward=0.8438, rewards/execution_reward/mean=0.875, rewards/valid_sql_reward/mean=1, kl=0.02709, entropy=0.1134, frac_reward_zero_std=0, completions/mean_length=28.75, grad_norm=6.163, learning_rate=7.732e-07
[2026-10-08 10:41:19 UTC] step 593/600 | 39.2 s/step | loss=-0.0003, reward=0.973, rewards/execution_reward/mean=1, rewards/valid_sql_reward/mean=1, kl=0.02214, entropy=0.1275, frac_reward_zero_std=0, completions/mean_length=30.5, grad_norm=0.543, learning_rate=6.873e-07
[2026-10-08 10:42:06 UTC] step 594/600 | 39.2 s/step | loss=-0.0021, reward=0.5957, rewards/execution_reward/mean=0.6687, rewards/valid_sql_reward/mean=0.8125, kl=0.05418, entropy=0.1131, frac_reward_zero_std=0, completions/mean_length=33.69, grad_norm=10.44, learning_rate=6.014e-07
[2026-10-08 10:42:32 UTC] step 595/600 | 39.2 s/step | loss=-0.0022, reward=0.9082, rewards/execution_reward/mean=0.9375, rewards/valid_sql_reward/mean=1, kl=0.03089, entropy=0.1388, frac_reward_zero_std=0, completions/mean_length=23.75, grad_norm=6.814, learning_rate=5.155e-07
[2026-10-08 10:43:20 UTC] step 596/600 | 39.2 s/step | loss=-0.004, reward=0.8955, rewards/execution_reward/mean=0.9312, rewards/valid_sql_reward/mean=0.9375, kl=0.03273, entropy=0.182, frac_reward_zero_std=0, completions/mean_length=27.31, grad_norm=6.103, learning_rate=4.296e-07
[2026-10-08 10:44:08 UTC] step 597/600 | 39.2 s/step | loss=0.0008, reward=0.5653, rewards/execution_reward/mean=0.6, rewards/valid_sql_reward/mean=0.75, kl=0.02699, entropy=0.1008, frac_reward_zero_std=0, completions/mean_length=32.12, grad_norm=4.508, learning_rate=3.436e-07
[2026-10-08 10:44:52 UTC] step 598/600 | 39.2 s/step | loss=-0.001, reward=0.8514, rewards/execution_reward/mean=0.9375, rewards/valid_sql_reward/mean=1, kl=0.06185, entropy=0.1174, frac_reward_zero_std=0, completions/mean_length=34.81, grad_norm=6.129, learning_rate=2.577e-07
[2026-10-08 10:45:38 UTC] step 599/600 | 39.2 s/step | loss=0, reward=0.9683, rewards/execution_reward/mean=1, rewards/valid_sql_reward/mean=1, kl=0.02575, entropy=0.1199, frac_reward_zero_std=0, completions/mean_length=30.75, grad_norm=1.101, learning_rate=1.718e-07
[2026-10-08 10:46:36 UTC] step 600/600 | 39.2 s/step | loss=-0.0061, reward=0.7682, rewards/execution_reward/mean=0.8125, rewards/valid_sql_reward/mean=1, kl=0.03581, entropy=0.1259, frac_reward_zero_std=0, completions/mean_length=30.94, grad_norm=6.113, learning_rate=8.591e-08
[2026-10-08 10:46:37 UTC] checkpoint saved: checkpoint-600
[2026-10-08 10:46:37 UTC] step 600/600 | 39.3 s/step | 
[2026-10-08 10:46:37 UTC] training ended at step 600
[2026-10-08 10:46:37 UTC] FINISHED after 6h 32m 44s
