[2026-10-07 21:21:53 UTC] START grpo-1.5b-s0
[2026-10-07 21:21:53 UTC] environment: {
  "time": "2026-10-07 21:21:52 UTC",
  "hostname": "default",
  "python": "3.11.17",
  "command": "train_rl.py --method grpo --seed 0 --max_steps 600 --lr 5e-5",
  "sagemaker_training_job": "",
  "sagemaker_training_job_arn": "",
  "sagemaker_instance_type": "",
  "aws_region": "ap-southeast-2",
  "ec2": {},
  "sagemaker_notebook": {
    "AppType": "JupyterLab",
    "DomainId": "d-jgoytzkgqlbl",
    "SpaceName": "Part-C",
    "UserProfileName": "Pravicksha-PaulsamyVigneshkuma-student-uts-edu-au-3d6",
    "ExecutionRoleArn": "arn:aws:iam::443142193439:role/43008-RL-Spr26-sagemaker-execution-role",
    "ResourceArn": "arn:aws:sagemaker:ap-southeast-2:443142193439:app/d-jgoytzkgqlbl/Part-C/JupyterLab/default",
    "ResourceName": "default",
    "AppImageVersion": "",
    "ResourceArnCaseSensitive": "arn:aws:sagemaker:ap-southeast-2:443142193439:app/d-jgoytzkgqlbl/Part-C/JupyterLab/default",
    "IpAddressType": "ipv4"
  },
  "torch": "2.8.0+cu128",
  "gpu": "Tesla T4"
}
[2026-10-07 21:21:53 UTC] nvidia-smi:
Wed Oct  7 21:21:53 2026       
+-----------------------------------------------------------------------------------------+
| NVIDIA-SMI 595.91.07              Driver Version: 595.91.07      CUDA Version: 13.2     |
+-----------------------------------------+------------------------+----------------------+
| GPU  Name                 Persistence-M | Bus-Id          Disp.A | Volatile Uncorr. ECC |
| Fan  Temp   Perf          Pwr:Usage/Cap |           Memory-Usage | GPU-Util  Compute M. |
|                                         |                        |               MIG M. |
|=========================================+========================+======================|
|   0  Tesla T4                       On  |   00000000:00:1E.0 Off |                    0 |
| N/A   33C    P0             37W /   70W |       3MiB /  15360MiB |      0%      Default |
|                                         |                        |                  N/A |
+-----------------------------------------+------------------------+----------------------+

+-----------------------------------------------------------------------------------------+
| Processes:                                                                              |
|  GPU   GI   CI              PID   Type   Process name                        GPU Memory |
|        ID   ID                                                               Usage      |
|=========================================================================================|
|  No running processes found                                                             |
+-----------------------------------------------------------------------------------------+

[2026-10-07 21:21:53 UTC] settings: {"model": "Qwen/Qwen2.5-Coder-1.5B-Instruct", "lora_rank": 16, "lr": 5e-05, "seed": 0, "max_steps": 600, "save_steps": 100, "load_4bit": 0, "output_dir": null, "wandb_project": "text2sql-rl", "notify_every": 50, "method": "grpo", "beta": 0.04, "num_generations": 4, "temperature": 0.8, "prompts_per_step": 4, "only_mixed": 1, "use_vllm": 0, "init_adapter": null}
[2026-10-07 21:22:06 UTC] training started at step 0, max_steps=600
[2026-10-07 21:22:41 UTC] step 1/600 | 35.0 s/step | loss=0.0714, reward=0.55, rewards/execution_reward/mean=0.55, rewards/valid_sql_reward/mean=0.875, kl=0, entropy=0.1559, frac_reward_zero_std=0.5, completions/mean_length=36.94, grad_norm=0.2535, learning_rate=0
[2026-10-07 21:23:29 UTC] step 2/600 | 41.3 s/step | loss=0.0612, reward=0.2562, rewards/execution_reward/mean=0.2562, rewards/valid_sql_reward/mean=0.4375, kl=0, entropy=0.19, frac_reward_zero_std=0.25, completions/mean_length=40.56, grad_norm=0.3645, learning_rate=2.778e-06
[2026-10-07 21:24:17 UTC] step 3/600 | 43.5 s/step | loss=0.0187, reward=0.6062, rewards/execution_reward/mean=0.6062, rewards/valid_sql_reward/mean=0.8125, kl=4.139e-06, entropy=0.1782, frac_reward_zero_std=0, completions/mean_length=32.75, grad_norm=0.4636, learning_rate=5.556e-06
[2026-10-07 21:24:53 UTC] step 4/600 | 41.7 s/step | loss=0.1638, reward=0.7938, rewards/execution_reward/mean=0.7938, rewards/valid_sql_reward/mean=0.8125, kl=4.751e-06, entropy=0.1358, frac_reward_zero_std=0.5, completions/mean_length=29.06, grad_norm=0.4014, learning_rate=8.333e-06
[2026-10-07 21:25:29 UTC] step 5/600 | 40.6 s/step | loss=0.0554, reward=0.8625, rewards/execution_reward/mean=0.8625, rewards/valid_sql_reward/mean=0.875, kl=8.395e-05, entropy=0.1591, frac_reward_zero_std=0.5, completions/mean_length=36.69, grad_norm=0.2399, learning_rate=1.111e-05
[2026-10-07 21:26:19 UTC] step 6/600 | 42.1 s/step | loss=0.148, reward=0.475, rewards/execution_reward/mean=0.475, rewards/valid_sql_reward/mean=0.75, kl=0.0008133, entropy=0.1469, frac_reward_zero_std=0.25, completions/mean_length=39.12, grad_norm=0.4012, learning_rate=1.389e-05
[2026-10-07 21:26:50 UTC] step 7/600 | 40.6 s/step | loss=-0.0599, reward=0.9375, rewards/execution_reward/mean=0.9375, rewards/valid_sql_reward/mean=1, kl=0.002234, entropy=0.1632, frac_reward_zero_std=0.75, completions/mean_length=27.62, grad_norm=0.2495, learning_rate=1.667e-05
[2026-10-07 21:27:25 UTC] step 8/600 | 39.9 s/step | loss=0.1135, reward=0.3875, rewards/execution_reward/mean=0.3875, rewards/valid_sql_reward/mean=0.5, kl=0.001184, entropy=0.1171, frac_reward_zero_std=0.25, completions/mean_length=60.81, grad_norm=0.2386, learning_rate=1.944e-05
[2026-10-07 21:27:55 UTC] step 9/600 | 38.7 s/step | loss=0.0948, reward=0.5312, rewards/execution_reward/mean=0.5312, rewards/valid_sql_reward/mean=0.6875, kl=0.00413, entropy=0.1537, frac_reward_zero_std=0, completions/mean_length=40.69, grad_norm=0.7, learning_rate=2.222e-05
[2026-10-07 21:28:38 UTC] step 10/600 | 39.2 s/step | loss=0.1018, reward=0.6562, rewards/execution_reward/mean=0.6562, rewards/valid_sql_reward/mean=0.6875, kl=0.0009529, entropy=0.117, frac_reward_zero_std=0.25, completions/mean_length=47.69, grad_norm=0.2901, learning_rate=2.5e-05
[2026-10-07 21:29:21 UTC] step 11/600 | 39.5 s/step | loss=0.0462, reward=0.5562, rewards/execution_reward/mean=0.5562, rewards/valid_sql_reward/mean=0.9375, kl=0.003006, entropy=0.1205, frac_reward_zero_std=0.5, completions/mean_length=26.88, grad_norm=0.5125, learning_rate=2.778e-05
[2026-10-07 21:30:07 UTC] step 12/600 | 40.1 s/step | loss=-0.0261, reward=0.5875, rewards/execution_reward/mean=0.5875, rewards/valid_sql_reward/mean=0.625, kl=0.01678, entropy=0.2318, frac_reward_zero_std=0.75, completions/mean_length=26.31, grad_norm=0.3938, learning_rate=3.056e-05
[2026-10-07 21:30:58 UTC] step 13/600 | 40.9 s/step | loss=-0.0565, reward=0.4875, rewards/execution_reward/mean=0.4875, rewards/valid_sql_reward/mean=0.875, kl=0.02875, entropy=0.1472, frac_reward_zero_std=0, completions/mean_length=39.69, grad_norm=0.4152, learning_rate=3.333e-05
[2026-10-07 21:31:26 UTC] step 14/600 | 40.0 s/step | loss=0.0633, reward=0.525, rewards/execution_reward/mean=0.525, rewards/valid_sql_reward/mean=0.625, kl=0.05081, entropy=0.1606, frac_reward_zero_std=0.25, completions/mean_length=42.25, grad_norm=0.4143, learning_rate=3.611e-05
[2026-10-07 21:31:47 UTC] step 15/600 | 38.7 s/step | loss=0.0505, reward=0.525, rewards/execution_reward/mean=0.525, rewards/valid_sql_reward/mean=0.625, kl=0.03855, entropy=0.139, frac_reward_zero_std=0, completions/mean_length=33.25, grad_norm=0.5722, learning_rate=3.889e-05
[2026-10-07 21:32:20 UTC] step 16/600 | 38.3 s/step | loss=0.2491, reward=0.6562, rewards/execution_reward/mean=0.6562, rewards/valid_sql_reward/mean=0.6875, kl=0.04738, entropy=0.1808, frac_reward_zero_std=0, completions/mean_length=31.75, grad_norm=0.5936, learning_rate=4.167e-05
[2026-10-07 21:33:09 UTC] step 17/600 | 39.0 s/step | loss=0.0167, reward=0.4563, rewards/execution_reward/mean=0.4563, rewards/valid_sql_reward/mean=0.5625, kl=0.02613, entropy=0.1151, frac_reward_zero_std=0.5, completions/mean_length=37.75, grad_norm=0.315, learning_rate=4.444e-05
[2026-10-07 21:33:57 UTC] step 18/600 | 39.5 s/step | loss=-0.0715, reward=0.3438, rewards/execution_reward/mean=0.3438, rewards/valid_sql_reward/mean=0.6875, kl=0.03588, entropy=0.1178, frac_reward_zero_std=0, completions/mean_length=51.19, grad_norm=0.3379, learning_rate=4.722e-05
[2026-10-07 21:34:39 UTC] step 19/600 | 39.6 s/step | loss=0.0166, reward=0.4625, rewards/execution_reward/mean=0.4625, rewards/valid_sql_reward/mean=0.625, kl=0.02439, entropy=0.1693, frac_reward_zero_std=0, completions/mean_length=39.12, grad_norm=0.6337, learning_rate=5e-05
[2026-10-07 21:34:57 UTC] step 20/600 | 38.5 s/step | loss=-0.035, reward=0.8, rewards/execution_reward/mean=0.8, rewards/valid_sql_reward/mean=0.875, kl=0.05882, entropy=0.126, frac_reward_zero_std=0.5, completions/mean_length=25.94, grad_norm=0.4008, learning_rate=4.991e-05
[2026-10-07 21:35:38 UTC] step 21/600 | 38.6 s/step | loss=0.0017, reward=1, rewards/execution_reward/mean=1, rewards/valid_sql_reward/mean=1, kl=0.04535, entropy=0.1283, frac_reward_zero_std=1, completions/mean_length=28.25, grad_norm=0.01006, learning_rate=4.983e-05
[2026-10-07 21:36:20 UTC] step 22/600 | 38.8 s/step | loss=0.0437, reward=0.2062, rewards/execution_reward/mean=0.2062, rewards/valid_sql_reward/mean=0.5625, kl=0.05383, entropy=0.1225, frac_reward_zero_std=0.25, completions/mean_length=39.12, grad_norm=0.2223, learning_rate=4.974e-05
[2026-10-07 21:37:08 UTC] step 23/600 | 39.2 s/step | loss=-0.0885, reward=0.75, rewards/execution_reward/mean=0.75, rewards/valid_sql_reward/mean=1, kl=0.05723, entropy=0.1213, frac_reward_zero_std=0.5, completions/mean_length=44.19, grad_norm=0.3217, learning_rate=4.966e-05
[2026-10-07 21:37:50 UTC] step 24/600 | 39.3 s/step | loss=-0.0058, reward=0.875, rewards/execution_reward/mean=0.875, rewards/valid_sql_reward/mean=1, kl=0.1047, entropy=0.09309, frac_reward_zero_std=0.5, completions/mean_length=25.62, grad_norm=0.4894, learning_rate=4.957e-05
[2026-10-07 21:38:38 UTC] step 25/600 | 39.7 s/step | loss=-0.0688, reward=0.5312, rewards/execution_reward/mean=0.5312, rewards/valid_sql_reward/mean=0.6875, kl=0.08511, entropy=0.1802, frac_reward_zero_std=0.25, completions/mean_length=26.19, grad_norm=0.5919, learning_rate=4.948e-05
[2026-10-07 21:39:19 UTC] step 26/600 | 39.7 s/step | loss=0.0396, reward=0.675, rewards/execution_reward/mean=0.675, rewards/valid_sql_reward/mean=0.875, kl=0.098, entropy=0.1788, frac_reward_zero_std=0.25, completions/mean_length=29.69, grad_norm=0.5217, learning_rate=4.94e-05
[2026-10-07 21:39:41 UTC] step 27/600 | 39.0 s/step | loss=-0.0083, reward=0.4812, rewards/execution_reward/mean=0.4812, rewards/valid_sql_reward/mean=0.8125, kl=0.08827, entropy=0.1445, frac_reward_zero_std=0.25, completions/mean_length=39.62, grad_norm=0.4055, learning_rate=4.931e-05
[2026-10-07 21:40:22 UTC] step 28/600 | 39.1 s/step | loss=0.0061, reward=0.475, rewards/execution_reward/mean=0.475, rewards/valid_sql_reward/mean=0.75, kl=0.1555, entropy=0.1826, frac_reward_zero_std=1, completions/mean_length=28.56, grad_norm=0.08169, learning_rate=4.923e-05
[2026-10-07 21:40:44 UTC] step 29/600 | 38.5 s/step | loss=-0.0855, reward=0.675, rewards/execution_reward/mean=0.675, rewards/valid_sql_reward/mean=0.875, kl=0.1253, entropy=0.1765, frac_reward_zero_std=0.5, completions/mean_length=31.94, grad_norm=0.5028, learning_rate=4.914e-05
[2026-10-07 21:41:05 UTC] step 30/600 | 37.9 s/step | loss=0.0451, reward=0.5938, rewards/execution_reward/mean=0.5938, rewards/valid_sql_reward/mean=0.6875, kl=0.1101, entropy=0.1672, frac_reward_zero_std=0.5, completions/mean_length=35.25, grad_norm=0.5021, learning_rate=4.905e-05
[2026-10-07 21:41:26 UTC] step 31/600 | 37.4 s/step | loss=-0.0438, reward=0.4563, rewards/execution_reward/mean=0.4563, rewards/valid_sql_reward/mean=0.5625, kl=0.1311, entropy=0.1649, frac_reward_zero_std=0.25, completions/mean_length=32.69, grad_norm=0.5198, learning_rate=4.897e-05
[2026-10-07 21:42:09 UTC] step 32/600 | 37.6 s/step | loss=0.0012, reward=0.6187, rewards/execution_reward/mean=0.6187, rewards/valid_sql_reward/mean=0.9375, kl=0.1369, entropy=0.1706, frac_reward_zero_std=0.5, completions/mean_length=39.88, grad_norm=0.3164, learning_rate=4.888e-05
[2026-10-07 21:42:50 UTC] step 33/600 | 37.7 s/step | loss=0.0071, reward=1, rewards/execution_reward/mean=1, rewards/valid_sql_reward/mean=1, kl=0.1829, entropy=0.07731, frac_reward_zero_std=1, completions/mean_length=25.12, grad_norm=0.09636, learning_rate=4.88e-05
[2026-10-07 21:43:18 UTC] step 34/600 | 37.4 s/step | loss=0.0903, reward=0.4, rewards/execution_reward/mean=0.4, rewards/valid_sql_reward/mean=0.625, kl=0.1057, entropy=0.1674, frac_reward_zero_std=0, completions/mean_length=46.94, grad_norm=0.4004, learning_rate=4.871e-05
[2026-10-07 21:43:56 UTC] step 35/600 | 37.4 s/step | loss=0.0447, reward=0.6562, rewards/execution_reward/mean=0.6562, rewards/valid_sql_reward/mean=0.6875, kl=0.1564, entropy=0.1373, frac_reward_zero_std=0.25, completions/mean_length=51.38, grad_norm=0.4019, learning_rate=4.863e-05
[2026-10-07 21:44:33 UTC] step 36/600 | 37.4 s/step | loss=0.0793, reward=0.9312, rewards/execution_reward/mean=0.9312, rewards/valid_sql_reward/mean=0.9375, kl=0.1471, entropy=0.09904, frac_reward_zero_std=0.75, completions/mean_length=30.94, grad_norm=0.2337, learning_rate=4.854e-05
[2026-10-07 21:44:52 UTC] step 37/600 | 36.9 s/step | loss=0.0502, reward=0.6812, rewards/execution_reward/mean=0.6812, rewards/valid_sql_reward/mean=0.9375, kl=0.1269, entropy=0.1382, frac_reward_zero_std=0.75, completions/mean_length=37.38, grad_norm=0.1646, learning_rate=4.845e-05
[2026-10-07 21:45:38 UTC] step 38/600 | 37.1 s/step | loss=-0.0073, reward=0.6812, rewards/execution_reward/mean=0.6812, rewards/valid_sql_reward/mean=0.9375, kl=0.1411, entropy=0.1155, frac_reward_zero_std=0.25, completions/mean_length=31.44, grad_norm=0.3566, learning_rate=4.837e-05
[2026-10-07 21:46:29 UTC] step 39/600 | 37.5 s/step | loss=-0.0137, reward=0.6625, rewards/execution_reward/mean=0.6625, rewards/valid_sql_reward/mean=0.75, kl=0.1056, entropy=0.1468, frac_reward_zero_std=0.25, completions/mean_length=35.25, grad_norm=0.491, learning_rate=4.828e-05
[2026-10-07 21:47:11 UTC] step 40/600 | 37.6 s/step | loss=0.182, reward=0.7313, rewards/execution_reward/mean=0.7313, rewards/valid_sql_reward/mean=0.8125, kl=0.1243, entropy=0.1305, frac_reward_zero_std=0.25, completions/mean_length=40.38, grad_norm=0.5331, learning_rate=4.82e-05
[2026-10-07 21:47:57 UTC] step 41/600 | 37.8 s/step | loss=0.0098, reward=0.725, rewards/execution_reward/mean=0.725, rewards/valid_sql_reward/mean=0.75, kl=0.06339, entropy=0.1365, frac_reward_zero_std=0.5, completions/mean_length=36.88, grad_norm=0.3597, learning_rate=4.811e-05
[2026-10-07 21:48:45 UTC] step 42/600 | 38.1 s/step | loss=0.1513, reward=0.6125, rewards/execution_reward/mean=0.6125, rewards/valid_sql_reward/mean=0.875, kl=0.07292, entropy=0.142, frac_reward_zero_std=0.5, completions/mean_length=35.81, grad_norm=0.4692, learning_rate=4.802e-05
[2026-10-07 21:49:30 UTC] step 43/600 | 38.2 s/step | loss=-0.0222, reward=0.7375, rewards/execution_reward/mean=0.7375, rewards/valid_sql_reward/mean=0.875, kl=0.02409, entropy=0.1645, frac_reward_zero_std=0.75, completions/mean_length=44.38, grad_norm=0.382, learning_rate=4.794e-05
[2026-10-07 21:49:52 UTC] step 44/600 | 37.9 s/step | loss=0.1168, reward=0.875, rewards/execution_reward/mean=0.875, rewards/valid_sql_reward/mean=1, kl=0.06091, entropy=0.1181, frac_reward_zero_std=0.5, completions/mean_length=32.88, grad_norm=0.5999, learning_rate=4.785e-05
[2026-10-07 21:50:33 UTC] step 45/600 | 37.9 s/step | loss=-0.0015, reward=0.425, rewards/execution_reward/mean=0.425, rewards/valid_sql_reward/mean=0.875, kl=0.06672, entropy=0.1554, frac_reward_zero_std=0.25, completions/mean_length=31.75, grad_norm=0.3556, learning_rate=4.777e-05
[2026-10-07 21:50:53 UTC] step 46/600 | 37.5 s/step | loss=-0.0032, reward=0.9312, rewards/execution_reward/mean=0.9312, rewards/valid_sql_reward/mean=0.9375, kl=0.02789, entropy=0.126, frac_reward_zero_std=0.75, completions/mean_length=28.56, grad_norm=0.1571, learning_rate=4.768e-05
[2026-10-07 21:51:15 UTC] step 47/600 | 37.2 s/step | loss=0.0359, reward=0.8687, rewards/execution_reward/mean=0.8687, rewards/valid_sql_reward/mean=0.9375, kl=0.07151, entropy=0.1028, frac_reward_zero_std=0.5, completions/mean_length=36.5, grad_norm=0.2718, learning_rate=4.759e-05
[2026-10-07 21:51:56 UTC] step 48/600 | 37.3 s/step | loss=0.0028, reward=0.75, rewards/execution_reward/mean=0.75, rewards/valid_sql_reward/mean=1, kl=0.07143, entropy=0.1071, frac_reward_zero_std=1, completions/mean_length=38, grad_norm=0.0185, learning_rate=4.751e-05
[2026-10-07 21:52:24 UTC] step 49/600 | 37.1 s/step | loss=0.0002, reward=0.9375, rewards/execution_reward/mean=0.9375, rewards/valid_sql_reward/mean=1, kl=0.1232, entropy=0.1415, frac_reward_zero_std=0.75, completions/mean_length=26.62, grad_norm=0.431, learning_rate=4.742e-05
[2026-10-07 21:53:11 UTC] step 50/600 | 37.3 s/step | loss=0.0021, reward=1, rewards/execution_reward/mean=1, rewards/valid_sql_reward/mean=1, kl=0.05462, entropy=0.1589, frac_reward_zero_std=1, completions/mean_length=25.38, grad_norm=0.0323, learning_rate=4.734e-05
[2026-10-07 21:53:38 UTC] step 51/600 | 37.1 s/step | loss=0.0402, reward=0.875, rewards/execution_reward/mean=0.875, rewards/valid_sql_reward/mean=1, kl=0.1654, entropy=0.1607, frac_reward_zero_std=0.5, completions/mean_length=25.94, grad_norm=0.3998, learning_rate=4.725e-05
[2026-10-07 21:54:24 UTC] step 52/600 | 37.3 s/step | loss=-0.0222, reward=0.75, rewards/execution_reward/mean=0.75, rewards/valid_sql_reward/mean=1, kl=0.2968, entropy=0.2069, frac_reward_zero_std=0.5, completions/mean_length=20.81, grad_norm=0.5821, learning_rate=4.716e-05
[2026-10-07 21:55:12 UTC] step 53/600 | 37.5 s/step | loss=0.0202, reward=0.7437, rewards/execution_reward/mean=0.7437, rewards/valid_sql_reward/mean=0.9375, kl=0.05786, entropy=0.1656, frac_reward_zero_std=0.25, completions/mean_length=28.12, grad_norm=0.5862, learning_rate=4.708e-05
[2026-10-07 21:55:53 UTC] step 54/600 | 37.5 s/step | loss=0.0044, reward=1, rewards/execution_reward/mean=1, rewards/valid_sql_reward/mean=1, kl=0.1143, entropy=0.1426, frac_reward_zero_std=1, completions/mean_length=32.5, grad_norm=0.01657, learning_rate=4.699e-05
[2026-10-07 21:56:39 UTC] step 55/600 | 37.7 s/step | loss=-0.0149, reward=0.4, rewards/execution_reward/mean=0.4, rewards/valid_sql_reward/mean=0.625, kl=0.1047, entropy=0.157, frac_reward_zero_std=0.5, completions/mean_length=48.81, grad_norm=0.4026, learning_rate=4.691e-05
[2026-10-07 21:57:18 UTC] step 56/600 | 37.7 s/step | loss=0.0108, reward=0.6125, rewards/execution_reward/mean=0.6125, rewards/valid_sql_reward/mean=0.875, kl=0.07943, entropy=0.1617, frac_reward_zero_std=0.75, completions/mean_length=42.69, grad_norm=0.3276, learning_rate=4.682e-05
[2026-10-07 21:57:59 UTC] step 57/600 | 37.8 s/step | loss=0.0537, reward=0.6187, rewards/execution_reward/mean=0.6187, rewards/valid_sql_reward/mean=0.9375, kl=0.2719, entropy=0.1513, frac_reward_zero_std=0.5, completions/mean_length=28.44, grad_norm=0.638, learning_rate=4.674e-05
[2026-10-07 21:58:30 UTC] step 58/600 | 37.7 s/step | loss=0.0244, reward=0.6687, rewards/execution_reward/mean=0.6687, rewards/valid_sql_reward/mean=0.8125, kl=0.2056, entropy=0.1758, frac_reward_zero_std=0.5, completions/mean_length=25.19, grad_norm=0.5451, learning_rate=4.665e-05
[2026-10-07 21:59:06 UTC] step 59/600 | 37.6 s/step | loss=0.0508, reward=0.875, rewards/execution_reward/mean=0.875, rewards/valid_sql_reward/mean=1, kl=0.1463, entropy=0.1165, frac_reward_zero_std=0.75, completions/mean_length=38.44, grad_norm=0.4467, learning_rate=4.656e-05
[2026-10-07 21:59:40 UTC] step 60/600 | 37.6 s/step | loss=0.0187, reward=-0.00625, rewards/execution_reward/mean=-0.00625, rewards/valid_sql_reward/mean=0.3125, kl=0.7116, entropy=0.2043, frac_reward_zero_std=0.75, completions/mean_length=22.69, grad_norm=1.86, learning_rate=4.648e-05
[2026-10-07 21:59:57 UTC] step 61/600 | 37.2 s/step | loss=0.0721, reward=0.8687, rewards/execution_reward/mean=0.8687, rewards/valid_sql_reward/mean=0.9375, kl=0.5395, entropy=0.165, frac_reward_zero_std=0.5, completions/mean_length=30.56, grad_norm=0.6751, learning_rate=4.639e-05
[2026-10-07 22:00:41 UTC] step 62/600 | 37.3 s/step | loss=0.0168, reward=1, rewards/execution_reward/mean=1, rewards/valid_sql_reward/mean=1, kl=0.4351, entropy=0.1603, frac_reward_zero_std=1, completions/mean_length=34.25, grad_norm=0.1128, learning_rate=4.631e-05
[2026-10-07 22:01:17 UTC] step 63/600 | 37.3 s/step | loss=-0.0337, reward=0.7312, rewards/execution_reward/mean=0.7312, rewards/valid_sql_reward/mean=0.8125, kl=0.639, entropy=0.1085, frac_reward_zero_std=0.75, completions/mean_length=31.5, grad_norm=0.4172, learning_rate=4.622e-05
[2026-10-07 22:02:07 UTC] step 64/600 | 37.5 s/step | loss=0.0415, reward=0.5375, rewards/execution_reward/mean=0.5375, rewards/valid_sql_reward/mean=0.75, kl=0.418, entropy=0.1743, frac_reward_zero_std=0.75, completions/mean_length=35.12, grad_norm=0.4978, learning_rate=4.613e-05
[2026-10-07 22:02:53 UTC] step 65/600 | 37.6 s/step | loss=0.0358, reward=0.8687, rewards/execution_reward/mean=0.8687, rewards/valid_sql_reward/mean=0.9375, kl=0.1221, entropy=0.1454, frac_reward_zero_std=0.75, completions/mean_length=34.94, grad_norm=0.2911, learning_rate=4.605e-05
[2026-10-07 22:03:20 UTC] step 66/600 | 37.5 s/step | loss=-0.026, reward=0.6063, rewards/execution_reward/mean=0.6063, rewards/valid_sql_reward/mean=0.8125, kl=0.1503, entropy=0.1345, frac_reward_zero_std=0.5, completions/mean_length=31.5, grad_norm=0.3847, learning_rate=4.596e-05
[2026-10-07 22:03:59 UTC] step 67/600 | 37.5 s/step | loss=-0.0453, reward=0.7937, rewards/execution_reward/mean=0.7937, rewards/valid_sql_reward/mean=0.8125, kl=0.1937, entropy=0.07963, frac_reward_zero_std=0.75, completions/mean_length=19.44, grad_norm=1.392, learning_rate=4.588e-05
[2026-10-07 22:04:18 UTC] step 68/600 | 37.2 s/step | loss=0.0383, reward=0.4938, rewards/execution_reward/mean=0.4938, rewards/valid_sql_reward/mean=0.9375, kl=0.1149, entropy=0.1357, frac_reward_zero_std=0.75, completions/mean_length=28.69, grad_norm=0.3918, learning_rate=4.579e-05
[2026-10-07 22:04:40 UTC] step 69/600 | 37.0 s/step | loss=0.071, reward=0.6125, rewards/execution_reward/mean=0.6125, rewards/valid_sql_reward/mean=0.875, kl=0.175, entropy=0.1601, frac_reward_zero_std=0.5, completions/mean_length=28.69, grad_norm=0.6664, learning_rate=4.57e-05
[2026-10-07 22:05:13 UTC] step 70/600 | 37.0 s/step | loss=0.1077, reward=0.8, rewards/execution_reward/mean=0.8, rewards/valid_sql_reward/mean=0.875, kl=0.125, entropy=0.1745, frac_reward_zero_std=0.75, completions/mean_length=24.88, grad_norm=0.3249, learning_rate=4.562e-05
[2026-10-07 22:05:50 UTC] step 71/600 | 37.0 s/step | loss=0.0658, reward=0.7375, rewards/execution_reward/mean=0.7375, rewards/valid_sql_reward/mean=0.875, kl=0.116, entropy=0.1613, frac_reward_zero_std=0.5, completions/mean_length=42.5, grad_norm=0.471, learning_rate=4.553e-05
[2026-10-07 22:06:27 UTC] step 72/600 | 37.0 s/step | loss=0.1377, reward=0.8687, rewards/execution_reward/mean=0.8687, rewards/valid_sql_reward/mean=0.9375, kl=0.1199, entropy=0.1195, frac_reward_zero_std=0.5, completions/mean_length=34, grad_norm=0.6379, learning_rate=4.545e-05
[2026-10-07 22:06:45 UTC] step 73/600 | 36.7 s/step | loss=0.0267, reward=0.75, rewards/execution_reward/mean=0.75, rewards/valid_sql_reward/mean=1, kl=0.14, entropy=0.0947, frac_reward_zero_std=0.5, completions/mean_length=30.31, grad_norm=0.3989, learning_rate=4.536e-05
[2026-10-07 22:07:04 UTC] step 74/600 | 36.5 s/step | loss=0.0065, reward=0.6187, rewards/execution_reward/mean=0.6187, rewards/valid_sql_reward/mean=0.9375, kl=0.1108, entropy=0.1708, frac_reward_zero_std=0.5, completions/mean_length=31.31, grad_norm=0.4116, learning_rate=4.527e-05
[2026-10-07 22:07:26 UTC] step 75/600 | 36.3 s/step | loss=0.0054, reward=0.9375, rewards/execution_reward/mean=0.9375, rewards/valid_sql_reward/mean=1, kl=0.1349, entropy=0.1089, frac_reward_zero_std=0.75, completions/mean_length=27.06, grad_norm=0.228, learning_rate=4.519e-05
[2026-10-07 22:08:07 UTC] step 76/600 | 36.3 s/step | loss=-0.0065, reward=0.8687, rewards/execution_reward/mean=0.8687, rewards/valid_sql_reward/mean=0.9375, kl=0.1658, entropy=0.09024, frac_reward_zero_std=0.75, completions/mean_length=22, grad_norm=0.3306, learning_rate=4.51e-05
[2026-10-07 22:08:34 UTC] step 77/600 | 36.2 s/step | loss=0.0066, reward=1, rewards/execution_reward/mean=1, rewards/valid_sql_reward/mean=1, kl=0.1668, entropy=0.09889, frac_reward_zero_std=1, completions/mean_length=19.94, grad_norm=0.01864, learning_rate=4.502e-05
[2026-10-07 22:08:53 UTC] step 78/600 | 36.0 s/step | loss=0.006, reward=1, rewards/execution_reward/mean=1, rewards/valid_sql_reward/mean=1, kl=0.1493, entropy=0.1016, frac_reward_zero_std=1, completions/mean_length=26.5, grad_norm=0.02133, learning_rate=4.493e-05
[2026-10-07 22:09:29 UTC] step 79/600 | 36.0 s/step | loss=-0.0046, reward=0.8125, rewards/execution_reward/mean=0.8125, rewards/valid_sql_reward/mean=1, kl=0.09211, entropy=0.09537, frac_reward_zero_std=0.5, completions/mean_length=36.75, grad_norm=0.3629, learning_rate=4.485e-05
[2026-10-07 22:10:04 UTC] step 80/600 | 36.0 s/step | loss=0.0679, reward=0.6625, rewards/execution_reward/mean=0.6625, rewards/valid_sql_reward/mean=0.75, kl=0.06339, entropy=0.1209, frac_reward_zero_std=0.75, completions/mean_length=33.44, grad_norm=0.2987, learning_rate=4.476e-05
[2026-10-07 22:10:28 UTC] step 81/600 | 35.8 s/step | loss=0.0095, reward=0.6812, rewards/execution_reward/mean=0.6812, rewards/valid_sql_reward/mean=0.9375, kl=0.1772, entropy=0.08192, frac_reward_zero_std=0.75, completions/mean_length=25.75, grad_norm=0.1657, learning_rate=4.467e-05
[2026-10-07 22:11:02 UTC] step 82/600 | 35.8 s/step | loss=-0.0141, reward=0.6562, rewards/execution_reward/mean=0.6562, rewards/valid_sql_reward/mean=0.6875, kl=0.1641, entropy=0.1215, frac_reward_zero_std=0.25, completions/mean_length=33.56, grad_norm=0.4548, learning_rate=4.459e-05
[2026-10-07 22:11:36 UTC] step 83/600 | 35.8 s/step | loss=-0.0404, reward=0.6187, rewards/execution_reward/mean=0.6187, rewards/valid_sql_reward/mean=0.9375, kl=0.07135, entropy=0.1122, frac_reward_zero_std=0.5, completions/mean_length=36.25, grad_norm=0.4033, learning_rate=4.45e-05
[2026-10-07 22:12:06 UTC] step 84/600 | 35.7 s/step | loss=0.0062, reward=0.725, rewards/execution_reward/mean=0.725, rewards/valid_sql_reward/mean=0.75, kl=0.1587, entropy=0.07482, frac_reward_zero_std=1, completions/mean_length=23.62, grad_norm=0.01374, learning_rate=4.442e-05
[2026-10-07 22:12:23 UTC] step 85/600 | 35.5 s/step | loss=0.0147, reward=0.2875, rewards/execution_reward/mean=0.2875, rewards/valid_sql_reward/mean=0.75, kl=0.1606, entropy=0.06022, frac_reward_zero_std=0.75, completions/mean_length=22.38, grad_norm=0.4206, learning_rate=4.433e-05
[2026-10-07 22:13:00 UTC] step 86/600 | 35.5 s/step | loss=-0.0328, reward=0.6062, rewards/execution_reward/mean=0.6062, rewards/valid_sql_reward/mean=0.8125, kl=0.1345, entropy=0.144, frac_reward_zero_std=0.5, completions/mean_length=25.44, grad_norm=0.578, learning_rate=4.424e-05
[2026-10-07 22:13:32 UTC] step 87/600 | 35.5 s/step | loss=0.0208, reward=0.9375, rewards/execution_reward/mean=0.9375, rewards/valid_sql_reward/mean=1, kl=0.1204, entropy=0.1002, frac_reward_zero_std=0.75, completions/mean_length=29.31, grad_norm=0.2354, learning_rate=4.416e-05
[2026-10-07 22:14:08 UTC] step 88/600 | 35.5 s/step | loss=-0.0558, reward=0.6687, rewards/execution_reward/mean=0.6687, rewards/valid_sql_reward/mean=0.8125, kl=0.2322, entropy=0.1313, frac_reward_zero_std=0.5, completions/mean_length=30.75, grad_norm=0.3597, learning_rate=4.407e-05
[2026-10-07 22:14:50 UTC] step 89/600 | 35.5 s/step | loss=-0.0546, reward=0.8125, rewards/execution_reward/mean=0.8125, rewards/valid_sql_reward/mean=1, kl=0.134, entropy=0.07425, frac_reward_zero_std=0.75, completions/mean_length=21.94, grad_norm=0.5444, learning_rate=4.399e-05
[2026-10-07 22:15:11 UTC] step 90/600 | 35.4 s/step | loss=0.0418, reward=0.875, rewards/execution_reward/mean=0.875, rewards/valid_sql_reward/mean=1, kl=0.2128, entropy=0.1008, frac_reward_zero_std=0.75, completions/mean_length=38.25, grad_norm=0.427, learning_rate=4.39e-05
[2026-10-07 22:15:29 UTC] step 91/600 | 35.2 s/step | loss=-0.0314, reward=0.9375, rewards/execution_reward/mean=0.9375, rewards/valid_sql_reward/mean=1, kl=0.1485, entropy=0.08299, frac_reward_zero_std=0.75, completions/mean_length=27.62, grad_norm=0.2263, learning_rate=4.381e-05
[2026-10-07 22:16:21 UTC] step 92/600 | 35.4 s/step | loss=0.1359, reward=0.8, rewards/execution_reward/mean=0.8, rewards/valid_sql_reward/mean=0.875, kl=0.1533, entropy=0.1739, frac_reward_zero_std=0.25, completions/mean_length=37.44, grad_norm=0.5002, learning_rate=4.373e-05
[2026-10-07 22:16:50 UTC] step 93/600 | 35.3 s/step | loss=0.0117, reward=0.8062, rewards/execution_reward/mean=0.8062, rewards/valid_sql_reward/mean=0.9375, kl=0.1426, entropy=0.07849, frac_reward_zero_std=0.5, completions/mean_length=24.94, grad_norm=0.4364, learning_rate=4.364e-05
[2026-10-07 22:17:05 UTC] step 94/600 | 35.1 s/step | loss=0.06, reward=0.625, rewards/execution_reward/mean=0.625, rewards/valid_sql_reward/mean=1, kl=0.1402, entropy=0.08589, frac_reward_zero_std=0.5, completions/mean_length=24.06, grad_norm=0.6012, learning_rate=4.356e-05
[2026-10-07 22:17:53 UTC] step 95/600 | 35.2 s/step | loss=0.0011, reward=0.8062, rewards/execution_reward/mean=0.8062, rewards/valid_sql_reward/mean=0.9375, kl=0.09793, entropy=0.08139, frac_reward_zero_std=0.75, completions/mean_length=29.25, grad_norm=0.244, learning_rate=4.347e-05
[2026-10-07 22:18:28 UTC] step 96/600 | 35.2 s/step | loss=0.0473, reward=0.9375, rewards/execution_reward/mean=0.9375, rewards/valid_sql_reward/mean=1, kl=0.203, entropy=0.1624, frac_reward_zero_std=0.75, completions/mean_length=23.88, grad_norm=0.3682, learning_rate=4.338e-05
[2026-10-07 22:18:49 UTC] step 97/600 | 35.1 s/step | loss=-0.0048, reward=0.6562, rewards/execution_reward/mean=0.6562, rewards/valid_sql_reward/mean=0.6875, kl=0.08493, entropy=0.1221, frac_reward_zero_std=0.75, completions/mean_length=45.75, grad_norm=0.3853, learning_rate=4.33e-05
[2026-10-07 22:19:32 UTC] step 98/600 | 35.2 s/step | loss=-0.0206, reward=0.8062, rewards/execution_reward/mean=0.8062, rewards/valid_sql_reward/mean=0.9375, kl=0.08074, entropy=0.1039, frac_reward_zero_std=0.5, completions/mean_length=49.88, grad_norm=0.2959, learning_rate=4.321e-05
[2026-10-07 22:20:06 UTC] step 99/600 | 35.1 s/step | loss=0.1525, reward=0.8687, rewards/execution_reward/mean=0.8687, rewards/valid_sql_reward/mean=0.9375, kl=2.857, entropy=0.1221, frac_reward_zero_std=0.5, completions/mean_length=32.69, grad_norm=5.862, learning_rate=4.313e-05
[2026-10-07 22:20:46 UTC] step 100/600 | 35.2 s/step | loss=0.008, reward=1, rewards/execution_reward/mean=1, rewards/valid_sql_reward/mean=1, kl=0.1997, entropy=0.08444, frac_reward_zero_std=1, completions/mean_length=19.19, grad_norm=0.01593, learning_rate=4.304e-05
[2026-10-07 22:20:47 UTC] checkpoint saved: checkpoint-100
[2026-10-07 22:21:03 UTC] step 101/600 | 35.0 s/step | loss=0.0461, reward=0.6812, rewards/execution_reward/mean=0.6812, rewards/valid_sql_reward/mean=0.9375, kl=0.17, entropy=0.1394, frac_reward_zero_std=0.5, completions/mean_length=26.88, grad_norm=0.3846, learning_rate=4.296e-05
[2026-10-07 22:21:14 UTC] step 102/600 | 34.8 s/step | loss=0.0104, reward=0.7437, rewards/execution_reward/mean=0.7437, rewards/valid_sql_reward/mean=0.9375, kl=0.1672, entropy=0.08842, frac_reward_zero_std=0.5, completions/mean_length=24.88, grad_norm=0.6604, learning_rate=4.287e-05
[2026-10-07 22:21:46 UTC] step 103/600 | 34.8 s/step | loss=0.0607, reward=0.5875, rewards/execution_reward/mean=0.5875, rewards/valid_sql_reward/mean=0.625, kl=0.1199, entropy=0.1284, frac_reward_zero_std=0.5, completions/mean_length=34.62, grad_norm=0.412, learning_rate=4.278e-05
[2026-10-07 22:22:32 UTC] step 104/600 | 34.9 s/step | loss=-0.0086, reward=0.625, rewards/execution_reward/mean=0.625, rewards/valid_sql_reward/mean=1, kl=0.1567, entropy=0.1754, frac_reward_zero_std=0, completions/mean_length=28.62, grad_norm=0.7291, learning_rate=4.27e-05
[2026-10-07 22:23:14 UTC] step 105/600 | 34.9 s/step | loss=0.0031, reward=0.6187, rewards/execution_reward/mean=0.6187, rewards/valid_sql_reward/mean=0.9375, kl=0.1737, entropy=0.1384, frac_reward_zero_std=0.5, completions/mean_length=48.62, grad_norm=0.6365, learning_rate=4.261e-05
[2026-10-07 22:23:32 UTC] step 106/600 | 34.8 s/step | loss=0.0252, reward=0.7313, rewards/execution_reward/mean=0.7313, rewards/valid_sql_reward/mean=0.8125, kl=0.08218, entropy=0.1345, frac_reward_zero_std=0.25, completions/mean_length=35.44, grad_norm=0.4606, learning_rate=4.253e-05
[2026-10-07 22:24:23 UTC] step 107/600 | 34.9 s/step | loss=-0.0663, reward=0.7937, rewards/execution_reward/mean=0.7937, rewards/valid_sql_reward/mean=0.8125, kl=0.0398, entropy=0.1084, frac_reward_zero_std=0.75, completions/mean_length=41.75, grad_norm=0.3858, learning_rate=4.244e-05
[2026-10-07 22:24:49 UTC] step 108/600 | 34.8 s/step | loss=-0.0291, reward=0.625, rewards/execution_reward/mean=0.625, rewards/valid_sql_reward/mean=1, kl=0.02753, entropy=0.1376, frac_reward_zero_std=0.25, completions/mean_length=32.94, grad_norm=0.8332, learning_rate=4.235e-05
[2026-10-07 22:25:14 UTC] step 109/600 | 34.7 s/step | loss=0.0036, reward=0.9375, rewards/execution_reward/mean=0.9375, rewards/valid_sql_reward/mean=1, kl=0.01981, entropy=0.1271, frac_reward_zero_std=0.75, completions/mean_length=23.44, grad_norm=0.3225, learning_rate=4.227e-05
[2026-10-07 22:25:56 UTC] step 110/600 | 34.8 s/step | loss=-0.0742, reward=0.6187, rewards/execution_reward/mean=0.6187, rewards/valid_sql_reward/mean=0.9375, kl=0.02714, entropy=0.1361, frac_reward_zero_std=0.25, completions/mean_length=30.75, grad_norm=0.5174, learning_rate=4.218e-05
[2026-10-07 22:26:21 UTC] step 111/600 | 34.7 s/step | loss=-0.0253, reward=0.8125, rewards/execution_reward/mean=0.8125, rewards/valid_sql_reward/mean=1, kl=0.05751, entropy=0.1937, frac_reward_zero_std=0.75, completions/mean_length=19.25, grad_norm=0.7869, learning_rate=4.21e-05
[2026-10-07 22:26:57 UTC] step 112/600 | 34.7 s/step | loss=-0.0421, reward=0.9375, rewards/execution_reward/mean=0.9375, rewards/valid_sql_reward/mean=1, kl=0.08807, entropy=0.1183, frac_reward_zero_std=0.75, completions/mean_length=24.5, grad_norm=0.3269, learning_rate=4.201e-05
[2026-10-07 22:27:15 UTC] step 113/600 | 34.6 s/step | loss=-0.0194, reward=0.8687, rewards/execution_reward/mean=0.8687, rewards/valid_sql_reward/mean=0.9375, kl=0.03096, entropy=0.1497, frac_reward_zero_std=0.75, completions/mean_length=24.5, grad_norm=0.2268, learning_rate=4.192e-05
[2026-10-07 22:27:56 UTC] step 114/600 | 34.6 s/step | loss=-0.0013, reward=0.625, rewards/execution_reward/mean=0.625, rewards/valid_sql_reward/mean=1, kl=0.04152, entropy=0.1872, frac_reward_zero_std=0.75, completions/mean_length=17.88, grad_norm=0.4863, learning_rate=4.184e-05
[2026-10-07 22:28:42 UTC] step 115/600 | 34.7 s/step | loss=0.3935, reward=0.6062, rewards/execution_reward/mean=0.6062, rewards/valid_sql_reward/mean=0.8125, kl=0.03681, entropy=0.178, frac_reward_zero_std=0.25, completions/mean_length=48.25, grad_norm=0.4677, learning_rate=4.175e-05
[2026-10-07 22:29:21 UTC] step 116/600 | 34.8 s/step | loss=0.0014, reward=1, rewards/execution_reward/mean=1, rewards/valid_sql_reward/mean=1, kl=0.03793, entropy=0.171, frac_reward_zero_std=1, completions/mean_length=29.81, grad_norm=0.02074, learning_rate=4.167e-05
[2026-10-07 22:30:08 UTC] step 117/600 | 34.9 s/step | loss=0.015, reward=0.7375, rewards/execution_reward/mean=0.7375, rewards/valid_sql_reward/mean=0.875, kl=0.02319, entropy=0.1699, frac_reward_zero_std=0.75, completions/mean_length=23.06, grad_norm=0.5286, learning_rate=4.158e-05
[2026-10-07 22:31:03 UTC] step 118/600 | 35.1 s/step | loss=0.231, reward=0.8625, rewards/execution_reward/mean=0.8625, rewards/valid_sql_reward/mean=0.875, kl=0.02592, entropy=0.1374, frac_reward_zero_std=0.75, completions/mean_length=45.88, grad_norm=0.2359, learning_rate=4.149e-05
[2026-10-07 22:31:29 UTC] step 119/600 | 35.0 s/step | loss=-0.1302, reward=0.4125, rewards/execution_reward/mean=0.4125, rewards/valid_sql_reward/mean=0.75, kl=0.06169, entropy=0.1575, frac_reward_zero_std=0.75, completions/mean_length=33.94, grad_norm=0.2929, learning_rate=4.141e-05
[2026-10-07 22:31:52 UTC] step 120/600 | 34.9 s/step | loss=-0.0302, reward=0.4187, rewards/execution_reward/mean=0.4187, rewards/valid_sql_reward/mean=0.8125, kl=0.05398, entropy=0.1957, frac_reward_zero_std=0.5, completions/mean_length=28.75, grad_norm=0.7115, learning_rate=4.132e-05
[2026-10-07 22:32:28 UTC] step 121/600 | 34.9 s/step | loss=0.0048, reward=0.6875, rewards/execution_reward/mean=0.6875, rewards/valid_sql_reward/mean=1, kl=0.0508, entropy=0.1841, frac_reward_zero_std=0.75, completions/mean_length=34.56, grad_norm=0.2039, learning_rate=4.124e-05
[2026-10-07 22:32:51 UTC] step 122/600 | 34.8 s/step | loss=0.0084, reward=0.7437, rewards/execution_reward/mean=0.7437, rewards/valid_sql_reward/mean=0.9375, kl=0.06469, entropy=0.1086, frac_reward_zero_std=0.5, completions/mean_length=42.25, grad_norm=0.3815, learning_rate=4.115e-05
[2026-10-07 22:33:27 UTC] step 123/600 | 34.8 s/step | loss=-0.0409, reward=0.275, rewards/execution_reward/mean=0.275, rewards/valid_sql_reward/mean=0.625, kl=0.04496, entropy=0.124, frac_reward_zero_std=0.5, completions/mean_length=48.31, grad_norm=0.2541, learning_rate=4.107e-05
[2026-10-07 22:34:01 UTC] step 124/600 | 34.8 s/step | loss=0.0016, reward=0.725, rewards/execution_reward/mean=0.725, rewards/valid_sql_reward/mean=0.75, kl=0.04112, entropy=0.1087, frac_reward_zero_std=1, completions/mean_length=29.69, grad_norm=0.05992, learning_rate=4.098e-05
[2026-10-07 22:34:53 UTC] step 125/600 | 34.9 s/step | loss=0.0471, reward=0.3375, rewards/execution_reward/mean=0.3375, rewards/valid_sql_reward/mean=0.625, kl=0.06935, entropy=0.1465, frac_reward_zero_std=0, completions/mean_length=44.94, grad_norm=0.3863, learning_rate=4.089e-05
[2026-10-07 22:35:36 UTC] step 126/600 | 35.0 s/step | loss=0.1012, reward=0.5312, rewards/execution_reward/mean=0.5312, rewards/valid_sql_reward/mean=0.6875, kl=0.04898, entropy=0.1753, frac_reward_zero_std=0, completions/mean_length=42.5, grad_norm=0.4598, learning_rate=4.081e-05
[2026-10-07 22:36:03 UTC] step 127/600 | 34.9 s/step | loss=-0.0018, reward=0.5562, rewards/execution_reward/mean=0.5562, rewards/valid_sql_reward/mean=0.9375, kl=0.08823, entropy=0.1676, frac_reward_zero_std=0.25, completions/mean_length=35.06, grad_norm=0.4343, learning_rate=4.072e-05
[2026-10-07 22:36:45 UTC] step 128/600 | 35.0 s/step | loss=-0.014, reward=0.6875, rewards/execution_reward/mean=0.6875, rewards/valid_sql_reward/mean=1, kl=0.02635, entropy=0.1431, frac_reward_zero_std=0.75, completions/mean_length=33.31, grad_norm=0.2135, learning_rate=4.064e-05
[2026-10-07 22:37:05 UTC] step 129/600 | 34.9 s/step | loss=0.0763, reward=0.6562, rewards/execution_reward/mean=0.6562, rewards/valid_sql_reward/mean=0.6875, kl=0.07525, entropy=0.1793, frac_reward_zero_std=0.75, completions/mean_length=25.56, grad_norm=0.4676, learning_rate=4.055e-05
[2026-10-07 22:37:59 UTC] step 130/600 | 35.0 s/step | loss=-0.0077, reward=0.3625, rewards/execution_reward/mean=0.3625, rewards/valid_sql_reward/mean=0.875, kl=0.04223, entropy=0.1089, frac_reward_zero_std=0.25, completions/mean_length=48.94, grad_norm=0.3832, learning_rate=4.046e-05
[2026-10-07 22:38:34 UTC] step 131/600 | 35.0 s/step | loss=0.0015, reward=1, rewards/execution_reward/mean=1, rewards/valid_sql_reward/mean=1, kl=0.03823, entropy=0.1245, frac_reward_zero_std=1, completions/mean_length=28.44, grad_norm=0.03645, learning_rate=4.038e-05
[2026-10-07 22:39:02 UTC] step 132/600 | 35.0 s/step | loss=0.0173, reward=0.6062, rewards/execution_reward/mean=0.6062, rewards/valid_sql_reward/mean=0.8125, kl=0.1016, entropy=0.1517, frac_reward_zero_std=0.5, completions/mean_length=32.94, grad_norm=1.601, learning_rate=4.029e-05
[2026-10-07 22:39:34 UTC] step 133/600 | 34.9 s/step | loss=0.0942, reward=0.7437, rewards/execution_reward/mean=0.7437, rewards/valid_sql_reward/mean=0.9375, kl=0.05365, entropy=0.1229, frac_reward_zero_std=0.5, completions/mean_length=26.06, grad_norm=0.8809, learning_rate=4.021e-05
[2026-10-07 22:39:54 UTC] step 134/600 | 34.8 s/step | loss=0.0023, reward=0.7437, rewards/execution_reward/mean=0.7437, rewards/valid_sql_reward/mean=0.9375, kl=0.05775, entropy=0.1607, frac_reward_zero_std=0.75, completions/mean_length=23.38, grad_norm=0.319, learning_rate=4.012e-05
[2026-10-07 22:40:15 UTC] step 135/600 | 34.7 s/step | loss=0.0402, reward=0.7437, rewards/execution_reward/mean=0.7437, rewards/valid_sql_reward/mean=0.9375, kl=0.04081, entropy=0.1203, frac_reward_zero_std=0.5, completions/mean_length=34.19, grad_norm=0.342, learning_rate=4.003e-05
[2026-10-07 22:40:54 UTC] step 136/600 | 34.8 s/step | loss=-0.1083, reward=0.8062, rewards/execution_reward/mean=0.8062, rewards/valid_sql_reward/mean=0.9375, kl=0.02929, entropy=0.1403, frac_reward_zero_std=0.25, completions/mean_length=35.12, grad_norm=0.4254, learning_rate=3.995e-05
[2026-10-07 22:41:41 UTC] step 137/600 | 34.9 s/step | loss=0.0119, reward=0.725, rewards/execution_reward/mean=0.725, rewards/valid_sql_reward/mean=0.75, kl=0.02434, entropy=0.1031, frac_reward_zero_std=0.5, completions/mean_length=39.88, grad_norm=0.3432, learning_rate=3.986e-05
[2026-10-07 22:42:20 UTC] step 138/600 | 34.9 s/step | loss=-0.0049, reward=0.4125, rewards/execution_reward/mean=0.4125, rewards/valid_sql_reward/mean=0.75, kl=0.05342, entropy=0.1466, frac_reward_zero_std=0.75, completions/mean_length=31.06, grad_norm=0.3471, learning_rate=3.978e-05
[2026-10-07 22:42:58 UTC] step 139/600 | 34.9 s/step | loss=0.0371, reward=0.8, rewards/execution_reward/mean=0.8, rewards/valid_sql_reward/mean=0.875, kl=0.03663, entropy=0.1438, frac_reward_zero_std=0.25, completions/mean_length=40.25, grad_norm=0.3042, learning_rate=3.969e-05
[2026-10-07 22:43:35 UTC] step 140/600 | 34.9 s/step | loss=0.0328, reward=0.9375, rewards/execution_reward/mean=0.9375, rewards/valid_sql_reward/mean=1, kl=0.05109, entropy=0.1465, frac_reward_zero_std=0.75, completions/mean_length=34.5, grad_norm=0.2856, learning_rate=3.96e-05
[2026-10-07 22:43:55 UTC] step 141/600 | 34.8 s/step | loss=-0.0104, reward=0.675, rewards/execution_reward/mean=0.675, rewards/valid_sql_reward/mean=0.875, kl=0.05931, entropy=0.1665, frac_reward_zero_std=0.25, completions/mean_length=33.62, grad_norm=0.553, learning_rate=3.952e-05
[2026-10-07 22:44:36 UTC] step 142/600 | 34.9 s/step | loss=-0.0742, reward=0.8625, rewards/execution_reward/mean=0.8625, rewards/valid_sql_reward/mean=0.875, kl=0.0435, entropy=0.1362, frac_reward_zero_std=0.75, completions/mean_length=37.81, grad_norm=0.3238, learning_rate=3.943e-05
[2026-10-07 22:45:10 UTC] step 143/600 | 34.9 s/step | loss=0.0017, reward=1, rewards/execution_reward/mean=1, rewards/valid_sql_reward/mean=1, kl=0.04144, entropy=0.1132, frac_reward_zero_std=1, completions/mean_length=32.62, grad_norm=0.04251, learning_rate=3.935e-05
[2026-10-07 22:45:38 UTC] step 144/600 | 34.8 s/step | loss=-0.0135, reward=0.9312, rewards/execution_reward/mean=0.9312, rewards/valid_sql_reward/mean=0.9375, kl=0.08375, entropy=0.1123, frac_reward_zero_std=0.75, completions/mean_length=22.19, grad_norm=0.4006, learning_rate=3.926e-05
[2026-10-07 22:46:21 UTC] step 145/600 | 34.9 s/step | loss=0.0293, reward=0.6625, rewards/execution_reward/mean=0.6625, rewards/valid_sql_reward/mean=0.75, kl=0.06157, entropy=0.1218, frac_reward_zero_std=0.75, completions/mean_length=42.12, grad_norm=0.222, learning_rate=3.918e-05
[2026-10-07 22:46:58 UTC] step 146/600 | 34.9 s/step | loss=0.0065, reward=0.9312, rewards/execution_reward/mean=0.9312, rewards/valid_sql_reward/mean=0.9375, kl=0.04454, entropy=0.1514, frac_reward_zero_std=0.75, completions/mean_length=32.44, grad_norm=0.2718, learning_rate=3.909e-05
[2026-10-07 22:47:50 UTC] step 147/600 | 35.0 s/step | loss=0.0347, reward=0.7312, rewards/execution_reward/mean=0.7312, rewards/valid_sql_reward/mean=0.8125, kl=0.06926, entropy=0.1098, frac_reward_zero_std=0.5, completions/mean_length=32.38, grad_norm=0.5751, learning_rate=3.9e-05
[2026-10-07 22:48:23 UTC] step 148/600 | 35.0 s/step | loss=-0.0065, reward=0.4875, rewards/execution_reward/mean=0.4875, rewards/valid_sql_reward/mean=0.875, kl=0.1596, entropy=0.1352, frac_reward_zero_std=0.5, completions/mean_length=33.56, grad_norm=0.4275, learning_rate=3.892e-05
[2026-10-07 22:49:04 UTC] step 149/600 | 35.0 s/step | loss=0.0034, reward=0.475, rewards/execution_reward/mean=0.475, rewards/valid_sql_reward/mean=0.75, kl=0.07619, entropy=0.1745, frac_reward_zero_std=1, completions/mean_length=27.06, grad_norm=0.1952, learning_rate=3.883e-05
[2026-10-07 22:49:39 UTC] step 150/600 | 35.0 s/step | loss=-0.1206, reward=0.3562, rewards/execution_reward/mean=0.3562, rewards/valid_sql_reward/mean=0.8125, kl=0.02723, entropy=0.1752, frac_reward_zero_std=0.25, completions/mean_length=20.94, grad_norm=1.01, learning_rate=3.875e-05
[2026-10-07 22:50:16 UTC] step 151/600 | 35.0 s/step | loss=0.0039, reward=0.5562, rewards/execution_reward/mean=0.5562, rewards/valid_sql_reward/mean=0.9375, kl=0.0338, entropy=0.1366, frac_reward_zero_std=0.75, completions/mean_length=39.44, grad_norm=0.2696, learning_rate=3.866e-05
[2026-10-07 22:50:56 UTC] step 152/600 | 35.1 s/step | loss=-0.0047, reward=0.9375, rewards/execution_reward/mean=0.9375, rewards/valid_sql_reward/mean=1, kl=0.04518, entropy=0.1146, frac_reward_zero_std=0.75, completions/mean_length=43.19, grad_norm=0.2059, learning_rate=3.857e-05
[2026-10-07 22:51:41 UTC] step 153/600 | 35.1 s/step | loss=0.0016, reward=0.225, rewards/execution_reward/mean=0.225, rewards/valid_sql_reward/mean=0.75, kl=0.04368, entropy=0.1473, frac_reward_zero_std=1, completions/mean_length=42.06, grad_norm=0.02552, learning_rate=3.849e-05
[2026-10-07 22:52:27 UTC] step 154/600 | 35.2 s/step | loss=-0.0169, reward=0.6062, rewards/execution_reward/mean=0.6062, rewards/valid_sql_reward/mean=0.8125, kl=0.02795, entropy=0.1489, frac_reward_zero_std=0.25, completions/mean_length=22.31, grad_norm=0.8044, learning_rate=3.84e-05
[2026-10-07 22:53:00 UTC] step 155/600 | 35.2 s/step | loss=-0.091, reward=0.9312, rewards/execution_reward/mean=0.9312, rewards/valid_sql_reward/mean=0.9375, kl=0.01499, entropy=0.1425, frac_reward_zero_std=0.75, completions/mean_length=19.44, grad_norm=0.5712, learning_rate=3.832e-05
[2026-10-07 22:53:41 UTC] step 156/600 | 35.2 s/step | loss=0.0135, reward=0.4062, rewards/execution_reward/mean=0.4062, rewards/valid_sql_reward/mean=0.6875, kl=0.04552, entropy=0.1149, frac_reward_zero_std=0.5, completions/mean_length=26.62, grad_norm=0.3047, learning_rate=3.823e-05
[2026-10-07 22:54:13 UTC] step 157/600 | 35.2 s/step | loss=0.0497, reward=0.8, rewards/execution_reward/mean=0.8, rewards/valid_sql_reward/mean=0.875, kl=0.021, entropy=0.1105, frac_reward_zero_std=0.5, completions/mean_length=23.94, grad_norm=0.5116, learning_rate=3.814e-05
[2026-10-07 22:54:56 UTC] step 158/600 | 35.2 s/step | loss=-0.0487, reward=0.5438, rewards/execution_reward/mean=0.5438, rewards/valid_sql_reward/mean=0.8125, kl=0.02538, entropy=0.1236, frac_reward_zero_std=0.25, completions/mean_length=46.94, grad_norm=0.3616, learning_rate=3.806e-05
[2026-10-07 22:55:32 UTC] step 159/600 | 35.3 s/step | loss=0.0227, reward=0.475, rewards/execution_reward/mean=0.475, rewards/valid_sql_reward/mean=0.75, kl=0.03517, entropy=0.1483, frac_reward_zero_std=0.5, completions/mean_length=39.56, grad_norm=0.2826, learning_rate=3.797e-05
[2026-10-07 22:55:47 UTC] step 160/600 | 35.1 s/step | loss=0.1333, reward=0.8062, rewards/execution_reward/mean=0.8062, rewards/valid_sql_reward/mean=0.9375, kl=0.02959, entropy=0.1236, frac_reward_zero_std=0.5, completions/mean_length=25.88, grad_norm=0.4251, learning_rate=3.789e-05
[2026-10-07 22:56:18 UTC] step 161/600 | 35.1 s/step | loss=0.0562, reward=0.4062, rewards/execution_reward/mean=0.4062, rewards/valid_sql_reward/mean=0.6875, kl=0.0775, entropy=0.1185, frac_reward_zero_std=0, completions/mean_length=31.25, grad_norm=0.5635, learning_rate=3.78e-05
[2026-10-07 22:56:51 UTC] step 162/600 | 35.1 s/step | loss=-0.0003, reward=0.6875, rewards/execution_reward/mean=0.6875, rewards/valid_sql_reward/mean=1, kl=0.01878, entropy=0.1318, frac_reward_zero_std=0.75, completions/mean_length=29.69, grad_norm=0.2506, learning_rate=3.771e-05
[2026-10-07 22:57:33 UTC] step 163/600 | 35.1 s/step | loss=0.0017, reward=1, rewards/execution_reward/mean=1, rewards/valid_sql_reward/mean=1, kl=0.0385, entropy=0.1133, frac_reward_zero_std=1, completions/mean_length=31.88, grad_norm=0.03286, learning_rate=3.763e-05
[2026-10-07 22:58:03 UTC] step 164/600 | 35.1 s/step | loss=0.0474, reward=0.5438, rewards/execution_reward/mean=0.5438, rewards/valid_sql_reward/mean=0.8125, kl=0.03725, entropy=0.1212, frac_reward_zero_std=0.25, completions/mean_length=37.69, grad_norm=0.7491, learning_rate=3.754e-05
[2026-10-07 22:58:39 UTC] step 165/600 | 35.1 s/step | loss=-0.0025, reward=0.6187, rewards/execution_reward/mean=0.6187, rewards/valid_sql_reward/mean=0.9375, kl=0.06655, entropy=0.1328, frac_reward_zero_std=0.75, completions/mean_length=29.44, grad_norm=0.4651, learning_rate=3.746e-05
[2026-10-07 22:59:00 UTC] step 166/600 | 35.0 s/step | loss=0.0013, reward=0.75, rewards/execution_reward/mean=0.75, rewards/valid_sql_reward/mean=1, kl=0.03287, entropy=0.1069, frac_reward_zero_std=1, completions/mean_length=26.12, grad_norm=0.01894, learning_rate=3.737e-05
[2026-10-07 22:59:40 UTC] step 167/600 | 35.1 s/step | loss=-0.0925, reward=0.6187, rewards/execution_reward/mean=0.6187, rewards/valid_sql_reward/mean=0.9375, kl=0.06038, entropy=0.1232, frac_reward_zero_std=0.5, completions/mean_length=30.31, grad_norm=0.5343, learning_rate=3.729e-05
[2026-10-07 23:00:02 UTC] step 168/600 | 35.0 s/step | loss=0.0408, reward=0.6187, rewards/execution_reward/mean=0.6187, rewards/valid_sql_reward/mean=0.9375, kl=0.05429, entropy=0.1502, frac_reward_zero_std=0.25, completions/mean_length=25, grad_norm=0.6183, learning_rate=3.72e-05
[2026-10-07 23:00:43 UTC] step 169/600 | 35.0 s/step | loss=0.1096, reward=0.7437, rewards/execution_reward/mean=0.7437, rewards/valid_sql_reward/mean=0.9375, kl=0.07277, entropy=0.1242, frac_reward_zero_std=0.5, completions/mean_length=31.12, grad_norm=0.7098, learning_rate=3.711e-05
[2026-10-07 23:01:29 UTC] step 170/600 | 35.1 s/step | loss=-0.0229, reward=0.55, rewards/execution_reward/mean=0.55, rewards/valid_sql_reward/mean=0.875, kl=0.0371, entropy=0.1526, frac_reward_zero_std=0.5, completions/mean_length=36.81, grad_norm=0.4299, learning_rate=3.703e-05
[2026-10-07 23:02:05 UTC] step 171/600 | 35.1 s/step | loss=0.0338, reward=0.2687, rewards/execution_reward/mean=0.2687, rewards/valid_sql_reward/mean=0.5625, kl=0.08872, entropy=0.1537, frac_reward_zero_std=0.75, completions/mean_length=34.81, grad_norm=0.2466, learning_rate=3.694e-05
[2026-10-07 23:02:44 UTC] step 172/600 | 35.1 s/step | loss=-0.1088, reward=0.6688, rewards/execution_reward/mean=0.6688, rewards/valid_sql_reward/mean=0.8125, kl=0.05817, entropy=0.1185, frac_reward_zero_std=0.5, completions/mean_length=28.94, grad_norm=0.4988, learning_rate=3.686e-05
[2026-10-07 23:03:06 UTC] step 173/600 | 35.0 s/step | loss=-0.0343, reward=0.725, rewards/execution_reward/mean=0.725, rewards/valid_sql_reward/mean=0.75, kl=0.09331, entropy=0.1411, frac_reward_zero_std=0.25, completions/mean_length=36.88, grad_norm=0.3689, learning_rate=3.677e-05
[2026-10-07 23:03:46 UTC] step 174/600 | 35.1 s/step | loss=0.1145, reward=0.6562, rewards/execution_reward/mean=0.6562, rewards/valid_sql_reward/mean=0.6875, kl=0.02499, entropy=0.1621, frac_reward_zero_std=0.25, completions/mean_length=30.5, grad_norm=0.6025, learning_rate=3.668e-05
[2026-10-07 23:04:03 UTC] step 175/600 | 35.0 s/step | loss=0.0008, reward=1, rewards/execution_reward/mean=1, rewards/valid_sql_reward/mean=1, kl=0.01975, entropy=0.09725, frac_reward_zero_std=1, completions/mean_length=18.12, grad_norm=0.01846, learning_rate=3.66e-05
[2026-10-07 23:04:57 UTC] step 176/600 | 35.1 s/step | loss=-0.0055, reward=0.725, rewards/execution_reward/mean=0.725, rewards/valid_sql_reward/mean=0.75, kl=0.02705, entropy=0.1264, frac_reward_zero_std=0.5, completions/mean_length=42.44, grad_norm=0.4114, learning_rate=3.651e-05
[2026-10-07 23:05:38 UTC] step 177/600 | 35.1 s/step | loss=-0.0316, reward=0.4313, rewards/execution_reward/mean=0.4313, rewards/valid_sql_reward/mean=0.9375, kl=0.02047, entropy=0.1275, frac_reward_zero_std=0.5, completions/mean_length=25.31, grad_norm=0.4931, learning_rate=3.643e-05
[2026-10-07 23:06:03 UTC] step 178/600 | 35.0 s/step | loss=0.0947, reward=0.6125, rewards/execution_reward/mean=0.6125, rewards/valid_sql_reward/mean=0.875, kl=0.02745, entropy=0.1115, frac_reward_zero_std=0.5, completions/mean_length=24.38, grad_norm=0.3472, learning_rate=3.634e-05
[2026-10-07 23:06:44 UTC] step 179/600 | 35.1 s/step | loss=-0.0057, reward=0.4125, rewards/execution_reward/mean=0.4125, rewards/valid_sql_reward/mean=0.75, kl=0.03217, entropy=0.1395, frac_reward_zero_std=0.75, completions/mean_length=40.44, grad_norm=0.2371, learning_rate=3.625e-05
[2026-10-07 23:07:31 UTC] step 180/600 | 35.1 s/step | loss=-0.0268, reward=0.9312, rewards/execution_reward/mean=0.9312, rewards/valid_sql_reward/mean=0.9375, kl=0.03122, entropy=0.0931, frac_reward_zero_std=0.75, completions/mean_length=37.81, grad_norm=0.3922, learning_rate=3.617e-05
[2026-10-07 23:07:51 UTC] step 181/600 | 35.1 s/step | loss=0.0327, reward=0.8125, rewards/execution_reward/mean=0.8125, rewards/valid_sql_reward/mean=1, kl=0.02809, entropy=0.108, frac_reward_zero_std=0.75, completions/mean_length=30.69, grad_norm=0.5161, learning_rate=3.608e-05
[2026-10-07 23:08:15 UTC] step 182/600 | 35.0 s/step | loss=0.0583, reward=0.8, rewards/execution_reward/mean=0.8, rewards/valid_sql_reward/mean=0.875, kl=0.05425, entropy=0.1011, frac_reward_zero_std=0.5, completions/mean_length=39.5, grad_norm=0.5261, learning_rate=3.6e-05
[2026-10-07 23:08:30 UTC] step 183/600 | 34.9 s/step | loss=0.1053, reward=0.675, rewards/execution_reward/mean=0.675, rewards/valid_sql_reward/mean=0.875, kl=0.04051, entropy=0.137, frac_reward_zero_std=0.25, completions/mean_length=21.81, grad_norm=0.6424, learning_rate=3.591e-05
[2026-10-07 23:08:51 UTC] step 184/600 | 34.8 s/step | loss=-0.1047, reward=0.5437, rewards/execution_reward/mean=0.5437, rewards/valid_sql_reward/mean=0.8125, kl=0.06695, entropy=0.1035, frac_reward_zero_std=0.25, completions/mean_length=30.88, grad_norm=0.3999, learning_rate=3.582e-05
[2026-10-07 23:09:25 UTC] step 185/600 | 34.8 s/step | loss=-0.0231, reward=0.7938, rewards/execution_reward/mean=0.7938, rewards/valid_sql_reward/mean=0.8125, kl=0.03368, entropy=0.1081, frac_reward_zero_std=0.5, completions/mean_length=49.38, grad_norm=0.337, learning_rate=3.574e-05
[2026-10-07 23:10:02 UTC] step 186/600 | 34.8 s/step | loss=-0.0031, reward=0.5562, rewards/execution_reward/mean=0.5562, rewards/valid_sql_reward/mean=0.9375, kl=0.04692, entropy=0.1108, frac_reward_zero_std=0.25, completions/mean_length=43.44, grad_norm=0.4081, learning_rate=3.565e-05
[2026-10-07 23:10:23 UTC] step 187/600 | 34.7 s/step | loss=0.0012, reward=0.75, rewards/execution_reward/mean=0.75, rewards/valid_sql_reward/mean=1, kl=0.03001, entropy=0.1201, frac_reward_zero_std=1, completions/mean_length=27.06, grad_norm=0.02912, learning_rate=3.557e-05
[2026-10-07 23:10:59 UTC] step 188/600 | 34.8 s/step | loss=0.0266, reward=0.8, rewards/execution_reward/mean=0.8, rewards/valid_sql_reward/mean=0.875, kl=0.03638, entropy=0.1348, frac_reward_zero_std=0.75, completions/mean_length=31.94, grad_norm=0.5271, learning_rate=3.548e-05
[2026-10-07 23:11:20 UTC] step 189/600 | 34.7 s/step | loss=0.005, reward=0.725, rewards/execution_reward/mean=0.725, rewards/valid_sql_reward/mean=0.75, kl=0.05328, entropy=0.151, frac_reward_zero_std=0.5, completions/mean_length=34.38, grad_norm=0.3831, learning_rate=3.54e-05
[2026-10-07 23:11:36 UTC] step 190/600 | 34.6 s/step | loss=-0.0722, reward=0.875, rewards/execution_reward/mean=0.875, rewards/valid_sql_reward/mean=1, kl=0.03876, entropy=0.1172, frac_reward_zero_std=0.5, completions/mean_length=20.31, grad_norm=0.5388, learning_rate=3.531e-05
[2026-10-07 23:11:57 UTC] step 191/600 | 34.5 s/step | loss=0.2821, reward=0.9312, rewards/execution_reward/mean=0.9312, rewards/valid_sql_reward/mean=0.9375, kl=0.02833, entropy=0.1414, frac_reward_zero_std=0.75, completions/mean_length=22.69, grad_norm=0.5827, learning_rate=3.522e-05
[2026-10-07 23:12:22 UTC] step 192/600 | 34.5 s/step | loss=-0.0561, reward=0.4688, rewards/execution_reward/mean=0.4688, rewards/valid_sql_reward/mean=0.6875, kl=0.05153, entropy=0.1319, frac_reward_zero_std=0, completions/mean_length=53.06, grad_norm=0.3389, learning_rate=3.514e-05
[2026-10-07 23:12:54 UTC] step 193/600 | 34.4 s/step | loss=0.0212, reward=0.8125, rewards/execution_reward/mean=0.8125, rewards/valid_sql_reward/mean=1, kl=0.02332, entropy=0.06888, frac_reward_zero_std=0.75, completions/mean_length=29.38, grad_norm=0.5461, learning_rate=3.505e-05
[2026-10-07 23:13:23 UTC] step 194/600 | 34.4 s/step | loss=0.1655, reward=0.9312, rewards/execution_reward/mean=0.9312, rewards/valid_sql_reward/mean=0.9375, kl=0.1613, entropy=0.1092, frac_reward_zero_std=0.75, completions/mean_length=16.62, grad_norm=0.3861, learning_rate=3.497e-05
[2026-10-07 23:14:00 UTC] step 195/600 | 34.4 s/step | loss=0.0202, reward=0.875, rewards/execution_reward/mean=0.875, rewards/valid_sql_reward/mean=1, kl=0.02046, entropy=0.144, frac_reward_zero_std=0.75, completions/mean_length=27.94, grad_norm=0.2393, learning_rate=3.488e-05
[2026-10-07 23:14:38 UTC] step 196/600 | 34.4 s/step | loss=0.0528, reward=0.6687, rewards/execution_reward/mean=0.6687, rewards/valid_sql_reward/mean=0.8125, kl=0.08731, entropy=0.106, frac_reward_zero_std=0.25, completions/mean_length=38, grad_norm=0.3074, learning_rate=3.479e-05
[2026-10-07 23:15:07 UTC] step 197/600 | 34.4 s/step | loss=0.0123, reward=0.9375, rewards/execution_reward/mean=0.9375, rewards/valid_sql_reward/mean=1, kl=0.02343, entropy=0.09542, frac_reward_zero_std=0.75, completions/mean_length=36, grad_norm=0.3766, learning_rate=3.471e-05
[2026-10-07 23:15:28 UTC] step 198/600 | 34.4 s/step | loss=0.1326, reward=0.8062, rewards/execution_reward/mean=0.8062, rewards/valid_sql_reward/mean=0.9375, kl=0.03913, entropy=0.1838, frac_reward_zero_std=0.25, completions/mean_length=27.19, grad_norm=0.697, learning_rate=3.462e-05
[2026-10-07 23:15:47 UTC] step 199/600 | 34.3 s/step | loss=0.101, reward=0.5, rewards/execution_reward/mean=0.5, rewards/valid_sql_reward/mean=1, kl=0.1055, entropy=0.1467, frac_reward_zero_std=0.25, completions/mean_length=22.81, grad_norm=1.074, learning_rate=3.454e-05
[2026-10-07 23:16:33 UTC] step 200/600 | 34.3 s/step | loss=-0.0163, reward=0.5312, rewards/execution_reward/mean=0.5312, rewards/valid_sql_reward/mean=0.6875, kl=0.02549, entropy=0.1246, frac_reward_zero_std=0.5, completions/mean_length=34.56, grad_norm=0.2865, learning_rate=3.445e-05
[2026-10-07 23:16:34 UTC] checkpoint saved: checkpoint-200
[2026-10-07 23:17:17 UTC] step 201/600 | 34.4 s/step | loss=0.0103, reward=0.9312, rewards/execution_reward/mean=0.9312, rewards/valid_sql_reward/mean=0.9375, kl=0.04254, entropy=0.1607, frac_reward_zero_std=0.75, completions/mean_length=29, grad_norm=0.3673, learning_rate=3.436e-05
[2026-10-07 23:18:04 UTC] step 202/600 | 34.4 s/step | loss=0.0053, reward=0.475, rewards/execution_reward/mean=0.475, rewards/valid_sql_reward/mean=0.75, kl=0.1372, entropy=0.1124, frac_reward_zero_std=1, completions/mean_length=40.31, grad_norm=0.2527, learning_rate=3.428e-05
[2026-10-07 23:18:54 UTC] step 203/600 | 34.5 s/step | loss=0.0538, reward=0.75, rewards/execution_reward/mean=0.75, rewards/valid_sql_reward/mean=1, kl=0.1254, entropy=0.1039, frac_reward_zero_std=0.5, completions/mean_length=32.5, grad_norm=0.3453, learning_rate=3.419e-05
[2026-10-07 23:19:09 UTC] step 204/600 | 34.4 s/step | loss=-0.0468, reward=0.9375, rewards/execution_reward/mean=0.9375, rewards/valid_sql_reward/mean=1, kl=0.06427, entropy=0.08343, frac_reward_zero_std=0.75, completions/mean_length=18.38, grad_norm=0.3478, learning_rate=3.411e-05
[2026-10-07 23:19:52 UTC] step 205/600 | 34.5 s/step | loss=0.0154, reward=0.7437, rewards/execution_reward/mean=0.7437, rewards/valid_sql_reward/mean=0.9375, kl=0.06192, entropy=0.101, frac_reward_zero_std=0.75, completions/mean_length=21.81, grad_norm=0.4307, learning_rate=3.402e-05
[2026-10-07 23:20:32 UTC] step 206/600 | 34.5 s/step | loss=-0.0291, reward=0.875, rewards/execution_reward/mean=0.875, rewards/valid_sql_reward/mean=1, kl=0.05252, entropy=0.114, frac_reward_zero_std=0.75, completions/mean_length=24.31, grad_norm=0.4011, learning_rate=3.393e-05
[2026-10-07 23:20:53 UTC] step 207/600 | 34.4 s/step | loss=-0.1097, reward=0.2375, rewards/execution_reward/mean=0.2375, rewards/valid_sql_reward/mean=0.875, kl=0.08388, entropy=0.1923, frac_reward_zero_std=0, completions/mean_length=28.19, grad_norm=1.077, learning_rate=3.385e-05
[2026-10-07 23:21:26 UTC] step 208/600 | 34.4 s/step | loss=0.0631, reward=0.7375, rewards/execution_reward/mean=0.7375, rewards/valid_sql_reward/mean=0.875, kl=0.04339, entropy=0.1311, frac_reward_zero_std=0.5, completions/mean_length=34.94, grad_norm=0.383, learning_rate=3.376e-05
[2026-10-07 23:22:12 UTC] step 209/600 | 34.5 s/step | loss=-0.0691, reward=0.5187, rewards/execution_reward/mean=0.5187, rewards/valid_sql_reward/mean=0.5625, kl=0.08165, entropy=0.09975, frac_reward_zero_std=0.75, completions/mean_length=18.56, grad_norm=0.5658, learning_rate=3.368e-05
[2026-10-07 23:22:54 UTC] step 210/600 | 34.5 s/step | loss=0.0155, reward=0.6125, rewards/execution_reward/mean=0.6125, rewards/valid_sql_reward/mean=0.875, kl=0.04723, entropy=0.1478, frac_reward_zero_std=0.75, completions/mean_length=27.81, grad_norm=0.3336, learning_rate=3.359e-05
[2026-10-07 23:23:35 UTC] step 211/600 | 34.5 s/step | loss=-0.0607, reward=0.4938, rewards/execution_reward/mean=0.4938, rewards/valid_sql_reward/mean=0.9375, kl=0.03396, entropy=0.184, frac_reward_zero_std=0.25, completions/mean_length=35.69, grad_norm=0.4405, learning_rate=3.351e-05
[2026-10-07 23:23:50 UTC] step 212/600 | 34.5 s/step | loss=0.0295, reward=0.7312, rewards/execution_reward/mean=0.7312, rewards/valid_sql_reward/mean=0.8125, kl=0.04807, entropy=0.1199, frac_reward_zero_std=0.75, completions/mean_length=35, grad_norm=0.1923, learning_rate=3.342e-05
[2026-10-07 23:24:26 UTC] step 213/600 | 34.5 s/step | loss=-0.0152, reward=0.9375, rewards/execution_reward/mean=0.9375, rewards/valid_sql_reward/mean=1, kl=0.04863, entropy=0.1345, frac_reward_zero_std=0.75, completions/mean_length=32.94, grad_norm=0.1725, learning_rate=3.333e-05
[2026-10-07 23:25:03 UTC] step 214/600 | 34.5 s/step | loss=-0.0128, reward=0.5375, rewards/execution_reward/mean=0.5375, rewards/valid_sql_reward/mean=0.75, kl=0.09184, entropy=0.1334, frac_reward_zero_std=0.25, completions/mean_length=47.5, grad_norm=0.3515, learning_rate=3.325e-05
[2026-10-07 23:25:31 UTC] step 215/600 | 34.4 s/step | loss=-0.0022, reward=0.9375, rewards/execution_reward/mean=0.9375, rewards/valid_sql_reward/mean=1, kl=0.0234, entropy=0.0882, frac_reward_zero_std=0.75, completions/mean_length=29.5, grad_norm=0.2361, learning_rate=3.316e-05
[2026-10-07 23:26:15 UTC] step 216/600 | 34.5 s/step | loss=-0.0082, reward=0.6812, rewards/execution_reward/mean=0.6812, rewards/valid_sql_reward/mean=0.9375, kl=0.04468, entropy=0.1212, frac_reward_zero_std=0.5, completions/mean_length=18.75, grad_norm=0.4535, learning_rate=3.308e-05
[2026-10-07 23:26:56 UTC] step 217/600 | 34.5 s/step | loss=0.0231, reward=0.3438, rewards/execution_reward/mean=0.3438, rewards/valid_sql_reward/mean=0.6875, kl=0.03928, entropy=0.1703, frac_reward_zero_std=0.25, completions/mean_length=47, grad_norm=0.3776, learning_rate=3.299e-05
[2026-10-07 23:27:42 UTC] step 218/600 | 34.6 s/step | loss=0.1967, reward=0.6062, rewards/execution_reward/mean=0.6062, rewards/valid_sql_reward/mean=0.8125, kl=0.02405, entropy=0.1275, frac_reward_zero_std=0.5, completions/mean_length=32.12, grad_norm=0.411, learning_rate=3.29e-05
[2026-10-07 23:28:26 UTC] step 219/600 | 34.6 s/step | loss=-0.0111, reward=0.6875, rewards/execution_reward/mean=0.6875, rewards/valid_sql_reward/mean=1, kl=0.02541, entropy=0.1533, frac_reward_zero_std=0.5, completions/mean_length=28, grad_norm=0.5287, learning_rate=3.282e-05
[2026-10-07 23:28:46 UTC] step 220/600 | 34.5 s/step | loss=-0.0189, reward=0.6625, rewards/execution_reward/mean=0.6625, rewards/valid_sql_reward/mean=0.75, kl=0.03973, entropy=0.1229, frac_reward_zero_std=0.5, completions/mean_length=24.06, grad_norm=0.8389, learning_rate=3.273e-05
[2026-10-07 23:29:06 UTC] step 221/600 | 34.5 s/step | loss=0.0011, reward=1, rewards/execution_reward/mean=1, rewards/valid_sql_reward/mean=1, kl=0.02861, entropy=0.129, frac_reward_zero_std=1, completions/mean_length=31.88, grad_norm=0.03525, learning_rate=3.265e-05
[2026-10-07 23:29:48 UTC] step 222/600 | 34.5 s/step | loss=-0.0183, reward=0.5562, rewards/execution_reward/mean=0.5562, rewards/valid_sql_reward/mean=0.9375, kl=0.03994, entropy=0.1359, frac_reward_zero_std=0.25, completions/mean_length=28.25, grad_norm=0.4484, learning_rate=3.256e-05
[2026-10-07 23:30:05 UTC] step 223/600 | 34.4 s/step | loss=0.0351, reward=0.8625, rewards/execution_reward/mean=0.8625, rewards/valid_sql_reward/mean=0.875, kl=0.03515, entropy=0.1568, frac_reward_zero_std=0.5, completions/mean_length=31.44, grad_norm=0.3618, learning_rate=3.247e-05
[2026-10-07 23:30:57 UTC] step 224/600 | 34.5 s/step | loss=-0.0021, reward=0.8125, rewards/execution_reward/mean=0.8125, rewards/valid_sql_reward/mean=1, kl=0.02949, entropy=0.1331, frac_reward_zero_std=0.75, completions/mean_length=38.81, grad_norm=0.2176, learning_rate=3.239e-05
[2026-10-07 23:31:51 UTC] step 225/600 | 34.6 s/step | loss=0.0274, reward=0.4938, rewards/execution_reward/mean=0.4938, rewards/valid_sql_reward/mean=0.9375, kl=0.03621, entropy=0.1091, frac_reward_zero_std=0.25, completions/mean_length=46.25, grad_norm=0.2808, learning_rate=3.23e-05
[2026-10-07 23:32:42 UTC] step 226/600 | 34.7 s/step | loss=-0.0342, reward=0.8625, rewards/execution_reward/mean=0.8625, rewards/valid_sql_reward/mean=0.875, kl=0.04234, entropy=0.1438, frac_reward_zero_std=0.5, completions/mean_length=32.19, grad_norm=0.4775, learning_rate=3.222e-05
[2026-10-07 23:33:07 UTC] step 227/600 | 34.6 s/step | loss=-0.0556, reward=0.6062, rewards/execution_reward/mean=0.6062, rewards/valid_sql_reward/mean=0.8125, kl=0.0919, entropy=0.1503, frac_reward_zero_std=0.5, completions/mean_length=25.25, grad_norm=0.655, learning_rate=3.213e-05
[2026-10-07 23:33:43 UTC] step 228/600 | 34.6 s/step | loss=0.0013, reward=1, rewards/execution_reward/mean=1, rewards/valid_sql_reward/mean=1, kl=0.03434, entropy=0.08015, frac_reward_zero_std=1, completions/mean_length=31.75, grad_norm=0.04026, learning_rate=3.204e-05
[2026-10-07 23:34:13 UTC] step 229/600 | 34.6 s/step | loss=0.0718, reward=0.6687, rewards/execution_reward/mean=0.6687, rewards/valid_sql_reward/mean=0.8125, kl=0.04604, entropy=0.1044, frac_reward_zero_std=0.5, completions/mean_length=20.94, grad_norm=0.4637, learning_rate=3.196e-05
[2026-10-07 23:34:50 UTC] step 230/600 | 34.6 s/step | loss=0.0317, reward=0.4562, rewards/execution_reward/mean=0.4562, rewards/valid_sql_reward/mean=0.5625, kl=0.05596, entropy=0.1242, frac_reward_zero_std=0.5, completions/mean_length=38.25, grad_norm=0.3989, learning_rate=3.187e-05
[2026-10-07 23:35:32 UTC] step 231/600 | 34.7 s/step | loss=0.0013, reward=0.75, rewards/execution_reward/mean=0.75, rewards/valid_sql_reward/mean=1, kl=0.03319, entropy=0.1048, frac_reward_zero_std=1, completions/mean_length=38.62, grad_norm=0.01278, learning_rate=3.179e-05
[2026-10-07 23:36:07 UTC] step 232/600 | 34.7 s/step | loss=0.0039, reward=0.55, rewards/execution_reward/mean=0.55, rewards/valid_sql_reward/mean=0.875, kl=0.113, entropy=0.1066, frac_reward_zero_std=0.25, completions/mean_length=34.88, grad_norm=0.619, learning_rate=3.17e-05
[2026-10-07 23:36:50 UTC] step 233/600 | 34.7 s/step | loss=-0.0515, reward=0.9312, rewards/execution_reward/mean=0.9312, rewards/valid_sql_reward/mean=0.9375, kl=0.04493, entropy=0.06669, frac_reward_zero_std=0.75, completions/mean_length=33.44, grad_norm=0.207, learning_rate=3.162e-05
[2026-10-07 23:37:30 UTC] step 234/600 | 34.7 s/step | loss=-0.0107, reward=0.6812, rewards/execution_reward/mean=0.6812, rewards/valid_sql_reward/mean=0.9375, kl=0.0468, entropy=0.123, frac_reward_zero_std=0.75, completions/mean_length=34.88, grad_norm=0.204, learning_rate=3.153e-05
[2026-10-07 23:38:07 UTC] step 235/600 | 34.7 s/step | loss=0.0849, reward=0.6187, rewards/execution_reward/mean=0.6187, rewards/valid_sql_reward/mean=0.9375, kl=0.109, entropy=0.1108, frac_reward_zero_std=0.75, completions/mean_length=33.12, grad_norm=0.2549, learning_rate=3.144e-05
[2026-10-07 23:38:51 UTC] step 236/600 | 34.8 s/step | loss=0.0155, reward=0.5, rewards/execution_reward/mean=0.5, rewards/valid_sql_reward/mean=1, kl=0.03959, entropy=0.1259, frac_reward_zero_std=0.5, completions/mean_length=38.12, grad_norm=0.2816, learning_rate=3.136e-05
[2026-10-07 23:39:39 UTC] step 237/600 | 34.8 s/step | loss=0.0448, reward=0.3625, rewards/execution_reward/mean=0.3625, rewards/valid_sql_reward/mean=0.875, kl=0.05747, entropy=0.115, frac_reward_zero_std=0.75, completions/mean_length=36.94, grad_norm=0.2048, learning_rate=3.127e-05
[2026-10-07 23:40:22 UTC] step 238/600 | 34.9 s/step | loss=0.0275, reward=0.8062, rewards/execution_reward/mean=0.8062, rewards/valid_sql_reward/mean=0.9375, kl=0.04486, entropy=0.0892, frac_reward_zero_std=0.5, completions/mean_length=40.06, grad_norm=0.2947, learning_rate=3.119e-05
[2026-10-07 23:41:00 UTC] step 239/600 | 34.9 s/step | loss=0.1443, reward=0.7437, rewards/execution_reward/mean=0.7437, rewards/valid_sql_reward/mean=0.9375, kl=0.09872, entropy=0.1446, frac_reward_zero_std=0.5, completions/mean_length=36.88, grad_norm=0.4989, learning_rate=3.11e-05
[2026-10-07 23:41:34 UTC] step 240/600 | 34.9 s/step | loss=-0.0631, reward=0.8625, rewards/execution_reward/mean=0.8625, rewards/valid_sql_reward/mean=0.875, kl=0.06738, entropy=0.1363, frac_reward_zero_std=0.75, completions/mean_length=42, grad_norm=0.2627, learning_rate=3.101e-05
[2026-10-07 23:42:13 UTC] step 241/600 | 34.9 s/step | loss=-0.0695, reward=0.7937, rewards/execution_reward/mean=0.7937, rewards/valid_sql_reward/mean=0.8125, kl=0.04276, entropy=0.08652, frac_reward_zero_std=0.75, completions/mean_length=22.38, grad_norm=0.6005, learning_rate=3.093e-05
[2026-10-07 23:42:36 UTC] step 242/600 | 34.8 s/step | loss=0.062, reward=0.8687, rewards/execution_reward/mean=0.8687, rewards/valid_sql_reward/mean=0.9375, kl=0.05069, entropy=0.092, frac_reward_zero_std=0.5, completions/mean_length=33.94, grad_norm=0.5915, learning_rate=3.084e-05
[2026-10-07 23:43:19 UTC] step 243/600 | 34.9 s/step | loss=0.1654, reward=0.5562, rewards/execution_reward/mean=0.5562, rewards/valid_sql_reward/mean=0.9375, kl=0.06858, entropy=0.1087, frac_reward_zero_std=0.25, completions/mean_length=41.88, grad_norm=0.5205, learning_rate=3.076e-05
[2026-10-07 23:43:39 UTC] step 244/600 | 34.8 s/step | loss=0.0164, reward=0.9375, rewards/execution_reward/mean=0.9375, rewards/valid_sql_reward/mean=1, kl=0.04763, entropy=0.09901, frac_reward_zero_std=0.75, completions/mean_length=23.81, grad_norm=0.3236, learning_rate=3.067e-05
[2026-10-07 23:44:27 UTC] step 245/600 | 34.9 s/step | loss=0.0182, reward=0.875, rewards/execution_reward/mean=0.875, rewards/valid_sql_reward/mean=1, kl=0.05792, entropy=0.1408, frac_reward_zero_std=0.5, completions/mean_length=43.38, grad_norm=0.4909, learning_rate=3.058e-05
[2026-10-07 23:45:12 UTC] step 246/600 | 34.9 s/step | loss=-0.039, reward=0.675, rewards/execution_reward/mean=0.675, rewards/valid_sql_reward/mean=0.875, kl=0.03638, entropy=0.1426, frac_reward_zero_std=0.5, completions/mean_length=50.44, grad_norm=0.3506, learning_rate=3.05e-05
[2026-10-07 23:45:51 UTC] step 247/600 | 34.9 s/step | loss=-0.0106, reward=0.8687, rewards/execution_reward/mean=0.8687, rewards/valid_sql_reward/mean=0.9375, kl=0.06923, entropy=0.09129, frac_reward_zero_std=0.5, completions/mean_length=37.62, grad_norm=0.6561, learning_rate=3.041e-05
[2026-10-07 23:46:31 UTC] step 248/600 | 34.9 s/step | loss=0.0026, reward=1, rewards/execution_reward/mean=1, rewards/valid_sql_reward/mean=1, kl=0.06691, entropy=0.0925, frac_reward_zero_std=1, completions/mean_length=23.81, grad_norm=0.04889, learning_rate=3.033e-05
[2026-10-07 23:47:13 UTC] step 249/600 | 35.0 s/step | loss=-0.0156, reward=0.6875, rewards/execution_reward/mean=0.6875, rewards/valid_sql_reward/mean=1, kl=0.07211, entropy=0.1087, frac_reward_zero_std=0.75, completions/mean_length=20.38, grad_norm=0.2416, learning_rate=3.024e-05
[2026-10-07 23:47:57 UTC] step 250/600 | 35.0 s/step | loss=0.03, reward=0.7437, rewards/execution_reward/mean=0.7437, rewards/valid_sql_reward/mean=0.9375, kl=0.06831, entropy=0.101, frac_reward_zero_std=0.5, completions/mean_length=32, grad_norm=0.3147, learning_rate=3.015e-05
[2026-10-07 23:48:20 UTC] step 251/600 | 35.0 s/step | loss=0.0559, reward=0.675, rewards/execution_reward/mean=0.675, rewards/valid_sql_reward/mean=0.875, kl=0.07809, entropy=0.1492, frac_reward_zero_std=0.25, completions/mean_length=34.25, grad_norm=0.4455, learning_rate=3.007e-05
[2026-10-07 23:49:09 UTC] step 252/600 | 35.0 s/step | loss=0.0663, reward=0.7313, rewards/execution_reward/mean=0.7313, rewards/valid_sql_reward/mean=0.8125, kl=0.03102, entropy=0.09538, frac_reward_zero_std=0.5, completions/mean_length=44.31, grad_norm=0.2673, learning_rate=2.998e-05
[2026-10-07 23:49:57 UTC] step 253/600 | 35.1 s/step | loss=-0.0491, reward=0.8062, rewards/execution_reward/mean=0.8062, rewards/valid_sql_reward/mean=0.9375, kl=0.05613, entropy=0.1124, frac_reward_zero_std=0.5, completions/mean_length=42.56, grad_norm=0.2904, learning_rate=2.99e-05
[2026-10-07 23:50:19 UTC] step 254/600 | 35.0 s/step | loss=0.0019, reward=1, rewards/execution_reward/mean=1, rewards/valid_sql_reward/mean=1, kl=0.04879, entropy=0.0722, frac_reward_zero_std=1, completions/mean_length=41.38, grad_norm=0.03072, learning_rate=2.981e-05
[2026-10-07 23:50:45 UTC] step 255/600 | 35.0 s/step | loss=-0.1102, reward=0.8, rewards/execution_reward/mean=0.8, rewards/valid_sql_reward/mean=0.875, kl=0.1258, entropy=0.116, frac_reward_zero_std=0.75, completions/mean_length=27.69, grad_norm=0.3589, learning_rate=2.973e-05
[2026-10-07 23:51:04 UTC] step 256/600 | 34.9 s/step | loss=0.0014, reward=1, rewards/execution_reward/mean=1, rewards/valid_sql_reward/mean=1, kl=0.03415, entropy=0.07793, frac_reward_zero_std=1, completions/mean_length=33, grad_norm=0.05089, learning_rate=2.964e-05
[2026-10-07 23:51:47 UTC] step 257/600 | 34.9 s/step | loss=0.0016, reward=1, rewards/execution_reward/mean=1, rewards/valid_sql_reward/mean=1, kl=0.03344, entropy=0.1059, frac_reward_zero_std=1, completions/mean_length=25.12, grad_norm=0.04008, learning_rate=2.955e-05
[2026-10-07 23:52:36 UTC] step 258/600 | 35.0 s/step | loss=0.1234, reward=0.4313, rewards/execution_reward/mean=0.4313, rewards/valid_sql_reward/mean=0.9375, kl=0.07975, entropy=0.1107, frac_reward_zero_std=0.5, completions/mean_length=33.69, grad_norm=0.3544, learning_rate=2.947e-05
[2026-10-07 23:52:55 UTC] step 259/600 | 34.9 s/step | loss=0.0249, reward=0.8125, rewards/execution_reward/mean=0.8125, rewards/valid_sql_reward/mean=1, kl=0.4342, entropy=0.1187, frac_reward_zero_std=0.75, completions/mean_length=34.44, grad_norm=1.059, learning_rate=2.938e-05
[2026-10-07 23:53:44 UTC] step 260/600 | 35.0 s/step | loss=-0.0307, reward=0.8125, rewards/execution_reward/mean=0.8125, rewards/valid_sql_reward/mean=1, kl=0.03055, entropy=0.06682, frac_reward_zero_std=0.75, completions/mean_length=31.25, grad_norm=0.2689, learning_rate=2.93e-05
[2026-10-07 23:54:18 UTC] step 261/600 | 35.0 s/step | loss=-0.0035, reward=0.9312, rewards/execution_reward/mean=0.9312, rewards/valid_sql_reward/mean=0.9375, kl=0.05205, entropy=0.09452, frac_reward_zero_std=0.75, completions/mean_length=33.19, grad_norm=0.3502, learning_rate=2.921e-05
[2026-10-07 23:54:55 UTC] step 262/600 | 35.0 s/step | loss=0.0014, reward=0.5438, rewards/execution_reward/mean=0.5438, rewards/valid_sql_reward/mean=0.8125, kl=0.07272, entropy=0.1584, frac_reward_zero_std=0.5, completions/mean_length=44.31, grad_norm=0.4065, learning_rate=2.912e-05
[2026-10-07 23:55:17 UTC] step 263/600 | 34.9 s/step | loss=0.0121, reward=0.9375, rewards/execution_reward/mean=0.9375, rewards/valid_sql_reward/mean=1, kl=0.03606, entropy=0.1064, frac_reward_zero_std=0.75, completions/mean_length=38.62, grad_norm=0.1968, learning_rate=2.904e-05
[2026-10-07 23:56:09 UTC] step 264/600 | 35.0 s/step | loss=-0.0059, reward=0.6875, rewards/execution_reward/mean=0.6875, rewards/valid_sql_reward/mean=1, kl=0.02811, entropy=0.1039, frac_reward_zero_std=0.75, completions/mean_length=35.25, grad_norm=0.2273, learning_rate=2.895e-05
[2026-10-07 23:56:46 UTC] step 265/600 | 35.0 s/step | loss=-0.0007, reward=0.6875, rewards/execution_reward/mean=0.6875, rewards/valid_sql_reward/mean=1, kl=0.03292, entropy=0.09953, frac_reward_zero_std=0.75, completions/mean_length=30.81, grad_norm=0.2641, learning_rate=2.887e-05
[2026-10-07 23:57:28 UTC] step 266/600 | 35.0 s/step | loss=-0.0517, reward=0.6625, rewards/execution_reward/mean=0.6625, rewards/valid_sql_reward/mean=0.75, kl=0.03003, entropy=0.08808, frac_reward_zero_std=0.25, completions/mean_length=46.06, grad_norm=0.5057, learning_rate=2.878e-05
[2026-10-07 23:57:55 UTC] step 267/600 | 35.0 s/step | loss=0.0697, reward=0.7437, rewards/execution_reward/mean=0.7437, rewards/valid_sql_reward/mean=0.9375, kl=0.03711, entropy=0.1006, frac_reward_zero_std=0.5, completions/mean_length=50.88, grad_norm=0.2117, learning_rate=2.869e-05
[2026-10-07 23:58:19 UTC] step 268/600 | 35.0 s/step | loss=0.0751, reward=0.8, rewards/execution_reward/mean=0.8, rewards/valid_sql_reward/mean=0.875, kl=0.05499, entropy=0.1274, frac_reward_zero_std=0.25, completions/mean_length=39.31, grad_norm=0.4407, learning_rate=2.861e-05
[2026-10-07 23:58:59 UTC] step 269/600 | 35.0 s/step | loss=0.1257, reward=0.8062, rewards/execution_reward/mean=0.8062, rewards/valid_sql_reward/mean=0.9375, kl=0.04029, entropy=0.1385, frac_reward_zero_std=0.25, completions/mean_length=24.44, grad_norm=0.6696, learning_rate=2.852e-05
[2026-10-07 23:59:33 UTC] step 270/600 | 35.0 s/step | loss=-0.0026, reward=0.7937, rewards/execution_reward/mean=0.7937, rewards/valid_sql_reward/mean=0.8125, kl=0.01972, entropy=0.1012, frac_reward_zero_std=0.75, completions/mean_length=35.94, grad_norm=0.2352, learning_rate=2.844e-05
[2026-10-08 00:00:15 UTC] step 271/600 | 35.0 s/step | loss=-0.0108, reward=0.6688, rewards/execution_reward/mean=0.6688, rewards/valid_sql_reward/mean=0.8125, kl=0.0714, entropy=0.1493, frac_reward_zero_std=0.25, completions/mean_length=35.12, grad_norm=0.4419, learning_rate=2.835e-05
[2026-10-08 00:01:00 UTC] step 272/600 | 35.0 s/step | loss=-0.0301, reward=0.675, rewards/execution_reward/mean=0.675, rewards/valid_sql_reward/mean=0.875, kl=0.0214, entropy=0.07156, frac_reward_zero_std=0.25, completions/mean_length=63.5, grad_norm=0.168, learning_rate=2.826e-05
[2026-10-08 00:01:29 UTC] step 273/600 | 35.0 s/step | loss=0.1137, reward=0.725, rewards/execution_reward/mean=0.725, rewards/valid_sql_reward/mean=0.75, kl=0.0237, entropy=0.1153, frac_reward_zero_std=0.25, completions/mean_length=39.12, grad_norm=0.4937, learning_rate=2.818e-05
[2026-10-08 00:01:52 UTC] step 274/600 | 35.0 s/step | loss=-0.0149, reward=0.6625, rewards/execution_reward/mean=0.6625, rewards/valid_sql_reward/mean=0.75, kl=0.03813, entropy=0.1462, frac_reward_zero_std=0, completions/mean_length=33.38, grad_norm=0.6456, learning_rate=2.809e-05
[2026-10-08 00:02:14 UTC] step 275/600 | 34.9 s/step | loss=0.0107, reward=0.625, rewards/execution_reward/mean=0.625, rewards/valid_sql_reward/mean=1, kl=0.08341, entropy=0.1443, frac_reward_zero_std=0.75, completions/mean_length=30.12, grad_norm=0.537, learning_rate=2.801e-05
[2026-10-08 00:03:03 UTC] step 276/600 | 35.0 s/step | loss=0.0292, reward=0.5, rewards/execution_reward/mean=0.5, rewards/valid_sql_reward/mean=1, kl=0.03565, entropy=0.1138, frac_reward_zero_std=0.25, completions/mean_length=48.94, grad_norm=0.299, learning_rate=2.792e-05
[2026-10-08 00:03:48 UTC] step 277/600 | 35.0 s/step | loss=0.0295, reward=0.3562, rewards/execution_reward/mean=0.3562, rewards/valid_sql_reward/mean=0.8125, kl=0.03321, entropy=0.153, frac_reward_zero_std=0.5, completions/mean_length=37.69, grad_norm=0.2953, learning_rate=2.784e-05
[2026-10-08 00:04:29 UTC] step 278/600 | 35.0 s/step | loss=0.0191, reward=0.425, rewards/execution_reward/mean=0.425, rewards/valid_sql_reward/mean=0.875, kl=0.02666, entropy=0.1467, frac_reward_zero_std=0, completions/mean_length=45.62, grad_norm=0.5918, learning_rate=2.775e-05
[2026-10-08 00:05:11 UTC] step 279/600 | 35.1 s/step | loss=0.1247, reward=0.9375, rewards/execution_reward/mean=0.9375, rewards/valid_sql_reward/mean=1, kl=0.01638, entropy=0.08601, frac_reward_zero_std=0.75, completions/mean_length=32.25, grad_norm=0.2158, learning_rate=2.766e-05
[2026-10-08 00:06:02 UTC] step 280/600 | 35.1 s/step | loss=0.1732, reward=0.8125, rewards/execution_reward/mean=0.8125, rewards/valid_sql_reward/mean=1, kl=0.09022, entropy=0.09689, frac_reward_zero_std=0.5, completions/mean_length=32.88, grad_norm=0.4631, learning_rate=2.758e-05
[2026-10-08 00:06:24 UTC] step 281/600 | 35.1 s/step | loss=-0.1478, reward=0.625, rewards/execution_reward/mean=0.625, rewards/valid_sql_reward/mean=1, kl=0.03191, entropy=0.1339, frac_reward_zero_std=0.5, completions/mean_length=40.06, grad_norm=0.3102, learning_rate=2.749e-05
[2026-10-08 00:06:51 UTC] step 282/600 | 35.1 s/step | loss=0.0306, reward=0.9312, rewards/execution_reward/mean=0.9312, rewards/valid_sql_reward/mean=0.9375, kl=0.0303, entropy=0.1275, frac_reward_zero_std=0.75, completions/mean_length=22.38, grad_norm=0.3852, learning_rate=2.741e-05
[2026-10-08 00:07:14 UTC] step 283/600 | 35.0 s/step | loss=-0.0073, reward=0.9312, rewards/execution_reward/mean=0.9312, rewards/valid_sql_reward/mean=0.9375, kl=0.03621, entropy=0.1331, frac_reward_zero_std=0.75, completions/mean_length=42.81, grad_norm=0.2725, learning_rate=2.732e-05
[2026-10-08 00:07:48 UTC] step 284/600 | 35.0 s/step | loss=-0.0194, reward=0.8687, rewards/execution_reward/mean=0.8687, rewards/valid_sql_reward/mean=0.9375, kl=0.07113, entropy=0.1167, frac_reward_zero_std=0.75, completions/mean_length=38.62, grad_norm=0.1779, learning_rate=2.723e-05
[2026-10-08 00:08:23 UTC] step 285/600 | 35.0 s/step | loss=0.0385, reward=0.5938, rewards/execution_reward/mean=0.5938, rewards/valid_sql_reward/mean=0.6875, kl=0.02391, entropy=0.169, frac_reward_zero_std=0.5, completions/mean_length=17.5, grad_norm=0.8818, learning_rate=2.715e-05
[2026-10-08 00:08:45 UTC] step 286/600 | 35.0 s/step | loss=0.001, reward=1, rewards/execution_reward/mean=1, rewards/valid_sql_reward/mean=1, kl=0.02661, entropy=0.1164, frac_reward_zero_std=1, completions/mean_length=41.44, grad_norm=0.04401, learning_rate=2.706e-05
[2026-10-08 00:09:22 UTC] step 287/600 | 35.0 s/step | loss=0.1008, reward=0.8062, rewards/execution_reward/mean=0.8062, rewards/valid_sql_reward/mean=0.9375, kl=0.07473, entropy=0.1204, frac_reward_zero_std=0.25, completions/mean_length=33.25, grad_norm=0.5437, learning_rate=2.698e-05
[2026-10-08 00:10:08 UTC] step 288/600 | 35.0 s/step | loss=0.0017, reward=0.75, rewards/execution_reward/mean=0.75, rewards/valid_sql_reward/mean=1, kl=0.04013, entropy=0.1169, frac_reward_zero_std=1, completions/mean_length=38.5, grad_norm=0.02167, learning_rate=2.689e-05
[2026-10-08 00:10:30 UTC] step 289/600 | 35.0 s/step | loss=0.0122, reward=0.6875, rewards/execution_reward/mean=0.6875, rewards/valid_sql_reward/mean=1, kl=0.03291, entropy=0.1173, frac_reward_zero_std=0.5, completions/mean_length=35.5, grad_norm=0.3278, learning_rate=2.68e-05
[2026-10-08 00:11:17 UTC] step 290/600 | 35.0 s/step | loss=0.0247, reward=0.9375, rewards/execution_reward/mean=0.9375, rewards/valid_sql_reward/mean=1, kl=0.02122, entropy=0.1149, frac_reward_zero_std=0.75, completions/mean_length=31.44, grad_norm=0.2131, learning_rate=2.672e-05
[2026-10-08 00:11:48 UTC] step 291/600 | 35.0 s/step | loss=0.0413, reward=0.7437, rewards/execution_reward/mean=0.7437, rewards/valid_sql_reward/mean=0.9375, kl=0.03448, entropy=0.1107, frac_reward_zero_std=0.75, completions/mean_length=43.75, grad_norm=0.1986, learning_rate=2.663e-05
[2026-10-08 00:12:22 UTC] step 292/600 | 35.0 s/step | loss=-0.0154, reward=0.8062, rewards/execution_reward/mean=0.8062, rewards/valid_sql_reward/mean=0.9375, kl=0.03131, entropy=0.1069, frac_reward_zero_std=0.75, completions/mean_length=31.56, grad_norm=0.2724, learning_rate=2.655e-05
[2026-10-08 00:12:58 UTC] step 293/600 | 35.0 s/step | loss=0.0156, reward=0.9312, rewards/execution_reward/mean=0.9312, rewards/valid_sql_reward/mean=0.9375, kl=0.0597, entropy=0.1614, frac_reward_zero_std=0.75, completions/mean_length=23.94, grad_norm=0.9242, learning_rate=2.646e-05
[2026-10-08 00:13:45 UTC] step 294/600 | 35.0 s/step | loss=0.0222, reward=0.3688, rewards/execution_reward/mean=0.3688, rewards/valid_sql_reward/mean=0.9375, kl=0.03931, entropy=0.1171, frac_reward_zero_std=0, completions/mean_length=42.25, grad_norm=0.4414, learning_rate=2.637e-05
[2026-10-08 00:14:21 UTC] step 295/600 | 35.0 s/step | loss=0.0254, reward=0.875, rewards/execution_reward/mean=0.875, rewards/valid_sql_reward/mean=1, kl=0.05027, entropy=0.08724, frac_reward_zero_std=0.75, completions/mean_length=36.94, grad_norm=0.2638, learning_rate=2.629e-05
[2026-10-08 00:14:43 UTC] step 296/600 | 35.0 s/step | loss=0.0023, reward=1, rewards/execution_reward/mean=1, rewards/valid_sql_reward/mean=1, kl=0.05855, entropy=0.1078, frac_reward_zero_std=1, completions/mean_length=28.69, grad_norm=0.08271, learning_rate=2.62e-05
[2026-10-08 00:15:25 UTC] step 297/600 | 35.0 s/step | loss=-0.0043, reward=0.5938, rewards/execution_reward/mean=0.5938, rewards/valid_sql_reward/mean=0.6875, kl=0.082, entropy=0.1548, frac_reward_zero_std=0.25, completions/mean_length=41.5, grad_norm=0.3853, learning_rate=2.612e-05
[2026-10-08 00:16:01 UTC] step 298/600 | 35.0 s/step | loss=0.0026, reward=0.7437, rewards/execution_reward/mean=0.7437, rewards/valid_sql_reward/mean=0.9375, kl=0.03711, entropy=0.1188, frac_reward_zero_std=0.5, completions/mean_length=27.12, grad_norm=0.5081, learning_rate=2.603e-05
[2026-10-08 00:16:56 UTC] step 299/600 | 35.1 s/step | loss=-0.1599, reward=0.475, rewards/execution_reward/mean=0.475, rewards/valid_sql_reward/mean=0.75, kl=0.05859, entropy=0.1266, frac_reward_zero_std=0, completions/mean_length=54.12, grad_norm=0.4641, learning_rate=2.595e-05
[2026-10-08 00:17:15 UTC] step 300/600 | 35.0 s/step | loss=0.0077, reward=0.7375, rewards/execution_reward/mean=0.7375, rewards/valid_sql_reward/mean=0.875, kl=0.04488, entropy=0.1322, frac_reward_zero_std=0.5, completions/mean_length=26.69, grad_norm=0.9072, learning_rate=2.586e-05
[2026-10-08 00:17:16 UTC] checkpoint saved: checkpoint-300
[2026-10-08 00:17:47 UTC] step 301/600 | 35.0 s/step | loss=0.0288, reward=0.875, rewards/execution_reward/mean=0.875, rewards/valid_sql_reward/mean=1, kl=0.0478, entropy=0.1151, frac_reward_zero_std=0.5, completions/mean_length=48.94, grad_norm=0.3353, learning_rate=2.577e-05
[2026-10-08 00:18:27 UTC] step 302/600 | 35.0 s/step | loss=-0.0024, reward=0.8125, rewards/execution_reward/mean=0.8125, rewards/valid_sql_reward/mean=1, kl=0.05919, entropy=0.134, frac_reward_zero_std=0.5, completions/mean_length=26.5, grad_norm=0.5396, learning_rate=2.569e-05
[2026-10-08 00:18:47 UTC] step 303/600 | 35.0 s/step | loss=0.0565, reward=0.9312, rewards/execution_reward/mean=0.9312, rewards/valid_sql_reward/mean=0.9375, kl=0.04737, entropy=0.1075, frac_reward_zero_std=0.75, completions/mean_length=24.62, grad_norm=1.299, learning_rate=2.56e-05
[2026-10-08 00:19:06 UTC] step 304/600 | 34.9 s/step | loss=0.0027, reward=0.9375, rewards/execution_reward/mean=0.9375, rewards/valid_sql_reward/mean=1, kl=0.06787, entropy=0.07493, frac_reward_zero_std=0.75, completions/mean_length=37.62, grad_norm=0.2431, learning_rate=2.552e-05
[2026-10-08 00:19:32 UTC] step 305/600 | 34.9 s/step | loss=0.1583, reward=0.7375, rewards/execution_reward/mean=0.7375, rewards/valid_sql_reward/mean=0.875, kl=0.04806, entropy=0.1306, frac_reward_zero_std=0.5, completions/mean_length=35.62, grad_norm=0.4212, learning_rate=2.543e-05
[2026-10-08 00:20:28 UTC] step 306/600 | 35.0 s/step | loss=0.0163, reward=0.1437, rewards/execution_reward/mean=0.1437, rewards/valid_sql_reward/mean=0.5625, kl=0.02799, entropy=0.1099, frac_reward_zero_std=0.5, completions/mean_length=66.94, grad_norm=0.1746, learning_rate=2.534e-05
[2026-10-08 00:21:05 UTC] step 307/600 | 35.0 s/step | loss=0.0447, reward=0.6187, rewards/execution_reward/mean=0.6187, rewards/valid_sql_reward/mean=0.9375, kl=0.05278, entropy=0.1216, frac_reward_zero_std=0.5, completions/mean_length=41.06, grad_norm=0.4234, learning_rate=2.526e-05
[2026-10-08 00:21:25 UTC] step 308/600 | 34.9 s/step | loss=0.0756, reward=0.7938, rewards/execution_reward/mean=0.7938, rewards/valid_sql_reward/mean=0.8125, kl=0.03368, entropy=0.1179, frac_reward_zero_std=0.5, completions/mean_length=35.75, grad_norm=0.4454, learning_rate=2.517e-05
[2026-10-08 00:22:08 UTC] step 309/600 | 35.0 s/step | loss=-0.0726, reward=0.7312, rewards/execution_reward/mean=0.7312, rewards/valid_sql_reward/mean=0.8125, kl=0.03713, entropy=0.09056, frac_reward_zero_std=0.5, completions/mean_length=33, grad_norm=0.5226, learning_rate=2.509e-05
[2026-10-08 00:22:32 UTC] step 310/600 | 34.9 s/step | loss=0.0017, reward=1, rewards/execution_reward/mean=1, rewards/valid_sql_reward/mean=1, kl=0.04439, entropy=0.1176, frac_reward_zero_std=1, completions/mean_length=38.12, grad_norm=0.04004, learning_rate=2.5e-05
[2026-10-08 00:23:07 UTC] step 311/600 | 34.9 s/step | loss=0.0382, reward=0.625, rewards/execution_reward/mean=0.625, rewards/valid_sql_reward/mean=1, kl=0.05517, entropy=0.1312, frac_reward_zero_std=0.75, completions/mean_length=28.69, grad_norm=0.3899, learning_rate=2.491e-05
[2026-10-08 00:23:50 UTC] step 312/600 | 34.9 s/step | loss=0.0026, reward=1, rewards/execution_reward/mean=1, rewards/valid_sql_reward/mean=1, kl=0.06203, entropy=0.1332, frac_reward_zero_std=1, completions/mean_length=26.94, grad_norm=0.03395, learning_rate=2.483e-05
[2026-10-08 00:24:13 UTC] step 313/600 | 34.9 s/step | loss=0.039, reward=0.9375, rewards/execution_reward/mean=0.9375, rewards/valid_sql_reward/mean=1, kl=0.04451, entropy=0.09952, frac_reward_zero_std=0.75, completions/mean_length=36.06, grad_norm=0.2317, learning_rate=2.474e-05
[2026-10-08 00:24:38 UTC] step 314/600 | 34.9 s/step | loss=-0.0016, reward=0.8125, rewards/execution_reward/mean=0.8125, rewards/valid_sql_reward/mean=1, kl=0.04338, entropy=0.1, frac_reward_zero_std=0.75, completions/mean_length=27.19, grad_norm=0.1935, learning_rate=2.466e-05
[2026-10-08 00:25:22 UTC] step 315/600 | 34.9 s/step | loss=0.0323, reward=0.5562, rewards/execution_reward/mean=0.5562, rewards/valid_sql_reward/mean=0.9375, kl=0.03854, entropy=0.1104, frac_reward_zero_std=0.5, completions/mean_length=40.75, grad_norm=0.3233, learning_rate=2.457e-05
[2026-10-08 00:26:09 UTC] step 316/600 | 34.9 s/step | loss=0.0022, reward=0.75, rewards/execution_reward/mean=0.75, rewards/valid_sql_reward/mean=1, kl=0.04927, entropy=0.1015, frac_reward_zero_std=1, completions/mean_length=29.62, grad_norm=0.05162, learning_rate=2.448e-05
[2026-10-08 00:26:42 UTC] step 317/600 | 34.9 s/step | loss=-0.0095, reward=0.6125, rewards/execution_reward/mean=0.6125, rewards/valid_sql_reward/mean=0.875, kl=0.1261, entropy=0.1817, frac_reward_zero_std=0.75, completions/mean_length=25.5, grad_norm=0.3037, learning_rate=2.44e-05
[2026-10-08 00:27:18 UTC] step 318/600 | 34.9 s/step | loss=0.0017, reward=0.75, rewards/execution_reward/mean=0.75, rewards/valid_sql_reward/mean=1, kl=0.0435, entropy=0.122, frac_reward_zero_std=1, completions/mean_length=40.56, grad_norm=0.03849, learning_rate=2.431e-05
[2026-10-08 00:27:33 UTC] step 319/600 | 34.9 s/step | loss=-0.0403, reward=0.4938, rewards/execution_reward/mean=0.4938, rewards/valid_sql_reward/mean=0.9375, kl=0.03633, entropy=0.1402, frac_reward_zero_std=0.75, completions/mean_length=35.12, grad_norm=0.2425, learning_rate=2.423e-05
[2026-10-08 00:28:12 UTC] step 320/600 | 34.9 s/step | loss=0.0071, reward=0.7437, rewards/execution_reward/mean=0.7437, rewards/valid_sql_reward/mean=0.9375, kl=0.04344, entropy=0.09848, frac_reward_zero_std=0, completions/mean_length=35.12, grad_norm=0.7551, learning_rate=2.414e-05
[2026-10-08 00:28:44 UTC] step 321/600 | 34.9 s/step | loss=0.0579, reward=0.9312, rewards/execution_reward/mean=0.9312, rewards/valid_sql_reward/mean=0.9375, kl=0.08271, entropy=0.06953, frac_reward_zero_std=0.75, completions/mean_length=31, grad_norm=0.4357, learning_rate=2.405e-05
[2026-10-08 00:29:26 UTC] step 322/600 | 34.9 s/step | loss=0.0257, reward=0.8687, rewards/execution_reward/mean=0.8687, rewards/valid_sql_reward/mean=0.9375, kl=0.05504, entropy=0.1417, frac_reward_zero_std=0.75, completions/mean_length=35.69, grad_norm=0.2523, learning_rate=2.397e-05
[2026-10-08 00:29:49 UTC] step 323/600 | 34.9 s/step | loss=-0.0076, reward=0.6812, rewards/execution_reward/mean=0.6812, rewards/valid_sql_reward/mean=0.9375, kl=0.0499, entropy=0.1187, frac_reward_zero_std=0.75, completions/mean_length=38.94, grad_norm=0.3831, learning_rate=2.388e-05
[2026-10-08 00:30:35 UTC] step 324/600 | 34.9 s/step | loss=0.0686, reward=0.6875, rewards/execution_reward/mean=0.6875, rewards/valid_sql_reward/mean=1, kl=0.02802, entropy=0.1596, frac_reward_zero_std=0.75, completions/mean_length=26.88, grad_norm=0.7693, learning_rate=2.38e-05
[2026-10-08 00:31:09 UTC] step 325/600 | 34.9 s/step | loss=-0.0364, reward=0.7437, rewards/execution_reward/mean=0.7437, rewards/valid_sql_reward/mean=0.9375, kl=0.05289, entropy=0.1128, frac_reward_zero_std=0.25, completions/mean_length=38.06, grad_norm=0.4131, learning_rate=2.371e-05
[2026-10-08 00:31:31 UTC] step 326/600 | 34.9 s/step | loss=0.0302, reward=0.9375, rewards/execution_reward/mean=0.9375, rewards/valid_sql_reward/mean=1, kl=0.008668, entropy=0.07928, frac_reward_zero_std=0.75, completions/mean_length=25.12, grad_norm=0.2438, learning_rate=2.363e-05
[2026-10-08 00:32:11 UTC] step 327/600 | 34.9 s/step | loss=0.0012, reward=1, rewards/execution_reward/mean=1, rewards/valid_sql_reward/mean=1, kl=0.02826, entropy=0.08324, frac_reward_zero_std=1, completions/mean_length=28.94, grad_norm=0.04157, learning_rate=2.354e-05
[2026-10-08 00:32:30 UTC] step 328/600 | 34.8 s/step | loss=0.0344, reward=0.6, rewards/execution_reward/mean=0.6, rewards/valid_sql_reward/mean=0.75, kl=0.04283, entropy=0.1107, frac_reward_zero_std=0.75, completions/mean_length=28.19, grad_norm=0.5535, learning_rate=2.345e-05
[2026-10-08 00:33:11 UTC] step 329/600 | 34.8 s/step | loss=0.0016, reward=1, rewards/execution_reward/mean=1, rewards/valid_sql_reward/mean=1, kl=0.03796, entropy=0.1094, frac_reward_zero_std=1, completions/mean_length=30.19, grad_norm=0.03826, learning_rate=2.337e-05
[2026-10-08 00:33:42 UTC] step 330/600 | 34.8 s/step | loss=-0.0007, reward=0.875, rewards/execution_reward/mean=0.875, rewards/valid_sql_reward/mean=1, kl=0.01537, entropy=0.1233, frac_reward_zero_std=0.5, completions/mean_length=23.06, grad_norm=0.3688, learning_rate=2.328e-05
[2026-10-08 00:34:35 UTC] step 331/600 | 34.9 s/step | loss=-0.0204, reward=0.8687, rewards/execution_reward/mean=0.8687, rewards/valid_sql_reward/mean=0.9375, kl=0.03205, entropy=0.09075, frac_reward_zero_std=0.5, completions/mean_length=34.12, grad_norm=0.4317, learning_rate=2.32e-05
[2026-10-08 00:35:16 UTC] step 332/600 | 34.9 s/step | loss=-0.0404, reward=0.725, rewards/execution_reward/mean=0.725, rewards/valid_sql_reward/mean=0.75, kl=0.06289, entropy=0.1187, frac_reward_zero_std=0.5, completions/mean_length=40.75, grad_norm=0.314, learning_rate=2.311e-05
[2026-10-08 00:35:59 UTC] step 333/600 | 34.9 s/step | loss=0.0375, reward=0.8625, rewards/execution_reward/mean=0.8625, rewards/valid_sql_reward/mean=0.875, kl=0.05426, entropy=0.1266, frac_reward_zero_std=0.75, completions/mean_length=32.44, grad_norm=0.8177, learning_rate=2.302e-05
[2026-10-08 00:36:36 UTC] step 334/600 | 34.9 s/step | loss=0.0003, reward=1, rewards/execution_reward/mean=1, rewards/valid_sql_reward/mean=1, kl=0.007425, entropy=0.1151, frac_reward_zero_std=1, completions/mean_length=31.06, grad_norm=0.009973, learning_rate=2.294e-05
[2026-10-08 00:37:05 UTC] step 335/600 | 34.9 s/step | loss=0.0636, reward=0.6875, rewards/execution_reward/mean=0.6875, rewards/valid_sql_reward/mean=1, kl=0.02357, entropy=0.1447, frac_reward_zero_std=0.75, completions/mean_length=32.94, grad_norm=0.423, learning_rate=2.285e-05
[2026-10-08 00:37:49 UTC] step 336/600 | 34.9 s/step | loss=0.012, reward=0.6063, rewards/execution_reward/mean=0.6063, rewards/valid_sql_reward/mean=0.8125, kl=0.04918, entropy=0.1159, frac_reward_zero_std=0.25, completions/mean_length=34.81, grad_norm=0.2613, learning_rate=2.277e-05
[2026-10-08 00:38:24 UTC] step 337/600 | 35.0 s/step | loss=0.0907, reward=0.6875, rewards/execution_reward/mean=0.6875, rewards/valid_sql_reward/mean=1, kl=0.04232, entropy=0.1595, frac_reward_zero_std=0.75, completions/mean_length=28.12, grad_norm=0.2443, learning_rate=2.268e-05
[2026-10-08 00:39:08 UTC] step 338/600 | 35.0 s/step | loss=-0.0622, reward=0.9375, rewards/execution_reward/mean=0.9375, rewards/valid_sql_reward/mean=1, kl=0.04558, entropy=0.1184, frac_reward_zero_std=0.75, completions/mean_length=39, grad_norm=0.3534, learning_rate=2.259e-05
[2026-10-08 00:39:27 UTC] step 339/600 | 34.9 s/step | loss=0.1888, reward=0.55, rewards/execution_reward/mean=0.55, rewards/valid_sql_reward/mean=0.875, kl=0.09719, entropy=0.1449, frac_reward_zero_std=0.25, completions/mean_length=29.69, grad_norm=0.5088, learning_rate=2.251e-05
[2026-10-08 00:40:21 UTC] step 340/600 | 35.0 s/step | loss=0.1242, reward=0.6687, rewards/execution_reward/mean=0.6687, rewards/valid_sql_reward/mean=0.8125, kl=0.1273, entropy=0.1138, frac_reward_zero_std=0.5, completions/mean_length=28.25, grad_norm=0.555, learning_rate=2.242e-05
[2026-10-08 00:40:51 UTC] step 341/600 | 35.0 s/step | loss=0.0098, reward=0.6812, rewards/execution_reward/mean=0.6812, rewards/valid_sql_reward/mean=0.9375, kl=0.03927, entropy=0.1145, frac_reward_zero_std=0.75, completions/mean_length=26.31, grad_norm=0.2207, learning_rate=2.234e-05
[2026-10-08 00:41:31 UTC] step 342/600 | 35.0 s/step | loss=-0.0738, reward=0.6625, rewards/execution_reward/mean=0.6625, rewards/valid_sql_reward/mean=0.75, kl=0.04185, entropy=0.1689, frac_reward_zero_std=0.5, completions/mean_length=32.56, grad_norm=0.3882, learning_rate=2.225e-05
[2026-10-08 00:42:02 UTC] step 343/600 | 35.0 s/step | loss=0.0548, reward=0.7312, rewards/execution_reward/mean=0.7312, rewards/valid_sql_reward/mean=0.8125, kl=0.0836, entropy=0.1435, frac_reward_zero_std=0.5, completions/mean_length=40.31, grad_norm=0.309, learning_rate=2.216e-05
[2026-10-08 00:42:34 UTC] step 344/600 | 35.0 s/step | loss=0.0498, reward=0.5938, rewards/execution_reward/mean=0.5938, rewards/valid_sql_reward/mean=0.6875, kl=0.03851, entropy=0.1481, frac_reward_zero_std=0.5, completions/mean_length=32.38, grad_norm=0.5865, learning_rate=2.208e-05
[2026-10-08 00:43:02 UTC] step 345/600 | 34.9 s/step | loss=0.0973, reward=0.8687, rewards/execution_reward/mean=0.8687, rewards/valid_sql_reward/mean=0.9375, kl=0.02235, entropy=0.1571, frac_reward_zero_std=0.75, completions/mean_length=28.31, grad_norm=0.4439, learning_rate=2.199e-05
[2026-10-08 00:43:37 UTC] step 346/600 | 34.9 s/step | loss=0.044, reward=0.6625, rewards/execution_reward/mean=0.6625, rewards/valid_sql_reward/mean=0.75, kl=0.04822, entropy=0.1039, frac_reward_zero_std=0.25, completions/mean_length=40.31, grad_norm=0.5278, learning_rate=2.191e-05
[2026-10-08 00:44:18 UTC] step 347/600 | 35.0 s/step | loss=0.0103, reward=0.8125, rewards/execution_reward/mean=0.8125, rewards/valid_sql_reward/mean=1, kl=0.03816, entropy=0.1106, frac_reward_zero_std=0.5, completions/mean_length=30.5, grad_norm=0.3816, learning_rate=2.182e-05
[2026-10-08 00:45:05 UTC] step 348/600 | 35.0 s/step | loss=0.0348, reward=0.625, rewards/execution_reward/mean=0.625, rewards/valid_sql_reward/mean=1, kl=0.07099, entropy=0.1551, frac_reward_zero_std=0.5, completions/mean_length=35.25, grad_norm=0.45, learning_rate=2.174e-05
[2026-10-08 00:45:48 UTC] step 349/600 | 35.0 s/step | loss=0.0458, reward=0.6063, rewards/execution_reward/mean=0.6063, rewards/valid_sql_reward/mean=0.8125, kl=0.05424, entropy=0.08436, frac_reward_zero_std=0.25, completions/mean_length=43, grad_norm=0.4332, learning_rate=2.165e-05
[2026-10-08 00:46:31 UTC] step 350/600 | 35.0 s/step | loss=0.0349, reward=0.9312, rewards/execution_reward/mean=0.9312, rewards/valid_sql_reward/mean=0.9375, kl=0.0283, entropy=0.09578, frac_reward_zero_std=0.75, completions/mean_length=28.81, grad_norm=0.2928, learning_rate=2.156e-05
[2026-10-08 00:46:56 UTC] step 351/600 | 35.0 s/step | loss=-0.0552, reward=0.6875, rewards/execution_reward/mean=0.6875, rewards/valid_sql_reward/mean=1, kl=0.03391, entropy=0.1622, frac_reward_zero_std=0.75, completions/mean_length=20.44, grad_norm=0.3202, learning_rate=2.148e-05
[2026-10-08 00:47:39 UTC] step 352/600 | 35.0 s/step | loss=0.0335, reward=0.375, rewards/execution_reward/mean=0.375, rewards/valid_sql_reward/mean=1, kl=0.07606, entropy=0.1217, frac_reward_zero_std=0.5, completions/mean_length=28.69, grad_norm=0.4365, learning_rate=2.139e-05
[2026-10-08 00:47:58 UTC] step 353/600 | 35.0 s/step | loss=0.0008, reward=0.725, rewards/execution_reward/mean=0.725, rewards/valid_sql_reward/mean=0.75, kl=0.0195, entropy=0.136, frac_reward_zero_std=1, completions/mean_length=25.81, grad_norm=0.01878, learning_rate=2.131e-05
[2026-10-08 00:48:48 UTC] step 354/600 | 35.0 s/step | loss=-0.0039, reward=0.5375, rewards/execution_reward/mean=0.5375, rewards/valid_sql_reward/mean=0.75, kl=0.0324, entropy=0.09661, frac_reward_zero_std=0.5, completions/mean_length=55.56, grad_norm=0.1696, learning_rate=2.122e-05
[2026-10-08 00:49:21 UTC] step 355/600 | 35.0 s/step | loss=0.0009, reward=0.25, rewards/execution_reward/mean=0.25, rewards/valid_sql_reward/mean=1, kl=0.02142, entropy=0.1351, frac_reward_zero_std=1, completions/mean_length=14.75, grad_norm=0.01055, learning_rate=2.113e-05
[2026-10-08 00:50:03 UTC] step 356/600 | 35.0 s/step | loss=-0.1909, reward=0.6625, rewards/execution_reward/mean=0.6625, rewards/valid_sql_reward/mean=0.75, kl=0.05239, entropy=0.141, frac_reward_zero_std=0.5, completions/mean_length=24, grad_norm=1.054, learning_rate=2.105e-05
[2026-10-08 00:50:18 UTC] step 357/600 | 35.0 s/step | loss=0.2283, reward=0.6, rewards/execution_reward/mean=0.6, rewards/valid_sql_reward/mean=0.75, kl=2.432, entropy=0.1408, frac_reward_zero_std=0.5, completions/mean_length=25.25, grad_norm=inf, learning_rate=2.096e-05
[2026-10-08 00:50:56 UTC] step 358/600 | 35.0 s/step | loss=0.098, reward=0.7437, rewards/execution_reward/mean=0.7437, rewards/valid_sql_reward/mean=0.9375, kl=0.03129, entropy=0.1211, frac_reward_zero_std=0.5, completions/mean_length=34.31, grad_norm=0.4326, learning_rate=2.088e-05
[2026-10-08 00:51:42 UTC] step 359/600 | 35.0 s/step | loss=-0.0289, reward=0.8687, rewards/execution_reward/mean=0.8687, rewards/valid_sql_reward/mean=0.9375, kl=0.04965, entropy=0.08682, frac_reward_zero_std=0.5, completions/mean_length=51.69, grad_norm=0.2477, learning_rate=2.079e-05
[2026-10-08 00:52:24 UTC] step 360/600 | 35.0 s/step | loss=0.0368, reward=0.4625, rewards/execution_reward/mean=0.4625, rewards/valid_sql_reward/mean=0.625, kl=0.05847, entropy=0.1216, frac_reward_zero_std=0.5, completions/mean_length=36.12, grad_norm=0.4066, learning_rate=2.07e-05
[2026-10-08 00:53:01 UTC] step 361/600 | 35.1 s/step | loss=-0.1134, reward=0.875, rewards/execution_reward/mean=0.875, rewards/valid_sql_reward/mean=1, kl=0.02971, entropy=0.142, frac_reward_zero_std=0.5, completions/mean_length=25.06, grad_norm=0.3858, learning_rate=2.062e-05
[2026-10-08 00:53:53 UTC] step 362/600 | 35.1 s/step | loss=0.0023, reward=1, rewards/execution_reward/mean=1, rewards/valid_sql_reward/mean=1, kl=0.05594, entropy=0.112, frac_reward_zero_std=1, completions/mean_length=26.44, grad_norm=0.05465, learning_rate=2.053e-05
[2026-10-08 00:54:21 UTC] step 363/600 | 35.1 s/step | loss=0.0434, reward=0.6688, rewards/execution_reward/mean=0.6688, rewards/valid_sql_reward/mean=0.8125, kl=0.03423, entropy=0.08409, frac_reward_zero_std=0.25, completions/mean_length=40.88, grad_norm=0.3218, learning_rate=2.045e-05
[2026-10-08 00:54:40 UTC] step 364/600 | 35.0 s/step | loss=0.0009, reward=1, rewards/execution_reward/mean=1, rewards/valid_sql_reward/mean=1, kl=0.02131, entropy=0.08635, frac_reward_zero_std=1, completions/mean_length=37.56, grad_norm=0.02217, learning_rate=2.036e-05
[2026-10-08 00:55:10 UTC] step 365/600 | 35.0 s/step | loss=0.0097, reward=0.9375, rewards/execution_reward/mean=0.9375, rewards/valid_sql_reward/mean=1, kl=0.04146, entropy=0.1414, frac_reward_zero_std=0.75, completions/mean_length=34.88, grad_norm=0.2506, learning_rate=2.027e-05
[2026-10-08 00:55:43 UTC] step 366/600 | 35.0 s/step | loss=0.0526, reward=0.6875, rewards/execution_reward/mean=0.6875, rewards/valid_sql_reward/mean=1, kl=0.05066, entropy=0.119, frac_reward_zero_std=0.25, completions/mean_length=37.5, grad_norm=0.3147, learning_rate=2.019e-05
[2026-10-08 00:56:09 UTC] step 367/600 | 35.0 s/step | loss=0.001, reward=0.725, rewards/execution_reward/mean=0.725, rewards/valid_sql_reward/mean=0.75, kl=0.02514, entropy=0.09659, frac_reward_zero_std=1, completions/mean_length=41.5, grad_norm=0.01278, learning_rate=2.01e-05
[2026-10-08 00:56:39 UTC] step 368/600 | 35.0 s/step | loss=-0.0411, reward=0.6187, rewards/execution_reward/mean=0.6187, rewards/valid_sql_reward/mean=0.9375, kl=0.04944, entropy=0.1639, frac_reward_zero_std=0, completions/mean_length=38.56, grad_norm=0.9233, learning_rate=2.002e-05
[2026-10-08 00:57:20 UTC] step 369/600 | 35.0 s/step | loss=-0.0079, reward=0.5, rewards/execution_reward/mean=0.5, rewards/valid_sql_reward/mean=1, kl=0.03975, entropy=0.1651, frac_reward_zero_std=0.25, completions/mean_length=23.81, grad_norm=0.4675, learning_rate=1.993e-05
[2026-10-08 00:57:39 UTC] step 370/600 | 35.0 s/step | loss=0.0031, reward=0.9312, rewards/execution_reward/mean=0.9312, rewards/valid_sql_reward/mean=0.9375, kl=0.03023, entropy=0.1144, frac_reward_zero_std=0.75, completions/mean_length=47.62, grad_norm=0.2335, learning_rate=1.985e-05
[2026-10-08 00:58:20 UTC] step 371/600 | 35.0 s/step | loss=0.1099, reward=0.8125, rewards/execution_reward/mean=0.8125, rewards/valid_sql_reward/mean=1, kl=0.04025, entropy=0.1472, frac_reward_zero_std=0.5, completions/mean_length=41.12, grad_norm=0.2779, learning_rate=1.976e-05
[2026-10-08 00:58:56 UTC] step 372/600 | 35.0 s/step | loss=0.0011, reward=1, rewards/execution_reward/mean=1, rewards/valid_sql_reward/mean=1, kl=0.02778, entropy=0.07982, frac_reward_zero_std=1, completions/mean_length=31.31, grad_norm=0.01484, learning_rate=1.967e-05
[2026-10-08 00:59:28 UTC] step 373/600 | 35.0 s/step | loss=0.0085, reward=0.9312, rewards/execution_reward/mean=0.9312, rewards/valid_sql_reward/mean=0.9375, kl=0.05404, entropy=0.1, frac_reward_zero_std=0.75, completions/mean_length=26, grad_norm=0.2359, learning_rate=1.959e-05
[2026-10-08 01:00:07 UTC] step 374/600 | 35.0 s/step | loss=0.0009, reward=1, rewards/execution_reward/mean=1, rewards/valid_sql_reward/mean=1, kl=0.02189, entropy=0.09959, frac_reward_zero_std=1, completions/mean_length=23.5, grad_norm=0.01991, learning_rate=1.95e-05
[2026-10-08 01:00:57 UTC] step 375/600 | 35.0 s/step | loss=-0.0589, reward=0.8625, rewards/execution_reward/mean=0.8625, rewards/valid_sql_reward/mean=0.875, kl=0.09008, entropy=0.1472, frac_reward_zero_std=0.75, completions/mean_length=32.94, grad_norm=0.4583, learning_rate=1.942e-05
[2026-10-08 01:01:36 UTC] step 376/600 | 35.0 s/step | loss=-0.1445, reward=0.6875, rewards/execution_reward/mean=0.6875, rewards/valid_sql_reward/mean=1, kl=0.04204, entropy=0.1418, frac_reward_zero_std=0.25, completions/mean_length=22.44, grad_norm=0.6233, learning_rate=1.933e-05
[2026-10-08 01:02:24 UTC] step 377/600 | 35.1 s/step | loss=0.0791, reward=0.7313, rewards/execution_reward/mean=0.7313, rewards/valid_sql_reward/mean=0.8125, kl=0.01617, entropy=0.1068, frac_reward_zero_std=0.25, completions/mean_length=47.06, grad_norm=0.6585, learning_rate=1.924e-05
[2026-10-08 01:03:15 UTC] step 378/600 | 35.1 s/step | loss=-0.0715, reward=0.5562, rewards/execution_reward/mean=0.5562, rewards/valid_sql_reward/mean=0.9375, kl=0.024, entropy=0.09915, frac_reward_zero_std=0.75, completions/mean_length=30.94, grad_norm=0.4915, learning_rate=1.916e-05
[2026-10-08 01:03:37 UTC] step 379/600 | 35.1 s/step | loss=0.0974, reward=0.6687, rewards/execution_reward/mean=0.6687, rewards/valid_sql_reward/mean=0.8125, kl=0.06471, entropy=0.1305, frac_reward_zero_std=0.25, completions/mean_length=32.62, grad_norm=0.4684, learning_rate=1.907e-05
[2026-10-08 01:04:17 UTC] step 380/600 | 35.1 s/step | loss=-0.0426, reward=0.8125, rewards/execution_reward/mean=0.8125, rewards/valid_sql_reward/mean=1, kl=0.0236, entropy=0.1226, frac_reward_zero_std=0.75, completions/mean_length=31.62, grad_norm=0.3657, learning_rate=1.899e-05
[2026-10-08 01:04:51 UTC] step 381/600 | 35.1 s/step | loss=0.0089, reward=0.8, rewards/execution_reward/mean=0.8, rewards/valid_sql_reward/mean=0.875, kl=0.04911, entropy=0.1138, frac_reward_zero_std=0.5, completions/mean_length=36.81, grad_norm=0.2797, learning_rate=1.89e-05
[2026-10-08 01:05:39 UTC] step 382/600 | 35.1 s/step | loss=0.0004, reward=1, rewards/execution_reward/mean=1, rewards/valid_sql_reward/mean=1, kl=0.01008, entropy=0.08744, frac_reward_zero_std=1, completions/mean_length=29.94, grad_norm=0.00726, learning_rate=1.881e-05
[2026-10-08 01:06:31 UTC] step 383/600 | 35.2 s/step | loss=0.0331, reward=0.5562, rewards/execution_reward/mean=0.5562, rewards/valid_sql_reward/mean=0.9375, kl=0.0419, entropy=0.1225, frac_reward_zero_std=0.25, completions/mean_length=36.81, grad_norm=0.3797, learning_rate=1.873e-05
[2026-10-08 01:07:06 UTC] step 384/600 | 35.2 s/step | loss=0.0146, reward=0.8062, rewards/execution_reward/mean=0.8062, rewards/valid_sql_reward/mean=0.9375, kl=0.03145, entropy=0.1127, frac_reward_zero_std=0.75, completions/mean_length=42.44, grad_norm=0.1689, learning_rate=1.864e-05
[2026-10-08 01:07:22 UTC] step 385/600 | 35.1 s/step | loss=-0.0253, reward=0.8125, rewards/execution_reward/mean=0.8125, rewards/valid_sql_reward/mean=1, kl=0.02531, entropy=0.1339, frac_reward_zero_std=0.5, completions/mean_length=24.88, grad_norm=0.4605, learning_rate=1.856e-05
[2026-10-08 01:08:00 UTC] step 386/600 | 35.1 s/step | loss=0.0657, reward=0.8125, rewards/execution_reward/mean=0.8125, rewards/valid_sql_reward/mean=1, kl=0.02501, entropy=0.1112, frac_reward_zero_std=0.5, completions/mean_length=47.06, grad_norm=0.3236, learning_rate=1.847e-05
[2026-10-08 01:08:34 UTC] step 387/600 | 35.1 s/step | loss=0.0887, reward=0.7937, rewards/execution_reward/mean=0.7937, rewards/valid_sql_reward/mean=0.8125, kl=0.04052, entropy=0.1082, frac_reward_zero_std=0.75, completions/mean_length=29.44, grad_norm=0.2036, learning_rate=1.838e-05
[2026-10-08 01:08:56 UTC] step 388/600 | 35.1 s/step | loss=-0.0282, reward=0.9375, rewards/execution_reward/mean=0.9375, rewards/valid_sql_reward/mean=1, kl=0.03639, entropy=0.1095, frac_reward_zero_std=0.75, completions/mean_length=35.88, grad_norm=0.2768, learning_rate=1.83e-05
[2026-10-08 01:09:15 UTC] step 389/600 | 35.0 s/step | loss=-0.0543, reward=0.425, rewards/execution_reward/mean=0.425, rewards/valid_sql_reward/mean=0.875, kl=0.04642, entropy=0.128, frac_reward_zero_std=0.5, completions/mean_length=32.81, grad_norm=0.5548, learning_rate=1.821e-05
[2026-10-08 01:10:05 UTC] step 390/600 | 35.1 s/step | loss=-0.0803, reward=0.6812, rewards/execution_reward/mean=0.6812, rewards/valid_sql_reward/mean=0.9375, kl=0.02835, entropy=0.09233, frac_reward_zero_std=0.5, completions/mean_length=42.75, grad_norm=0.5404, learning_rate=1.813e-05
[2026-10-08 01:10:38 UTC] step 391/600 | 35.1 s/step | loss=0.0235, reward=0.8125, rewards/execution_reward/mean=0.8125, rewards/valid_sql_reward/mean=1, kl=0.03665, entropy=0.113, frac_reward_zero_std=0.75, completions/mean_length=36.81, grad_norm=0.2134, learning_rate=1.804e-05
[2026-10-08 01:11:01 UTC] step 392/600 | 35.0 s/step | loss=0.0672, reward=0.7313, rewards/execution_reward/mean=0.7313, rewards/valid_sql_reward/mean=0.8125, kl=0.03156, entropy=0.159, frac_reward_zero_std=0.25, completions/mean_length=34.94, grad_norm=0.3718, learning_rate=1.796e-05
[2026-10-08 01:11:39 UTC] step 393/600 | 35.0 s/step | loss=0.1067, reward=0.6875, rewards/execution_reward/mean=0.6875, rewards/valid_sql_reward/mean=1, kl=0.03318, entropy=0.1376, frac_reward_zero_std=0.75, completions/mean_length=19.88, grad_norm=0.4832, learning_rate=1.787e-05
[2026-10-08 01:12:19 UTC] step 394/600 | 35.1 s/step | loss=0.0012, reward=1, rewards/execution_reward/mean=1, rewards/valid_sql_reward/mean=1, kl=0.03224, entropy=0.1485, frac_reward_zero_std=1, completions/mean_length=24.38, grad_norm=0.02091, learning_rate=1.778e-05
[2026-10-08 01:12:50 UTC] step 395/600 | 35.0 s/step | loss=0.1144, reward=0.525, rewards/execution_reward/mean=0.525, rewards/valid_sql_reward/mean=0.625, kl=0.04198, entropy=0.1697, frac_reward_zero_std=0.75, completions/mean_length=41.62, grad_norm=0.3575, learning_rate=1.77e-05
[2026-10-08 01:13:38 UTC] step 396/600 | 35.1 s/step | loss=0.0959, reward=0.625, rewards/execution_reward/mean=0.625, rewards/valid_sql_reward/mean=1, kl=0.04107, entropy=0.1488, frac_reward_zero_std=0.5, completions/mean_length=33.12, grad_norm=0.5546, learning_rate=1.761e-05
[2026-10-08 01:14:17 UTC] step 397/600 | 35.1 s/step | loss=0.0422, reward=0.7437, rewards/execution_reward/mean=0.7437, rewards/valid_sql_reward/mean=0.9375, kl=0.02214, entropy=0.1335, frac_reward_zero_std=0.5, completions/mean_length=45.38, grad_norm=0.2722, learning_rate=1.753e-05
[2026-10-08 01:14:38 UTC] step 398/600 | 35.1 s/step | loss=0.0833, reward=0.6625, rewards/execution_reward/mean=0.6625, rewards/valid_sql_reward/mean=0.75, kl=0.04184, entropy=0.1686, frac_reward_zero_std=0.25, completions/mean_length=31.69, grad_norm=0.4555, learning_rate=1.744e-05
[2026-10-08 01:15:14 UTC] step 399/600 | 35.1 s/step | loss=-0.0172, reward=0.6812, rewards/execution_reward/mean=0.6812, rewards/valid_sql_reward/mean=0.9375, kl=0.03195, entropy=0.1351, frac_reward_zero_std=0.25, completions/mean_length=30.38, grad_norm=0.707, learning_rate=1.735e-05
[2026-10-08 01:15:40 UTC] step 400/600 | 35.0 s/step | loss=-0.0186, reward=0.6875, rewards/execution_reward/mean=0.6875, rewards/valid_sql_reward/mean=1, kl=0.04341, entropy=0.1197, frac_reward_zero_std=0.75, completions/mean_length=40, grad_norm=0.2876, learning_rate=1.727e-05
[2026-10-08 01:15:41 UTC] checkpoint saved: checkpoint-400
[2026-10-08 01:16:21 UTC] step 401/600 | 35.0 s/step | loss=0.0123, reward=0.9375, rewards/execution_reward/mean=0.9375, rewards/valid_sql_reward/mean=1, kl=0.04145, entropy=0.141, frac_reward_zero_std=0.75, completions/mean_length=20.44, grad_norm=0.3883, learning_rate=1.718e-05
[2026-10-08 01:16:43 UTC] step 402/600 | 35.0 s/step | loss=-0.0103, reward=0.7312, rewards/execution_reward/mean=0.7312, rewards/valid_sql_reward/mean=0.8125, kl=0.04138, entropy=0.1196, frac_reward_zero_std=0.25, completions/mean_length=42.69, grad_norm=0.4564, learning_rate=1.71e-05
[2026-10-08 01:17:28 UTC] step 403/600 | 35.0 s/step | loss=0.1836, reward=0.7375, rewards/execution_reward/mean=0.7375, rewards/valid_sql_reward/mean=0.875, kl=0.04441, entropy=0.1181, frac_reward_zero_std=0.25, completions/mean_length=32.62, grad_norm=0.9574, learning_rate=1.701e-05
[2026-10-08 01:18:15 UTC] step 404/600 | 35.1 s/step | loss=0.0023, reward=1, rewards/execution_reward/mean=1, rewards/valid_sql_reward/mean=1, kl=0.05783, entropy=0.1414, frac_reward_zero_std=1, completions/mean_length=25.19, grad_norm=0.07195, learning_rate=1.692e-05
[2026-10-08 01:18:29 UTC] step 405/600 | 35.0 s/step | loss=0.0008, reward=1, rewards/execution_reward/mean=1, rewards/valid_sql_reward/mean=1, kl=0.01925, entropy=0.1511, frac_reward_zero_std=1, completions/mean_length=19.62, grad_norm=0.01602, learning_rate=1.684e-05
[2026-10-08 01:19:06 UTC] step 406/600 | 35.0 s/step | loss=0.1451, reward=0.6187, rewards/execution_reward/mean=0.6187, rewards/valid_sql_reward/mean=0.9375, kl=0.006052, entropy=0.1178, frac_reward_zero_std=0.25, completions/mean_length=25.44, grad_norm=0.552, learning_rate=1.675e-05
[2026-10-08 01:19:32 UTC] step 407/600 | 35.0 s/step | loss=0.0032, reward=0.725, rewards/execution_reward/mean=0.725, rewards/valid_sql_reward/mean=0.75, kl=0.07633, entropy=0.1044, frac_reward_zero_std=1, completions/mean_length=26, grad_norm=0.02967, learning_rate=1.667e-05
[2026-10-08 01:20:00 UTC] step 408/600 | 35.0 s/step | loss=0.186, reward=0.675, rewards/execution_reward/mean=0.675, rewards/valid_sql_reward/mean=0.875, kl=0.05155, entropy=0.1439, frac_reward_zero_std=0.25, completions/mean_length=33.5, grad_norm=0.516, learning_rate=1.658e-05
[2026-10-08 01:20:27 UTC] step 409/600 | 35.0 s/step | loss=0.0467, reward=0.8062, rewards/execution_reward/mean=0.8062, rewards/valid_sql_reward/mean=0.9375, kl=0.02961, entropy=0.1295, frac_reward_zero_std=0.75, completions/mean_length=30.75, grad_norm=0.2834, learning_rate=1.649e-05
[2026-10-08 01:21:10 UTC] step 410/600 | 35.0 s/step | loss=-0.0163, reward=0.4938, rewards/execution_reward/mean=0.4938, rewards/valid_sql_reward/mean=0.9375, kl=0.0206, entropy=0.08622, frac_reward_zero_std=0.5, completions/mean_length=41.94, grad_norm=0.2616, learning_rate=1.641e-05
[2026-10-08 01:21:31 UTC] step 411/600 | 35.0 s/step | loss=0.0005, reward=1, rewards/execution_reward/mean=1, rewards/valid_sql_reward/mean=1, kl=0.01367, entropy=0.1401, frac_reward_zero_std=1, completions/mean_length=29.19, grad_norm=0.01503, learning_rate=1.632e-05
[2026-10-08 01:21:52 UTC] step 412/600 | 34.9 s/step | loss=0.0525, reward=0.7437, rewards/execution_reward/mean=0.7437, rewards/valid_sql_reward/mean=0.9375, kl=0.05569, entropy=0.1318, frac_reward_zero_std=0.5, completions/mean_length=35.31, grad_norm=0.3991, learning_rate=1.624e-05
[2026-10-08 01:22:38 UTC] step 413/600 | 34.9 s/step | loss=0.0207, reward=0.5312, rewards/execution_reward/mean=0.5312, rewards/valid_sql_reward/mean=0.6875, kl=0.04601, entropy=0.1047, frac_reward_zero_std=0.75, completions/mean_length=48.44, grad_norm=0.3264, learning_rate=1.615e-05
[2026-10-08 01:23:20 UTC] step 414/600 | 35.0 s/step | loss=-0.0216, reward=0.9375, rewards/execution_reward/mean=0.9375, rewards/valid_sql_reward/mean=1, kl=0.03809, entropy=0.1276, frac_reward_zero_std=0.75, completions/mean_length=28.44, grad_norm=0.5979, learning_rate=1.607e-05
[2026-10-08 01:23:57 UTC] step 415/600 | 35.0 s/step | loss=-0.0381, reward=0.4938, rewards/execution_reward/mean=0.4938, rewards/valid_sql_reward/mean=0.9375, kl=0.04094, entropy=0.1523, frac_reward_zero_std=0.5, completions/mean_length=39.44, grad_norm=0.347, learning_rate=1.598e-05
[2026-10-08 01:24:19 UTC] step 416/600 | 34.9 s/step | loss=0.0567, reward=0.4313, rewards/execution_reward/mean=0.4313, rewards/valid_sql_reward/mean=0.9375, kl=0.02318, entropy=0.116, frac_reward_zero_std=0.5, completions/mean_length=32.25, grad_norm=0.4691, learning_rate=1.589e-05
[2026-10-08 01:24:55 UTC] step 417/600 | 34.9 s/step | loss=0.0069, reward=0.75, rewards/execution_reward/mean=0.75, rewards/valid_sql_reward/mean=1, kl=0.01406, entropy=0.09473, frac_reward_zero_std=0.5, completions/mean_length=39.56, grad_norm=0.3996, learning_rate=1.581e-05
[2026-10-08 01:25:38 UTC] step 418/600 | 35.0 s/step | loss=0.0303, reward=0.6125, rewards/execution_reward/mean=0.6125, rewards/valid_sql_reward/mean=0.875, kl=0.01636, entropy=0.09253, frac_reward_zero_std=0.5, completions/mean_length=29.25, grad_norm=0.4456, learning_rate=1.572e-05
[2026-10-08 01:26:04 UTC] step 419/600 | 34.9 s/step | loss=0.009, reward=0.9312, rewards/execution_reward/mean=0.9312, rewards/valid_sql_reward/mean=0.9375, kl=0.05508, entropy=0.08407, frac_reward_zero_std=0.75, completions/mean_length=55.62, grad_norm=0.109, learning_rate=1.564e-05
[2026-10-08 01:26:23 UTC] step 420/600 | 34.9 s/step | loss=-0.0326, reward=0.7312, rewards/execution_reward/mean=0.7312, rewards/valid_sql_reward/mean=0.8125, kl=0.03839, entropy=0.1135, frac_reward_zero_std=0.75, completions/mean_length=31.06, grad_norm=0.5763, learning_rate=1.555e-05
[2026-10-08 01:26:48 UTC] step 421/600 | 34.9 s/step | loss=0.0222, reward=0.6625, rewards/execution_reward/mean=0.6625, rewards/valid_sql_reward/mean=0.75, kl=0.04001, entropy=0.1256, frac_reward_zero_std=0.5, completions/mean_length=50.06, grad_norm=0.2872, learning_rate=1.546e-05
[2026-10-08 01:27:26 UTC] step 422/600 | 34.9 s/step | loss=-0.0392, reward=0.9375, rewards/execution_reward/mean=0.9375, rewards/valid_sql_reward/mean=1, kl=0.03449, entropy=0.1292, frac_reward_zero_std=0.75, completions/mean_length=44.75, grad_norm=0.1982, learning_rate=1.538e-05
[2026-10-08 01:28:06 UTC] step 423/600 | 34.9 s/step | loss=-0.04, reward=0.7937, rewards/execution_reward/mean=0.7937, rewards/valid_sql_reward/mean=0.8125, kl=0.02516, entropy=0.1321, frac_reward_zero_std=0.75, completions/mean_length=24.38, grad_norm=0.3797, learning_rate=1.529e-05
[2026-10-08 01:28:46 UTC] step 424/600 | 34.9 s/step | loss=0.0009, reward=1, rewards/execution_reward/mean=1, rewards/valid_sql_reward/mean=1, kl=0.0222, entropy=0.08552, frac_reward_zero_std=1, completions/mean_length=30.31, grad_norm=0.01506, learning_rate=1.521e-05
[2026-10-08 01:29:15 UTC] step 425/600 | 34.9 s/step | loss=0.0011, reward=0.75, rewards/execution_reward/mean=0.75, rewards/valid_sql_reward/mean=1, kl=0.02911, entropy=0.1912, frac_reward_zero_std=1, completions/mean_length=19.12, grad_norm=0.01818, learning_rate=1.512e-05
[2026-10-08 01:29:49 UTC] step 426/600 | 34.9 s/step | loss=-0.0274, reward=0.4938, rewards/execution_reward/mean=0.4938, rewards/valid_sql_reward/mean=0.9375, kl=0.03914, entropy=0.1543, frac_reward_zero_std=0.75, completions/mean_length=14, grad_norm=0.4393, learning_rate=1.503e-05
[2026-10-08 01:30:08 UTC] step 427/600 | 34.9 s/step | loss=0.0579, reward=0.9375, rewards/execution_reward/mean=0.9375, rewards/valid_sql_reward/mean=1, kl=0.09429, entropy=0.09625, frac_reward_zero_std=0.75, completions/mean_length=28.31, grad_norm=0.2814, learning_rate=1.495e-05
[2026-10-08 01:30:39 UTC] step 428/600 | 34.8 s/step | loss=0.0279, reward=0.8062, rewards/execution_reward/mean=0.8062, rewards/valid_sql_reward/mean=0.9375, kl=0.07249, entropy=0.1504, frac_reward_zero_std=0.5, completions/mean_length=34.38, grad_norm=0.5012, learning_rate=1.486e-05
[2026-10-08 01:31:11 UTC] step 429/600 | 34.8 s/step | loss=-0.0313, reward=0.675, rewards/execution_reward/mean=0.675, rewards/valid_sql_reward/mean=0.875, kl=0.04123, entropy=0.1359, frac_reward_zero_std=0.5, completions/mean_length=25.25, grad_norm=0.5552, learning_rate=1.478e-05
[2026-10-08 01:31:56 UTC] step 430/600 | 34.9 s/step | loss=0.0344, reward=0.6875, rewards/execution_reward/mean=0.6875, rewards/valid_sql_reward/mean=1, kl=0.05861, entropy=0.1201, frac_reward_zero_std=0.75, completions/mean_length=28.38, grad_norm=0.2705, learning_rate=1.469e-05
[2026-10-08 01:32:33 UTC] step 431/600 | 34.9 s/step | loss=-0.0698, reward=0.6687, rewards/execution_reward/mean=0.6687, rewards/valid_sql_reward/mean=0.8125, kl=0.03872, entropy=0.1556, frac_reward_zero_std=0.5, completions/mean_length=32.69, grad_norm=0.7755, learning_rate=1.46e-05
[2026-10-08 01:33:12 UTC] step 432/600 | 34.9 s/step | loss=0.0007, reward=1, rewards/execution_reward/mean=1, rewards/valid_sql_reward/mean=1, kl=0.01619, entropy=0.1011, frac_reward_zero_std=1, completions/mean_length=25.44, grad_norm=0.01404, learning_rate=1.452e-05
[2026-10-08 01:33:32 UTC] step 433/600 | 34.8 s/step | loss=0.0466, reward=0.3375, rewards/execution_reward/mean=0.3375, rewards/valid_sql_reward/mean=0.625, kl=0.08635, entropy=0.1846, frac_reward_zero_std=0.5, completions/mean_length=30.75, grad_norm=0.4234, learning_rate=1.443e-05
[2026-10-08 01:34:15 UTC] step 434/600 | 34.9 s/step | loss=0.0005, reward=0.75, rewards/execution_reward/mean=0.75, rewards/valid_sql_reward/mean=1, kl=0.01818, entropy=0.06986, frac_reward_zero_std=1, completions/mean_length=35.38, grad_norm=0.01046, learning_rate=1.435e-05
[2026-10-08 01:34:42 UTC] step 435/600 | 34.8 s/step | loss=-0.0827, reward=0.9375, rewards/execution_reward/mean=0.9375, rewards/valid_sql_reward/mean=1, kl=0.04343, entropy=0.1369, frac_reward_zero_std=0.75, completions/mean_length=25.44, grad_norm=0.605, learning_rate=1.426e-05
[2026-10-08 01:35:31 UTC] step 436/600 | 34.9 s/step | loss=0.1872, reward=0.6187, rewards/execution_reward/mean=0.6187, rewards/valid_sql_reward/mean=0.9375, kl=0.02576, entropy=0.1245, frac_reward_zero_std=0.5, completions/mean_length=21.31, grad_norm=0.5754, learning_rate=1.418e-05
[2026-10-08 01:35:57 UTC] step 437/600 | 34.9 s/step | loss=0.007, reward=0.7437, rewards/execution_reward/mean=0.7437, rewards/valid_sql_reward/mean=0.9375, kl=0.01587, entropy=0.1459, frac_reward_zero_std=0.5, completions/mean_length=44.19, grad_norm=0.2479, learning_rate=1.409e-05
[2026-10-08 01:36:34 UTC] step 438/600 | 34.9 s/step | loss=0.0003, reward=1, rewards/execution_reward/mean=1, rewards/valid_sql_reward/mean=1, kl=0.008333, entropy=0.09636, frac_reward_zero_std=1, completions/mean_length=17.75, grad_norm=0.007789, learning_rate=1.4e-05
[2026-10-08 01:37:20 UTC] step 439/600 | 34.9 s/step | loss=0.1315, reward=0.9375, rewards/execution_reward/mean=0.9375, rewards/valid_sql_reward/mean=1, kl=0.01632, entropy=0.1055, frac_reward_zero_std=0.75, completions/mean_length=28.44, grad_norm=0.7948, learning_rate=1.392e-05
[2026-10-08 01:37:42 UTC] step 440/600 | 34.9 s/step | loss=0.1363, reward=0.8687, rewards/execution_reward/mean=0.8687, rewards/valid_sql_reward/mean=0.9375, kl=0.06639, entropy=0.1173, frac_reward_zero_std=0.5, completions/mean_length=25.94, grad_norm=0.4905, learning_rate=1.383e-05
[2026-10-08 01:38:03 UTC] step 441/600 | 34.8 s/step | loss=-0.036, reward=0.7313, rewards/execution_reward/mean=0.7313, rewards/valid_sql_reward/mean=0.8125, kl=0.2119, entropy=0.1254, frac_reward_zero_std=0.5, completions/mean_length=35.94, grad_norm=0.5689, learning_rate=1.375e-05
[2026-10-08 01:38:49 UTC] step 442/600 | 34.8 s/step | loss=-0.0364, reward=0.6812, rewards/execution_reward/mean=0.6812, rewards/valid_sql_reward/mean=0.9375, kl=0.08588, entropy=0.1521, frac_reward_zero_std=0.75, completions/mean_length=23.56, grad_norm=0.2609, learning_rate=1.366e-05
[2026-10-08 01:39:31 UTC] step 443/600 | 34.9 s/step | loss=-0.0329, reward=0.675, rewards/execution_reward/mean=0.675, rewards/valid_sql_reward/mean=0.875, kl=0.09723, entropy=0.1932, frac_reward_zero_std=0.5, completions/mean_length=27.38, grad_norm=0.4273, learning_rate=1.357e-05
[2026-10-08 01:39:56 UTC] step 444/600 | 34.8 s/step | loss=0.0446, reward=0.9312, rewards/execution_reward/mean=0.9312, rewards/valid_sql_reward/mean=0.9375, kl=0.02935, entropy=0.1076, frac_reward_zero_std=0.75, completions/mean_length=32.38, grad_norm=0.4057, learning_rate=1.349e-05
[2026-10-08 01:40:46 UTC] step 445/600 | 34.9 s/step | loss=0.0013, reward=1, rewards/execution_reward/mean=1, rewards/valid_sql_reward/mean=1, kl=0.03249, entropy=0.07934, frac_reward_zero_std=1, completions/mean_length=33.38, grad_norm=0.02785, learning_rate=1.34e-05
[2026-10-08 01:41:22 UTC] step 446/600 | 34.9 s/step | loss=0.0035, reward=1, rewards/execution_reward/mean=1, rewards/valid_sql_reward/mean=1, kl=0.09269, entropy=0.1271, frac_reward_zero_std=1, completions/mean_length=25, grad_norm=0.1839, learning_rate=1.332e-05
[2026-10-08 01:42:14 UTC] step 447/600 | 34.9 s/step | loss=-0.0014, reward=0.9375, rewards/execution_reward/mean=0.9375, rewards/valid_sql_reward/mean=1, kl=0.03175, entropy=0.09231, frac_reward_zero_std=0.75, completions/mean_length=37.12, grad_norm=0.195, learning_rate=1.323e-05
[2026-10-08 01:42:57 UTC] step 448/600 | 34.9 s/step | loss=-0.0171, reward=0.675, rewards/execution_reward/mean=0.675, rewards/valid_sql_reward/mean=0.875, kl=0.05037, entropy=0.149, frac_reward_zero_std=0.25, completions/mean_length=26.5, grad_norm=0.5292, learning_rate=1.314e-05
[2026-10-08 01:43:17 UTC] step 449/600 | 34.9 s/step | loss=0.0022, reward=1, rewards/execution_reward/mean=1, rewards/valid_sql_reward/mean=1, kl=0.06039, entropy=0.1239, frac_reward_zero_std=1, completions/mean_length=24, grad_norm=0.06602, learning_rate=1.306e-05
[2026-10-08 01:43:53 UTC] step 450/600 | 34.9 s/step | loss=0.0011, reward=1, rewards/execution_reward/mean=1, rewards/valid_sql_reward/mean=1, kl=0.02958, entropy=0.09825, frac_reward_zero_std=1, completions/mean_length=33.44, grad_norm=0.01835, learning_rate=1.297e-05
[2026-10-08 01:44:34 UTC] step 451/600 | 34.9 s/step | loss=0.0542, reward=0.5562, rewards/execution_reward/mean=0.5562, rewards/valid_sql_reward/mean=0.9375, kl=0.06624, entropy=0.1261, frac_reward_zero_std=0, completions/mean_length=47.38, grad_norm=0.5182, learning_rate=1.289e-05
[2026-10-08 01:45:24 UTC] step 452/600 | 35.0 s/step | loss=-0.1345, reward=0.6062, rewards/execution_reward/mean=0.6062, rewards/valid_sql_reward/mean=0.8125, kl=0.06657, entropy=0.1131, frac_reward_zero_std=0.5, completions/mean_length=30.56, grad_norm=0.4913, learning_rate=1.28e-05
[2026-10-08 01:45:46 UTC] step 453/600 | 34.9 s/step | loss=-0.0512, reward=0.9312, rewards/execution_reward/mean=0.9312, rewards/valid_sql_reward/mean=0.9375, kl=0.04866, entropy=0.1297, frac_reward_zero_std=0.75, completions/mean_length=35.81, grad_norm=0.2795, learning_rate=1.271e-05
[2026-10-08 01:46:18 UTC] step 454/600 | 34.9 s/step | loss=0.0013, reward=1, rewards/execution_reward/mean=1, rewards/valid_sql_reward/mean=1, kl=0.03125, entropy=0.1211, frac_reward_zero_std=1, completions/mean_length=33, grad_norm=0.02358, learning_rate=1.263e-05
[2026-10-08 01:47:00 UTC] step 455/600 | 34.9 s/step | loss=0.003, reward=0.5, rewards/execution_reward/mean=0.5, rewards/valid_sql_reward/mean=1, kl=0.07421, entropy=0.121, frac_reward_zero_std=1, completions/mean_length=30.44, grad_norm=0.0508, learning_rate=1.254e-05
[2026-10-08 01:47:43 UTC] step 456/600 | 34.9 s/step | loss=0.1688, reward=0.675, rewards/execution_reward/mean=0.675, rewards/valid_sql_reward/mean=0.875, kl=0.06607, entropy=0.1291, frac_reward_zero_std=0.25, completions/mean_length=34.56, grad_norm=0.5436, learning_rate=1.246e-05
[2026-10-08 01:48:02 UTC] step 457/600 | 34.9 s/step | loss=0.0534, reward=0.9312, rewards/execution_reward/mean=0.9312, rewards/valid_sql_reward/mean=0.9375, kl=0.05803, entropy=0.1462, frac_reward_zero_std=0.75, completions/mean_length=27.56, grad_norm=0.7733, learning_rate=1.237e-05
[2026-10-08 01:48:51 UTC] step 458/600 | 34.9 s/step | loss=0.0632, reward=0.8, rewards/execution_reward/mean=0.8, rewards/valid_sql_reward/mean=0.875, kl=0.2315, entropy=0.1193, frac_reward_zero_std=0.5, completions/mean_length=51, grad_norm=1.153, learning_rate=1.229e-05
[2026-10-08 01:49:28 UTC] step 459/600 | 34.9 s/step | loss=-0.0081, reward=0.9312, rewards/execution_reward/mean=0.9312, rewards/valid_sql_reward/mean=0.9375, kl=0.046, entropy=0.1388, frac_reward_zero_std=0.75, completions/mean_length=27.81, grad_norm=0.3136, learning_rate=1.22e-05
[2026-10-08 01:50:14 UTC] step 460/600 | 35.0 s/step | loss=-0.0245, reward=0.875, rewards/execution_reward/mean=0.875, rewards/valid_sql_reward/mean=1, kl=0.02505, entropy=0.09747, frac_reward_zero_std=0.75, completions/mean_length=33.94, grad_norm=0.2985, learning_rate=1.211e-05
[2026-10-08 01:50:36 UTC] step 461/600 | 34.9 s/step | loss=0.0563, reward=0.9312, rewards/execution_reward/mean=0.9312, rewards/valid_sql_reward/mean=0.9375, kl=0.02484, entropy=0.1257, frac_reward_zero_std=0.75, completions/mean_length=30.5, grad_norm=0.3268, learning_rate=1.203e-05
[2026-10-08 01:51:24 UTC] step 462/600 | 35.0 s/step | loss=0.038, reward=0.8, rewards/execution_reward/mean=0.8, rewards/valid_sql_reward/mean=0.875, kl=0.04844, entropy=0.1481, frac_reward_zero_std=0.5, completions/mean_length=37.75, grad_norm=0.2927, learning_rate=1.194e-05
[2026-10-08 01:51:45 UTC] step 463/600 | 34.9 s/step | loss=0.0089, reward=0.9312, rewards/execution_reward/mean=0.9312, rewards/valid_sql_reward/mean=0.9375, kl=0.06051, entropy=0.1018, frac_reward_zero_std=0.75, completions/mean_length=43.62, grad_norm=0.335, learning_rate=1.186e-05
[2026-10-08 01:52:22 UTC] step 464/600 | 34.9 s/step | loss=-0.005, reward=0.8125, rewards/execution_reward/mean=0.8125, rewards/valid_sql_reward/mean=1, kl=0.04472, entropy=0.1101, frac_reward_zero_std=0.5, completions/mean_length=37.19, grad_norm=0.3378, learning_rate=1.177e-05
[2026-10-08 01:52:36 UTC] step 465/600 | 34.9 s/step | loss=-0.0356, reward=0.9375, rewards/execution_reward/mean=0.9375, rewards/valid_sql_reward/mean=1, kl=0.05039, entropy=0.09608, frac_reward_zero_std=0.75, completions/mean_length=33.31, grad_norm=0.2781, learning_rate=1.168e-05
[2026-10-08 01:53:13 UTC] step 466/600 | 34.9 s/step | loss=-0.063, reward=0.7937, rewards/execution_reward/mean=0.7937, rewards/valid_sql_reward/mean=0.8125, kl=0.03056, entropy=0.1006, frac_reward_zero_std=0.75, completions/mean_length=26.25, grad_norm=0.3507, learning_rate=1.16e-05
[2026-10-08 01:53:39 UTC] step 467/600 | 34.9 s/step | loss=0.0006, reward=0.75, rewards/execution_reward/mean=0.75, rewards/valid_sql_reward/mean=1, kl=0.01583, entropy=0.09368, frac_reward_zero_std=1, completions/mean_length=28.31, grad_norm=0.01862, learning_rate=1.151e-05
[2026-10-08 01:54:05 UTC] step 468/600 | 34.9 s/step | loss=0.0196, reward=0.8687, rewards/execution_reward/mean=0.8687, rewards/valid_sql_reward/mean=0.9375, kl=0.03209, entropy=0.09639, frac_reward_zero_std=0.5, completions/mean_length=50.88, grad_norm=0.3776, learning_rate=1.143e-05
[2026-10-08 01:54:37 UTC] step 469/600 | 34.9 s/step | loss=0.0017, reward=1, rewards/execution_reward/mean=1, rewards/valid_sql_reward/mean=1, kl=0.0413, entropy=0.1125, frac_reward_zero_std=1, completions/mean_length=36.5, grad_norm=0.04405, learning_rate=1.134e-05
[2026-10-08 01:54:57 UTC] step 470/600 | 34.8 s/step | loss=-0.0489, reward=0.9312, rewards/execution_reward/mean=0.9312, rewards/valid_sql_reward/mean=0.9375, kl=0.03891, entropy=0.1123, frac_reward_zero_std=0.75, completions/mean_length=28.44, grad_norm=0.7312, learning_rate=1.125e-05
[2026-10-08 01:55:40 UTC] step 471/600 | 34.8 s/step | loss=-0.0312, reward=0.9312, rewards/execution_reward/mean=0.9312, rewards/valid_sql_reward/mean=0.9375, kl=0.03077, entropy=0.1269, frac_reward_zero_std=0.75, completions/mean_length=25.94, grad_norm=0.4944, learning_rate=1.117e-05
[2026-10-08 01:56:25 UTC] step 472/600 | 34.9 s/step | loss=0.0014, reward=0.75, rewards/execution_reward/mean=0.75, rewards/valid_sql_reward/mean=1, kl=0.03409, entropy=0.1108, frac_reward_zero_std=1, completions/mean_length=23.75, grad_norm=0.03095, learning_rate=1.108e-05
[2026-10-08 01:57:14 UTC] step 473/600 | 34.9 s/step | loss=0.0006, reward=0.7937, rewards/execution_reward/mean=0.7937, rewards/valid_sql_reward/mean=0.8125, kl=0.02764, entropy=0.06657, frac_reward_zero_std=0.75, completions/mean_length=73.25, grad_norm=0.09103, learning_rate=1.1e-05
[2026-10-08 01:57:30 UTC] step 474/600 | 34.9 s/step | loss=0.0091, reward=0.875, rewards/execution_reward/mean=0.875, rewards/valid_sql_reward/mean=1, kl=0.01681, entropy=0.08732, frac_reward_zero_std=0.75, completions/mean_length=25.81, grad_norm=0.2189, learning_rate=1.091e-05
[2026-10-08 01:58:10 UTC] step 475/600 | 34.9 s/step | loss=0.0027, reward=1, rewards/execution_reward/mean=1, rewards/valid_sql_reward/mean=1, kl=0.06445, entropy=0.08299, frac_reward_zero_std=1, completions/mean_length=19.75, grad_norm=0.1316, learning_rate=1.082e-05
[2026-10-08 01:58:45 UTC] step 476/600 | 34.9 s/step | loss=-0.0602, reward=0.7375, rewards/execution_reward/mean=0.7375, rewards/valid_sql_reward/mean=0.875, kl=0.05526, entropy=0.1073, frac_reward_zero_std=0.25, completions/mean_length=43.69, grad_norm=0.4257, learning_rate=1.074e-05
[2026-10-08 01:59:22 UTC] step 477/600 | 34.9 s/step | loss=0.002, reward=1, rewards/execution_reward/mean=1, rewards/valid_sql_reward/mean=1, kl=0.05109, entropy=0.1121, frac_reward_zero_std=1, completions/mean_length=34.19, grad_norm=0.03255, learning_rate=1.065e-05
[2026-10-08 01:59:45 UTC] step 478/600 | 34.9 s/step | loss=0.0026, reward=0.9312, rewards/execution_reward/mean=0.9312, rewards/valid_sql_reward/mean=0.9375, kl=0.02059, entropy=0.08616, frac_reward_zero_std=0.75, completions/mean_length=33.69, grad_norm=0.6107, learning_rate=1.057e-05
[2026-10-08 02:00:36 UTC] step 479/600 | 34.9 s/step | loss=0.0018, reward=0.725, rewards/execution_reward/mean=0.725, rewards/valid_sql_reward/mean=0.75, kl=0.03604, entropy=0.1196, frac_reward_zero_std=1, completions/mean_length=50.88, grad_norm=0.02926, learning_rate=1.048e-05
[2026-10-08 02:01:10 UTC] step 480/600 | 34.9 s/step | loss=0.0591, reward=0.75, rewards/execution_reward/mean=0.75, rewards/valid_sql_reward/mean=1, kl=0.03018, entropy=0.1446, frac_reward_zero_std=0.25, completions/mean_length=32.81, grad_norm=0.566, learning_rate=1.04e-05
[2026-10-08 02:01:33 UTC] step 481/600 | 34.9 s/step | loss=0.0017, reward=1, rewards/execution_reward/mean=1, rewards/valid_sql_reward/mean=1, kl=0.05232, entropy=0.1242, frac_reward_zero_std=1, completions/mean_length=24.62, grad_norm=0.05108, learning_rate=1.031e-05
[2026-10-08 02:02:04 UTC] step 482/600 | 34.8 s/step | loss=-0.0197, reward=0.8625, rewards/execution_reward/mean=0.8625, rewards/valid_sql_reward/mean=0.875, kl=0.03176, entropy=0.08218, frac_reward_zero_std=0.75, completions/mean_length=31.19, grad_norm=0.3368, learning_rate=1.022e-05
[2026-10-08 02:02:41 UTC] step 483/600 | 34.9 s/step | loss=0.0224, reward=0.6125, rewards/execution_reward/mean=0.6125, rewards/valid_sql_reward/mean=0.875, kl=0.02003, entropy=0.1261, frac_reward_zero_std=0.5, completions/mean_length=32.56, grad_norm=0.5442, learning_rate=1.014e-05
[2026-10-08 02:03:24 UTC] step 484/600 | 34.9 s/step | loss=0.0006, reward=1, rewards/execution_reward/mean=1, rewards/valid_sql_reward/mean=1, kl=0.01429, entropy=0.09901, frac_reward_zero_std=1, completions/mean_length=26.62, grad_norm=0.01482, learning_rate=1.005e-05
[2026-10-08 02:03:39 UTC] step 485/600 | 34.8 s/step | loss=0.0076, reward=0.8125, rewards/execution_reward/mean=0.8125, rewards/valid_sql_reward/mean=1, kl=0.02933, entropy=0.1203, frac_reward_zero_std=0.75, completions/mean_length=19.5, grad_norm=0.4468, learning_rate=9.966e-06
[2026-10-08 02:04:26 UTC] step 486/600 | 34.9 s/step | loss=-0.0302, reward=0.6812, rewards/execution_reward/mean=0.6812, rewards/valid_sql_reward/mean=0.9375, kl=0.04065, entropy=0.1022, frac_reward_zero_std=0.5, completions/mean_length=30.12, grad_norm=0.3956, learning_rate=9.88e-06
[2026-10-08 02:05:01 UTC] step 487/600 | 34.9 s/step | loss=-0.0313, reward=0.6812, rewards/execution_reward/mean=0.6812, rewards/valid_sql_reward/mean=0.9375, kl=0.01686, entropy=0.1119, frac_reward_zero_std=0.25, completions/mean_length=48.69, grad_norm=0.3412, learning_rate=9.794e-06
[2026-10-08 02:05:43 UTC] step 488/600 | 34.9 s/step | loss=-0.0671, reward=0.9375, rewards/execution_reward/mean=0.9375, rewards/valid_sql_reward/mean=1, kl=0.03758, entropy=0.1443, frac_reward_zero_std=0.75, completions/mean_length=33.19, grad_norm=0.5149, learning_rate=9.708e-06
[2026-10-08 02:06:24 UTC] step 489/600 | 34.9 s/step | loss=0.0011, reward=1, rewards/execution_reward/mean=1, rewards/valid_sql_reward/mean=1, kl=0.03026, entropy=0.1258, frac_reward_zero_std=1, completions/mean_length=28.75, grad_norm=0.02974, learning_rate=9.622e-06
[2026-10-08 02:07:02 UTC] step 490/600 | 34.9 s/step | loss=0.1213, reward=0.5438, rewards/execution_reward/mean=0.5438, rewards/valid_sql_reward/mean=0.8125, kl=0.03904, entropy=0.1605, frac_reward_zero_std=0, completions/mean_length=44.56, grad_norm=0.4413, learning_rate=9.536e-06
[2026-10-08 02:07:44 UTC] step 491/600 | 34.9 s/step | loss=-0.0032, reward=0.875, rewards/execution_reward/mean=0.875, rewards/valid_sql_reward/mean=1, kl=0.01648, entropy=0.1178, frac_reward_zero_std=0.5, completions/mean_length=25, grad_norm=0.3777, learning_rate=9.45e-06
[2026-10-08 02:08:06 UTC] step 492/600 | 34.9 s/step | loss=0.0622, reward=0.8687, rewards/execution_reward/mean=0.8687, rewards/valid_sql_reward/mean=0.9375, kl=0.03123, entropy=0.1552, frac_reward_zero_std=0.75, completions/mean_length=33.88, grad_norm=0.2692, learning_rate=9.364e-06
[2026-10-08 02:08:36 UTC] step 493/600 | 34.9 s/step | loss=-0.0251, reward=0.8125, rewards/execution_reward/mean=0.8125, rewards/valid_sql_reward/mean=1, kl=0.03294, entropy=0.1106, frac_reward_zero_std=0.5, completions/mean_length=34.06, grad_norm=0.5125, learning_rate=9.278e-06
[2026-10-08 02:08:51 UTC] step 494/600 | 34.8 s/step | loss=0.0005, reward=0.725, rewards/execution_reward/mean=0.725, rewards/valid_sql_reward/mean=0.75, kl=0.01339, entropy=0.2137, frac_reward_zero_std=1, completions/mean_length=18.06, grad_norm=0.01775, learning_rate=9.192e-06
[2026-10-08 02:09:28 UTC] step 495/600 | 34.8 s/step | loss=0.0052, reward=0.8062, rewards/execution_reward/mean=0.8062, rewards/valid_sql_reward/mean=0.9375, kl=0.04545, entropy=0.1218, frac_reward_zero_std=0.5, completions/mean_length=28, grad_norm=0.3375, learning_rate=9.107e-06
[2026-10-08 02:09:59 UTC] step 496/600 | 34.8 s/step | loss=0.0026, reward=1, rewards/execution_reward/mean=1, rewards/valid_sql_reward/mean=1, kl=0.06159, entropy=0.1498, frac_reward_zero_std=1, completions/mean_length=21.19, grad_norm=0.04833, learning_rate=9.021e-06
[2026-10-08 02:10:21 UTC] step 497/600 | 34.8 s/step | loss=0.0239, reward=0.8125, rewards/execution_reward/mean=0.8125, rewards/valid_sql_reward/mean=1, kl=0.03103, entropy=0.146, frac_reward_zero_std=0.75, completions/mean_length=33.06, grad_norm=0.3643, learning_rate=8.935e-06
[2026-10-08 02:11:01 UTC] step 498/600 | 34.8 s/step | loss=0.0005, reward=0.725, rewards/execution_reward/mean=0.725, rewards/valid_sql_reward/mean=0.75, kl=0.01258, entropy=0.0944, frac_reward_zero_std=1, completions/mean_length=23.88, grad_norm=0.01211, learning_rate=8.849e-06
[2026-10-08 02:11:35 UTC] step 499/600 | 34.8 s/step | loss=-0.0104, reward=0.7312, rewards/execution_reward/mean=0.7312, rewards/valid_sql_reward/mean=0.8125, kl=0.02399, entropy=0.1053, frac_reward_zero_std=0.5, completions/mean_length=33.06, grad_norm=0.3227, learning_rate=8.763e-06
[2026-10-08 02:12:07 UTC] step 500/600 | 34.8 s/step | loss=0.0006, reward=0.75, rewards/execution_reward/mean=0.75, rewards/valid_sql_reward/mean=1, kl=0.01421, entropy=0.1946, frac_reward_zero_std=1, completions/mean_length=16.06, grad_norm=0.01603, learning_rate=8.677e-06
[2026-10-08 02:12:08 UTC] checkpoint saved: checkpoint-500
[2026-10-08 02:12:25 UTC] step 501/600 | 34.8 s/step | loss=0.1717, reward=0.8125, rewards/execution_reward/mean=0.8125, rewards/valid_sql_reward/mean=1, kl=0.0171, entropy=0.1547, frac_reward_zero_std=0.5, completions/mean_length=23.44, grad_norm=0.65, learning_rate=8.591e-06
[2026-10-08 02:13:01 UTC] step 502/600 | 34.8 s/step | loss=-0.0583, reward=0.6562, rewards/execution_reward/mean=0.6562, rewards/valid_sql_reward/mean=0.6875, kl=0.06797, entropy=0.1499, frac_reward_zero_std=0.75, completions/mean_length=36.25, grad_norm=0.3019, learning_rate=8.505e-06
[2026-10-08 02:13:23 UTC] step 503/600 | 34.7 s/step | loss=-0.0312, reward=0.4313, rewards/execution_reward/mean=0.4313, rewards/valid_sql_reward/mean=0.9375, kl=0.03232, entropy=0.1481, frac_reward_zero_std=0.5, completions/mean_length=33.75, grad_norm=0.4038, learning_rate=8.419e-06
[2026-10-08 02:13:55 UTC] step 504/600 | 34.7 s/step | loss=-0.0218, reward=0.7937, rewards/execution_reward/mean=0.7937, rewards/valid_sql_reward/mean=0.8125, kl=0.05714, entropy=0.1681, frac_reward_zero_std=0.75, completions/mean_length=27.19, grad_norm=0.2773, learning_rate=8.333e-06
[2026-10-08 02:14:21 UTC] step 505/600 | 34.7 s/step | loss=0.0233, reward=0.875, rewards/execution_reward/mean=0.875, rewards/valid_sql_reward/mean=1, kl=0.01913, entropy=0.1619, frac_reward_zero_std=0.75, completions/mean_length=19.25, grad_norm=0.4866, learning_rate=8.247e-06
[2026-10-08 02:14:49 UTC] step 506/600 | 34.7 s/step | loss=0.0361, reward=0.6812, rewards/execution_reward/mean=0.6812, rewards/valid_sql_reward/mean=0.9375, kl=0.01875, entropy=0.1225, frac_reward_zero_std=0.25, completions/mean_length=35.62, grad_norm=0.5447, learning_rate=8.162e-06
[2026-10-08 02:15:31 UTC] step 507/600 | 34.7 s/step | loss=0.0248, reward=0.9375, rewards/execution_reward/mean=0.9375, rewards/valid_sql_reward/mean=1, kl=0.01688, entropy=0.125, frac_reward_zero_std=0.75, completions/mean_length=19.38, grad_norm=0.2573, learning_rate=8.076e-06
[2026-10-08 02:16:07 UTC] step 508/600 | 34.7 s/step | loss=-0.0713, reward=0.5437, rewards/execution_reward/mean=0.5437, rewards/valid_sql_reward/mean=0.8125, kl=0.03386, entropy=0.1368, frac_reward_zero_std=0.5, completions/mean_length=26.19, grad_norm=0.686, learning_rate=7.99e-06
[2026-10-08 02:16:31 UTC] step 509/600 | 34.7 s/step | loss=-0.045, reward=0.875, rewards/execution_reward/mean=0.875, rewards/valid_sql_reward/mean=1, kl=0.07575, entropy=0.1181, frac_reward_zero_std=0.75, completions/mean_length=35.19, grad_norm=0.2289, learning_rate=7.904e-06
[2026-10-08 02:16:48 UTC] step 510/600 | 34.7 s/step | loss=-0.1254, reward=0.8, rewards/execution_reward/mean=0.8, rewards/valid_sql_reward/mean=0.875, kl=0.01445, entropy=0.114, frac_reward_zero_std=0.5, completions/mean_length=26.69, grad_norm=0.4728, learning_rate=7.818e-06
[2026-10-08 02:17:07 UTC] step 511/600 | 34.6 s/step | loss=-0.0535, reward=0.8125, rewards/execution_reward/mean=0.8125, rewards/valid_sql_reward/mean=1, kl=0.02496, entropy=0.1601, frac_reward_zero_std=0.75, completions/mean_length=18.94, grad_norm=0.3501, learning_rate=7.732e-06
[2026-10-08 02:17:42 UTC] step 512/600 | 34.6 s/step | loss=0.0485, reward=0.6, rewards/execution_reward/mean=0.6, rewards/valid_sql_reward/mean=0.75, kl=0.02173, entropy=0.1292, frac_reward_zero_std=0.75, completions/mean_length=34.06, grad_norm=0.2691, learning_rate=7.646e-06
[2026-10-08 02:18:18 UTC] step 513/600 | 34.6 s/step | loss=-0.0185, reward=0.875, rewards/execution_reward/mean=0.875, rewards/valid_sql_reward/mean=1, kl=0.01426, entropy=0.1063, frac_reward_zero_std=0.75, completions/mean_length=42.62, grad_norm=0.1633, learning_rate=7.56e-06
[2026-10-08 02:18:59 UTC] step 514/600 | 34.7 s/step | loss=-0.0695, reward=0.8625, rewards/execution_reward/mean=0.8625, rewards/valid_sql_reward/mean=0.875, kl=0.02527, entropy=0.09317, frac_reward_zero_std=0.75, completions/mean_length=56, grad_norm=0.166, learning_rate=7.474e-06
[2026-10-08 02:19:21 UTC] step 515/600 | 34.6 s/step | loss=0.0506, reward=0.9375, rewards/execution_reward/mean=0.9375, rewards/valid_sql_reward/mean=1, kl=0.02136, entropy=0.1349, frac_reward_zero_std=0.75, completions/mean_length=32.06, grad_norm=0.2257, learning_rate=7.388e-06
[2026-10-08 02:19:42 UTC] step 516/600 | 34.6 s/step | loss=0.0015, reward=1, rewards/execution_reward/mean=1, rewards/valid_sql_reward/mean=1, kl=0.03954, entropy=0.08663, frac_reward_zero_std=1, completions/mean_length=32.31, grad_norm=0.01673, learning_rate=7.302e-06
[2026-10-08 02:20:28 UTC] step 517/600 | 34.6 s/step | loss=0.1028, reward=0.8687, rewards/execution_reward/mean=0.8687, rewards/valid_sql_reward/mean=0.9375, kl=0.02079, entropy=0.1163, frac_reward_zero_std=0.5, completions/mean_length=30.31, grad_norm=0.825, learning_rate=7.216e-06
[2026-10-08 02:20:54 UTC] step 518/600 | 34.6 s/step | loss=0.0828, reward=0.8, rewards/execution_reward/mean=0.8, rewards/valid_sql_reward/mean=0.875, kl=0.02084, entropy=0.167, frac_reward_zero_std=0.5, completions/mean_length=30.38, grad_norm=0.5086, learning_rate=7.131e-06
[2026-10-08 02:21:26 UTC] step 519/600 | 34.6 s/step | loss=0.0006, reward=1, rewards/execution_reward/mean=1, rewards/valid_sql_reward/mean=1, kl=0.01402, entropy=0.1181, frac_reward_zero_std=1, completions/mean_length=23, grad_norm=0.02918, learning_rate=7.045e-06
[2026-10-08 02:22:09 UTC] step 520/600 | 34.6 s/step | loss=0.1056, reward=0.8, rewards/execution_reward/mean=0.8, rewards/valid_sql_reward/mean=0.875, kl=0.03485, entropy=0.1153, frac_reward_zero_std=0.5, completions/mean_length=30.38, grad_norm=0.4225, learning_rate=6.959e-06
[2026-10-08 02:22:56 UTC] step 521/600 | 34.6 s/step | loss=-0.0118, reward=0.6875, rewards/execution_reward/mean=0.6875, rewards/valid_sql_reward/mean=1, kl=0.02069, entropy=0.1144, frac_reward_zero_std=0.5, completions/mean_length=42.44, grad_norm=0.3035, learning_rate=6.873e-06
[2026-10-08 02:23:16 UTC] step 522/600 | 34.6 s/step | loss=0.001, reward=1, rewards/execution_reward/mean=1, rewards/valid_sql_reward/mean=1, kl=0.0252, entropy=0.1876, frac_reward_zero_std=1, completions/mean_length=19.38, grad_norm=0.0226, learning_rate=6.787e-06
[2026-10-08 02:23:38 UTC] step 523/600 | 34.6 s/step | loss=0.0407, reward=0.6625, rewards/execution_reward/mean=0.6625, rewards/valid_sql_reward/mean=0.75, kl=0.01703, entropy=0.1028, frac_reward_zero_std=0.5, completions/mean_length=34.31, grad_norm=0.2919, learning_rate=6.701e-06
[2026-10-08 02:24:20 UTC] step 524/600 | 34.6 s/step | loss=-0.0829, reward=0.2688, rewards/execution_reward/mean=0.2688, rewards/valid_sql_reward/mean=0.5625, kl=0.0601, entropy=0.1182, frac_reward_zero_std=0, completions/mean_length=29.56, grad_norm=0.9061, learning_rate=6.615e-06
[2026-10-08 02:25:08 UTC] step 525/600 | 34.6 s/step | loss=0.2067, reward=0.8125, rewards/execution_reward/mean=0.8125, rewards/valid_sql_reward/mean=1, kl=0.04081, entropy=0.1596, frac_reward_zero_std=0.25, completions/mean_length=26.94, grad_norm=0.7674, learning_rate=6.529e-06
[2026-10-08 02:25:55 UTC] step 526/600 | 34.7 s/step | loss=0.0009, reward=1, rewards/execution_reward/mean=1, rewards/valid_sql_reward/mean=1, kl=0.02184, entropy=0.1167, frac_reward_zero_std=1, completions/mean_length=41.25, grad_norm=0.009432, learning_rate=6.443e-06
[2026-10-08 02:26:37 UTC] step 527/600 | 34.7 s/step | loss=0.0335, reward=0.8125, rewards/execution_reward/mean=0.8125, rewards/valid_sql_reward/mean=1, kl=0.04382, entropy=0.09764, frac_reward_zero_std=0.75, completions/mean_length=34.56, grad_norm=0.3987, learning_rate=6.357e-06
[2026-10-08 02:26:57 UTC] step 528/600 | 34.6 s/step | loss=0.0017, reward=1, rewards/execution_reward/mean=1, rewards/valid_sql_reward/mean=1, kl=0.03919, entropy=0.1081, frac_reward_zero_std=1, completions/mean_length=24.38, grad_norm=0.0345, learning_rate=6.271e-06
[2026-10-08 02:27:46 UTC] step 529/600 | 34.7 s/step | loss=0.0013, reward=1, rewards/execution_reward/mean=1, rewards/valid_sql_reward/mean=1, kl=0.02984, entropy=0.1764, frac_reward_zero_std=1, completions/mean_length=19.62, grad_norm=0.02713, learning_rate=6.186e-06
[2026-10-08 02:28:30 UTC] step 530/600 | 34.7 s/step | loss=0.0794, reward=0.75, rewards/execution_reward/mean=0.75, rewards/valid_sql_reward/mean=1, kl=0.04358, entropy=0.114, frac_reward_zero_std=0.5, completions/mean_length=44.81, grad_norm=0.2311, learning_rate=6.1e-06
[2026-10-08 02:28:50 UTC] step 531/600 | 34.7 s/step | loss=-0.0226, reward=0.8125, rewards/execution_reward/mean=0.8125, rewards/valid_sql_reward/mean=1, kl=0.01428, entropy=0.1229, frac_reward_zero_std=0.75, completions/mean_length=25.62, grad_norm=0.3775, learning_rate=6.014e-06
[2026-10-08 02:29:10 UTC] step 532/600 | 34.6 s/step | loss=0.0012, reward=1, rewards/execution_reward/mean=1, rewards/valid_sql_reward/mean=1, kl=0.02839, entropy=0.09934, frac_reward_zero_std=1, completions/mean_length=49.19, grad_norm=0.008164, learning_rate=5.928e-06
[2026-10-08 02:30:04 UTC] step 533/600 | 34.7 s/step | loss=0.0481, reward=0.8125, rewards/execution_reward/mean=0.8125, rewards/valid_sql_reward/mean=1, kl=0.02842, entropy=0.1034, frac_reward_zero_std=0.5, completions/mean_length=42.06, grad_norm=0.2661, learning_rate=5.842e-06
[2026-10-08 02:30:49 UTC] step 534/600 | 34.7 s/step | loss=-0.1306, reward=0.8125, rewards/execution_reward/mean=0.8125, rewards/valid_sql_reward/mean=1, kl=0.05199, entropy=0.1124, frac_reward_zero_std=0.75, completions/mean_length=22.38, grad_norm=0.3349, learning_rate=5.756e-06
[2026-10-08 02:31:19 UTC] step 535/600 | 34.7 s/step | loss=0.0005, reward=1, rewards/execution_reward/mean=1, rewards/valid_sql_reward/mean=1, kl=0.01097, entropy=0.1163, frac_reward_zero_std=1, completions/mean_length=26.06, grad_norm=0.00847, learning_rate=5.67e-06
[2026-10-08 02:31:51 UTC] step 536/600 | 34.7 s/step | loss=-0.0135, reward=0.75, rewards/execution_reward/mean=0.75, rewards/valid_sql_reward/mean=1, kl=0.01964, entropy=0.1167, frac_reward_zero_std=0.5, completions/mean_length=26.5, grad_norm=0.8855, learning_rate=5.584e-06
[2026-10-08 02:32:25 UTC] step 537/600 | 34.7 s/step | loss=0.0068, reward=0.9312, rewards/execution_reward/mean=0.9312, rewards/valid_sql_reward/mean=0.9375, kl=0.01214, entropy=0.0711, frac_reward_zero_std=0.75, completions/mean_length=39.88, grad_norm=0.2658, learning_rate=5.498e-06
[2026-10-08 02:32:47 UTC] step 538/600 | 34.6 s/step | loss=-0.0037, reward=0.8125, rewards/execution_reward/mean=0.8125, rewards/valid_sql_reward/mean=1, kl=0.01056, entropy=0.09228, frac_reward_zero_std=0.75, completions/mean_length=29.62, grad_norm=0.259, learning_rate=5.412e-06
[2026-10-08 02:33:35 UTC] step 539/600 | 34.7 s/step | loss=0.0066, reward=0.8687, rewards/execution_reward/mean=0.8687, rewards/valid_sql_reward/mean=0.9375, kl=0.01667, entropy=0.08693, frac_reward_zero_std=0.75, completions/mean_length=54.81, grad_norm=0.1158, learning_rate=5.326e-06
[2026-10-08 02:34:00 UTC] step 540/600 | 34.7 s/step | loss=0.0007, reward=1, rewards/execution_reward/mean=1, rewards/valid_sql_reward/mean=1, kl=0.01546, entropy=0.1239, frac_reward_zero_std=1, completions/mean_length=26.62, grad_norm=0.01743, learning_rate=5.241e-06
[2026-10-08 02:34:26 UTC] step 541/600 | 34.6 s/step | loss=0.0015, reward=1, rewards/execution_reward/mean=1, rewards/valid_sql_reward/mean=1, kl=0.0382, entropy=0.09236, frac_reward_zero_std=1, completions/mean_length=30.12, grad_norm=0.03085, learning_rate=5.155e-06
[2026-10-08 02:35:00 UTC] step 542/600 | 34.6 s/step | loss=-0.1052, reward=0.6687, rewards/execution_reward/mean=0.6687, rewards/valid_sql_reward/mean=0.8125, kl=0.01476, entropy=0.1376, frac_reward_zero_std=0.25, completions/mean_length=32.56, grad_norm=0.488, learning_rate=5.069e-06
[2026-10-08 02:35:47 UTC] step 543/600 | 34.7 s/step | loss=0.0965, reward=0.8062, rewards/execution_reward/mean=0.8062, rewards/valid_sql_reward/mean=0.9375, kl=0.09367, entropy=0.08383, frac_reward_zero_std=0.5, completions/mean_length=48.19, grad_norm=0.2066, learning_rate=4.983e-06
[2026-10-08 02:36:27 UTC] step 544/600 | 34.7 s/step | loss=-0.0245, reward=0.9375, rewards/execution_reward/mean=0.9375, rewards/valid_sql_reward/mean=1, kl=0.02436, entropy=0.1321, frac_reward_zero_std=0.75, completions/mean_length=18.38, grad_norm=0.2399, learning_rate=4.897e-06
[2026-10-08 02:37:09 UTC] step 545/600 | 34.7 s/step | loss=0.116, reward=0.4187, rewards/execution_reward/mean=0.4187, rewards/valid_sql_reward/mean=0.8125, kl=0.02661, entropy=0.1045, frac_reward_zero_std=0.25, completions/mean_length=51.75, grad_norm=0.5982, learning_rate=4.811e-06
[2026-10-08 02:37:31 UTC] step 546/600 | 34.7 s/step | loss=-0.0021, reward=0.7375, rewards/execution_reward/mean=0.7375, rewards/valid_sql_reward/mean=0.875, kl=0.1037, entropy=0.127, frac_reward_zero_std=0.75, completions/mean_length=31.69, grad_norm=0.2039, learning_rate=4.725e-06
[2026-10-08 02:38:15 UTC] step 547/600 | 34.7 s/step | loss=-0.018, reward=0.8625, rewards/execution_reward/mean=0.8625, rewards/valid_sql_reward/mean=0.875, kl=0.04565, entropy=0.1309, frac_reward_zero_std=0.75, completions/mean_length=29.75, grad_norm=0.3105, learning_rate=4.639e-06
[2026-10-08 02:38:53 UTC] step 548/600 | 34.7 s/step | loss=0.0352, reward=0.7375, rewards/execution_reward/mean=0.7375, rewards/valid_sql_reward/mean=0.875, kl=0.0245, entropy=0.1069, frac_reward_zero_std=0.25, completions/mean_length=35.31, grad_norm=0.62, learning_rate=4.553e-06
[2026-10-08 02:39:39 UTC] step 549/600 | 34.7 s/step | loss=0.001, reward=1, rewards/execution_reward/mean=1, rewards/valid_sql_reward/mean=1, kl=0.02405, entropy=0.1058, frac_reward_zero_std=1, completions/mean_length=25.75, grad_norm=0.02069, learning_rate=4.467e-06
[2026-10-08 02:40:24 UTC] step 550/600 | 34.7 s/step | loss=0.0049, reward=0.7437, rewards/execution_reward/mean=0.7437, rewards/valid_sql_reward/mean=0.9375, kl=0.0411, entropy=0.1314, frac_reward_zero_std=0.5, completions/mean_length=19.19, grad_norm=0.4184, learning_rate=4.381e-06
[2026-10-08 02:41:08 UTC] step 551/600 | 34.7 s/step | loss=0.1909, reward=0.9375, rewards/execution_reward/mean=0.9375, rewards/valid_sql_reward/mean=1, kl=0.08646, entropy=0.09669, frac_reward_zero_std=0.75, completions/mean_length=21.69, grad_norm=0.6684, learning_rate=4.296e-06
[2026-10-08 02:41:38 UTC] step 552/600 | 34.7 s/step | loss=-0.0041, reward=0.8125, rewards/execution_reward/mean=0.8125, rewards/valid_sql_reward/mean=1, kl=0.0138, entropy=0.09268, frac_reward_zero_std=0.75, completions/mean_length=33.31, grad_norm=0.1904, learning_rate=4.21e-06
[2026-10-08 02:42:11 UTC] step 553/600 | 34.7 s/step | loss=-0.0549, reward=0.8062, rewards/execution_reward/mean=0.8062, rewards/valid_sql_reward/mean=0.9375, kl=0.04352, entropy=0.09841, frac_reward_zero_std=0.75, completions/mean_length=35.94, grad_norm=0.2127, learning_rate=4.124e-06
[2026-10-08 02:42:56 UTC] step 554/600 | 34.7 s/step | loss=-0.0732, reward=0.5437, rewards/execution_reward/mean=0.5437, rewards/valid_sql_reward/mean=0.8125, kl=0.0356, entropy=0.1193, frac_reward_zero_std=0.25, completions/mean_length=40.25, grad_norm=0.4416, learning_rate=4.038e-06
[2026-10-08 02:43:39 UTC] step 555/600 | 34.8 s/step | loss=-0.0096, reward=0.8125, rewards/execution_reward/mean=0.8125, rewards/valid_sql_reward/mean=1, kl=0.01991, entropy=0.1384, frac_reward_zero_std=0.75, completions/mean_length=27, grad_norm=0.3549, learning_rate=3.952e-06
[2026-10-08 02:44:11 UTC] step 556/600 | 34.8 s/step | loss=0.0015, reward=0.6875, rewards/execution_reward/mean=0.6875, rewards/valid_sql_reward/mean=1, kl=0.03721, entropy=0.1117, frac_reward_zero_std=0.75, completions/mean_length=30.56, grad_norm=0.2251, learning_rate=3.866e-06
[2026-10-08 02:44:29 UTC] step 557/600 | 34.7 s/step | loss=0.0005, reward=0.9375, rewards/execution_reward/mean=0.9375, rewards/valid_sql_reward/mean=1, kl=0.01215, entropy=0.08685, frac_reward_zero_std=0.75, completions/mean_length=20.69, grad_norm=0.3803, learning_rate=3.78e-06
[2026-10-08 02:44:46 UTC] step 558/600 | 34.7 s/step | loss=0.0174, reward=0.8125, rewards/execution_reward/mean=0.8125, rewards/valid_sql_reward/mean=1, kl=0.04704, entropy=0.08874, frac_reward_zero_std=0.75, completions/mean_length=34.12, grad_norm=0.2408, learning_rate=3.694e-06
[2026-10-08 02:45:16 UTC] step 559/600 | 34.7 s/step | loss=0.005, reward=0.5375, rewards/execution_reward/mean=0.5375, rewards/valid_sql_reward/mean=0.75, kl=0.02901, entropy=0.1246, frac_reward_zero_std=0.5, completions/mean_length=31.25, grad_norm=0.3243, learning_rate=3.608e-06
[2026-10-08 02:45:37 UTC] step 560/600 | 34.7 s/step | loss=-0.1106, reward=0.9375, rewards/execution_reward/mean=0.9375, rewards/valid_sql_reward/mean=1, kl=0.02559, entropy=0.09538, frac_reward_zero_std=0.75, completions/mean_length=36.69, grad_norm=0.2886, learning_rate=3.522e-06
[2026-10-08 02:46:19 UTC] step 561/600 | 34.7 s/step | loss=-0.014, reward=0.9375, rewards/execution_reward/mean=0.9375, rewards/valid_sql_reward/mean=1, kl=0.03542, entropy=0.1123, frac_reward_zero_std=0.75, completions/mean_length=43.06, grad_norm=0.2322, learning_rate=3.436e-06
[2026-10-08 02:46:55 UTC] step 562/600 | 34.7 s/step | loss=-0.0246, reward=0.8125, rewards/execution_reward/mean=0.8125, rewards/valid_sql_reward/mean=1, kl=0.0136, entropy=0.1277, frac_reward_zero_std=0.75, completions/mean_length=27.31, grad_norm=0.2724, learning_rate=3.351e-06
[2026-10-08 02:47:15 UTC] step 563/600 | 34.7 s/step | loss=0.0014, reward=1, rewards/execution_reward/mean=1, rewards/valid_sql_reward/mean=1, kl=0.03628, entropy=0.1133, frac_reward_zero_std=1, completions/mean_length=31.12, grad_norm=0.0366, learning_rate=3.265e-06
[2026-10-08 02:47:59 UTC] step 564/600 | 34.7 s/step | loss=-0.0059, reward=0.8687, rewards/execution_reward/mean=0.8687, rewards/valid_sql_reward/mean=0.9375, kl=0.06265, entropy=0.1562, frac_reward_zero_std=0.5, completions/mean_length=25.5, grad_norm=0.2785, learning_rate=3.179e-06
[2026-10-08 02:48:34 UTC] step 565/600 | 34.7 s/step | loss=-0.1356, reward=0.8125, rewards/execution_reward/mean=0.8125, rewards/valid_sql_reward/mean=1, kl=0.02746, entropy=0.1348, frac_reward_zero_std=0.75, completions/mean_length=21.94, grad_norm=0.528, learning_rate=3.093e-06
[2026-10-08 02:48:56 UTC] step 566/600 | 34.6 s/step | loss=0.0405, reward=0.9375, rewards/execution_reward/mean=0.9375, rewards/valid_sql_reward/mean=1, kl=0.01873, entropy=0.09498, frac_reward_zero_std=0.75, completions/mean_length=30.75, grad_norm=0.3029, learning_rate=3.007e-06
[2026-10-08 02:49:18 UTC] step 567/600 | 34.6 s/step | loss=-0.037, reward=0.9375, rewards/execution_reward/mean=0.9375, rewards/valid_sql_reward/mean=1, kl=0.03176, entropy=0.1408, frac_reward_zero_std=0.75, completions/mean_length=27.81, grad_norm=0.2076, learning_rate=2.921e-06
[2026-10-08 02:50:05 UTC] step 568/600 | 34.6 s/step | loss=0.0454, reward=0.6812, rewards/execution_reward/mean=0.6812, rewards/valid_sql_reward/mean=0.9375, kl=0.06389, entropy=0.1143, frac_reward_zero_std=0.75, completions/mean_length=31.5, grad_norm=0.4747, learning_rate=2.835e-06
[2026-10-08 02:50:45 UTC] step 569/600 | 34.7 s/step | loss=0.0026, reward=1, rewards/execution_reward/mean=1, rewards/valid_sql_reward/mean=1, kl=0.06126, entropy=0.1717, frac_reward_zero_std=1, completions/mean_length=24.81, grad_norm=0.05085, learning_rate=2.749e-06
[2026-10-08 02:51:21 UTC] step 570/600 | 34.7 s/step | loss=0.0349, reward=0.875, rewards/execution_reward/mean=0.875, rewards/valid_sql_reward/mean=1, kl=0.03357, entropy=0.1455, frac_reward_zero_std=0.5, completions/mean_length=33.56, grad_norm=0.4728, learning_rate=2.663e-06
[2026-10-08 02:51:55 UTC] step 571/600 | 34.7 s/step | loss=-0.0094, reward=0.725, rewards/execution_reward/mean=0.725, rewards/valid_sql_reward/mean=0.75, kl=0.02101, entropy=0.1369, frac_reward_zero_std=0.5, completions/mean_length=24.38, grad_norm=0.4569, learning_rate=2.577e-06
[2026-10-08 02:52:37 UTC] step 572/600 | 34.7 s/step | loss=0.0018, reward=0.75, rewards/execution_reward/mean=0.75, rewards/valid_sql_reward/mean=1, kl=0.03783, entropy=0.1547, frac_reward_zero_std=1, completions/mean_length=36.12, grad_norm=0.03076, learning_rate=2.491e-06
[2026-10-08 02:53:05 UTC] step 573/600 | 34.7 s/step | loss=0.001, reward=0.8125, rewards/execution_reward/mean=0.8125, rewards/valid_sql_reward/mean=1, kl=0.02392, entropy=0.1244, frac_reward_zero_std=0.75, completions/mean_length=21.38, grad_norm=0.2299, learning_rate=2.405e-06
[2026-10-08 02:53:29 UTC] step 574/600 | 34.6 s/step | loss=0.0009, reward=1, rewards/execution_reward/mean=1, rewards/valid_sql_reward/mean=1, kl=0.02337, entropy=0.09358, frac_reward_zero_std=1, completions/mean_length=40, grad_norm=0.01427, learning_rate=2.32e-06
[2026-10-08 02:54:19 UTC] step 575/600 | 34.7 s/step | loss=0.0855, reward=0.7437, rewards/execution_reward/mean=0.7437, rewards/valid_sql_reward/mean=0.9375, kl=0.01204, entropy=0.1163, frac_reward_zero_std=0.5, completions/mean_length=30.12, grad_norm=0.6886, learning_rate=2.234e-06
[2026-10-08 02:54:54 UTC] step 576/600 | 34.7 s/step | loss=0.0012, reward=0.75, rewards/execution_reward/mean=0.75, rewards/valid_sql_reward/mean=1, kl=0.02843, entropy=0.135, frac_reward_zero_std=1, completions/mean_length=25.38, grad_norm=0.02283, learning_rate=2.148e-06
[2026-10-08 02:55:37 UTC] step 577/600 | 34.7 s/step | loss=0.2414, reward=0.8125, rewards/execution_reward/mean=0.8125, rewards/valid_sql_reward/mean=1, kl=0.0312, entropy=0.1197, frac_reward_zero_std=0.25, completions/mean_length=17.31, grad_norm=1.062, learning_rate=2.062e-06
[2026-10-08 02:56:01 UTC] step 578/600 | 34.7 s/step | loss=0.003, reward=0.7375, rewards/execution_reward/mean=0.7375, rewards/valid_sql_reward/mean=0.875, kl=0.04373, entropy=0.1368, frac_reward_zero_std=0.5, completions/mean_length=43.12, grad_norm=0.3354, learning_rate=1.976e-06
[2026-10-08 02:56:42 UTC] step 579/600 | 34.7 s/step | loss=0.0018, reward=1, rewards/execution_reward/mean=1, rewards/valid_sql_reward/mean=1, kl=0.04096, entropy=0.1119, frac_reward_zero_std=1, completions/mean_length=36.06, grad_norm=0.02807, learning_rate=1.89e-06
[2026-10-08 02:57:25 UTC] step 580/600 | 34.7 s/step | loss=-0.0396, reward=0.8687, rewards/execution_reward/mean=0.8687, rewards/valid_sql_reward/mean=0.9375, kl=0.0354, entropy=0.1058, frac_reward_zero_std=0.5, completions/mean_length=37.31, grad_norm=0.5044, learning_rate=1.804e-06
[2026-10-08 02:57:59 UTC] step 581/600 | 34.7 s/step | loss=0.001, reward=1, rewards/execution_reward/mean=1, rewards/valid_sql_reward/mean=1, kl=0.02666, entropy=0.1411, frac_reward_zero_std=1, completions/mean_length=33.62, grad_norm=0.02279, learning_rate=1.718e-06
[2026-10-08 02:58:17 UTC] step 582/600 | 34.7 s/step | loss=-0.004, reward=0.9375, rewards/execution_reward/mean=0.9375, rewards/valid_sql_reward/mean=1, kl=0.02595, entropy=0.1168, frac_reward_zero_std=0.75, completions/mean_length=24.62, grad_norm=0.7424, learning_rate=1.632e-06
[2026-10-08 02:58:52 UTC] step 583/600 | 34.7 s/step | loss=-0.0051, reward=0.8625, rewards/execution_reward/mean=0.8625, rewards/valid_sql_reward/mean=0.875, kl=0.03386, entropy=0.09719, frac_reward_zero_std=0.5, completions/mean_length=39.44, grad_norm=0.3944, learning_rate=1.546e-06
[2026-10-08 02:59:39 UTC] step 584/600 | 34.7 s/step | loss=0.008, reward=0.9312, rewards/execution_reward/mean=0.9312, rewards/valid_sql_reward/mean=0.9375, kl=0.01016, entropy=0.1002, frac_reward_zero_std=0.75, completions/mean_length=36.94, grad_norm=0.3803, learning_rate=1.46e-06
[2026-10-08 02:59:58 UTC] step 585/600 | 34.7 s/step | loss=0.1069, reward=0.4313, rewards/execution_reward/mean=0.4313, rewards/valid_sql_reward/mean=0.9375, kl=0.02719, entropy=0.1768, frac_reward_zero_std=0.25, completions/mean_length=23.38, grad_norm=0.6221, learning_rate=1.375e-06
[2026-10-08 03:00:16 UTC] step 586/600 | 34.6 s/step | loss=0.0258, reward=0.9375, rewards/execution_reward/mean=0.9375, rewards/valid_sql_reward/mean=1, kl=0.02255, entropy=0.129, frac_reward_zero_std=0.75, completions/mean_length=22.56, grad_norm=0.3822, learning_rate=1.289e-06
[2026-10-08 03:00:41 UTC] step 587/600 | 34.6 s/step | loss=-0.0037, reward=0.875, rewards/execution_reward/mean=0.875, rewards/valid_sql_reward/mean=1, kl=0.04029, entropy=0.1198, frac_reward_zero_std=0.75, completions/mean_length=31.56, grad_norm=0.2118, learning_rate=1.203e-06
[2026-10-08 03:01:13 UTC] step 588/600 | 34.6 s/step | loss=0.0692, reward=0.6812, rewards/execution_reward/mean=0.6812, rewards/valid_sql_reward/mean=0.9375, kl=0.04279, entropy=0.1678, frac_reward_zero_std=0.75, completions/mean_length=33.31, grad_norm=0.2028, learning_rate=1.117e-06
[2026-10-08 03:01:49 UTC] step 589/600 | 34.6 s/step | loss=0.0317, reward=0.525, rewards/execution_reward/mean=0.525, rewards/valid_sql_reward/mean=0.625, kl=0.02228, entropy=0.1446, frac_reward_zero_std=0.75, completions/mean_length=29.25, grad_norm=0.228, learning_rate=1.031e-06
[2026-10-08 03:02:35 UTC] step 590/600 | 34.6 s/step | loss=-0.0488, reward=0.5, rewards/execution_reward/mean=0.5, rewards/valid_sql_reward/mean=1, kl=0.01904, entropy=0.07487, frac_reward_zero_std=0.5, completions/mean_length=44.75, grad_norm=0.3433, learning_rate=9.45e-07
[2026-10-08 03:03:21 UTC] step 591/600 | 34.6 s/step | loss=0.0768, reward=0.5562, rewards/execution_reward/mean=0.5562, rewards/valid_sql_reward/mean=0.9375, kl=0.0182, entropy=0.1002, frac_reward_zero_std=0.5, completions/mean_length=44.62, grad_norm=0.3405, learning_rate=8.591e-07
[2026-10-08 03:04:10 UTC] step 592/600 | 34.7 s/step | loss=0.0459, reward=0.8687, rewards/execution_reward/mean=0.8687, rewards/valid_sql_reward/mean=0.9375, kl=0.08679, entropy=0.1062, frac_reward_zero_std=0.75, completions/mean_length=33.62, grad_norm=0.358, learning_rate=7.732e-07
[2026-10-08 03:04:45 UTC] step 593/600 | 34.7 s/step | loss=0.0013, reward=1, rewards/execution_reward/mean=1, rewards/valid_sql_reward/mean=1, kl=0.0336, entropy=0.1388, frac_reward_zero_std=1, completions/mean_length=28.12, grad_norm=0.02504, learning_rate=6.873e-07
[2026-10-08 03:05:27 UTC] step 594/600 | 34.7 s/step | loss=-0.0392, reward=0.6625, rewards/execution_reward/mean=0.6625, rewards/valid_sql_reward/mean=0.75, kl=0.05086, entropy=0.1374, frac_reward_zero_std=0.75, completions/mean_length=31.81, grad_norm=0.2407, learning_rate=6.014e-07
[2026-10-08 03:05:50 UTC] step 595/600 | 34.7 s/step | loss=0.026, reward=0.875, rewards/execution_reward/mean=0.875, rewards/valid_sql_reward/mean=1, kl=0.04739, entropy=0.1387, frac_reward_zero_std=0.5, completions/mean_length=26.06, grad_norm=0.4536, learning_rate=5.155e-07
[2026-10-08 03:06:29 UTC] step 596/600 | 34.7 s/step | loss=0.0307, reward=0.9375, rewards/execution_reward/mean=0.9375, rewards/valid_sql_reward/mean=1, kl=0.06276, entropy=0.1725, frac_reward_zero_std=0.75, completions/mean_length=23.62, grad_norm=0.7633, learning_rate=4.296e-07
[2026-10-08 03:07:12 UTC] step 597/600 | 34.7 s/step | loss=0.0035, reward=0.6625, rewards/execution_reward/mean=0.6625, rewards/valid_sql_reward/mean=0.75, kl=0.06836, entropy=0.1383, frac_reward_zero_std=0, completions/mean_length=38, grad_norm=0.5829, learning_rate=3.436e-07
[2026-10-08 03:07:48 UTC] step 598/600 | 34.7 s/step | loss=0.0015, reward=0.75, rewards/execution_reward/mean=0.75, rewards/valid_sql_reward/mean=1, kl=0.03916, entropy=0.1085, frac_reward_zero_std=1, completions/mean_length=32.12, grad_norm=0.019, learning_rate=2.577e-07
[2026-10-08 03:08:29 UTC] step 599/600 | 34.7 s/step | loss=0.0009, reward=1, rewards/execution_reward/mean=1, rewards/valid_sql_reward/mean=1, kl=0.02153, entropy=0.1195, frac_reward_zero_std=1, completions/mean_length=28.69, grad_norm=0.03603, learning_rate=1.718e-07
[2026-10-08 03:09:16 UTC] step 600/600 | 34.7 s/step | loss=0.0012, reward=0.75, rewards/execution_reward/mean=0.75, rewards/valid_sql_reward/mean=1, kl=0.02837, entropy=0.1213, frac_reward_zero_std=1, completions/mean_length=26.81, grad_norm=0.03718, learning_rate=8.591e-08
[2026-10-08 03:09:17 UTC] checkpoint saved: checkpoint-600
[2026-10-08 03:09:17 UTC] step 600/600 | 34.7 s/step | 
[2026-10-08 03:09:17 UTC] training ended at step 600
[2026-10-08 03:09:18 UTC] FINISHED after 5h 47m 25s
